source_ad_number,source_file_instance_id,target_ad_candidate,target_base_ad_number,relationship,evidence,manually_verified
2007-0023,6d1a84db46ccf4e5,2006-0204,2006-0204,supersedes_candidate,Supersedure: This AD supersedes and cancels EASA AD 2006-0204. | This AD supersedes and cancels EASA AD 2006-0204,False
2007-0094R1,d2634930615937f3,2006-0200,2006-0200,supersedes_candidate,"EASA AD 2006-0200 is superseded by this AD | Supersedure: This AD revises EASA AD 2007-0094, which superseded EASA AD 2006-0200.",False
2007-0095R1,f0bda9003de88c1b,2006-0201,2006-0201,supersedes_candidate,"Supersedure: This AD revises EASA AD 2007-0095, which superseded EASA AD 2006-0201.",False
2007-0096R1,ed2fd67f72804773,2006-0202,2006-0202,supersedes_candidate,"Supersedure: This AD revises EASA AD 2007-0096, which superseded EASA AD 2006-0202.",False
2007-0124,fc8bdeb8367b8e32,2006-0377-E,2006-0377,supersedes_candidate,This new AD supersedes the EAD 2006-0377-E and mandates a one time inspection to check the correct tightening torque of the tab nut and bushing assembly as terminating action to the dispatch restriction,False
2007-0133,61d5edfb8933c6ed,2006-0129,2006-0129,supersedes_candidate,"EASA AD 2006-0129, mandating revision 00 of A330 ALS Part 1, is therefore superseded by this AD | EASA AD 2006-0130, mandating revision 00 of A340 ALS Part 1, is therefore superseded by this AD | EASA Emergency AD 2006-0324-E, which is superseded by this AD",False
2007-0133,61d5edfb8933c6ed,2006-0130,2006-0130,supersedes_candidate,"EASA AD 2006-0129, mandating revision 00 of A330 ALS Part 1, is therefore superseded by this AD | EASA AD 2006-0130, mandating revision 00 of A340 ALS Part 1, is therefore superseded by this AD | EASA Emergency AD 2006-0324-E, which is superseded by this AD",False
2007-0133,61d5edfb8933c6ed,2006-0324-E,2006-0324,supersedes_candidate,"EASA AD 2006-0129, mandating revision 00 of A330 ALS Part 1, is therefore superseded by this AD | EASA AD 2006-0130, mandating revision 00 of A340 ALS Part 1, is therefore superseded by this AD | EASA Emergency AD 2006-0324-E, which is superseded by this AD",False
2007-0173,3ce5544043070665,2007-0149,2007-0149,supersedes_candidate,Supersedure: This AD supersedes EASA AD 2007-0149. | This AD supersedes EASA AD 2007-0149 | This new AD cancels and replaces AD 2007-0149 in order to extend the applicability to A300-600 aircraft models A300F4-622R and A300C4-605R/F,False
2007-0195,75ce3c799a081964,2006-0335-E,2006-0335,supersedes_candidate,"Supersedure: This AD supersedes EASA Emergency AD 2006-0335-E | This AD supersedes EASA Emergency AD 2006-0335-E ATA 57 Wings - Main Landing Gear (MLG) Attachment - Inspection Manufacturer(s): AIRBUS (formerly AIRBUS INDUSTRIE) Applicability: AIRBUS aircraft A310, all certified models, all serial numbers except for those where LH and RH wing MLG rib 5 forward lugs have been repaired by installation of oversized interference fit bushes as per Repair drawing R57249121, or which have had AIRBUS Service Bulletin (SB) A310-57-2090 (AIRBUS modification n°13329) embodied in-service | this AD, which cancels and replaces the requirement of EAD 2006-0335-E",False
2007-0213,d78b23728139cabf,2006-0069R1,2006-0069,supersedes_candidate,"Supersedure: This AD supersedes EASA AD 2006-0069R1 | The present AD supersedes AD 2006-0069R1 and mandates a repetitive inspection program of the MLG rib 5 fitting forward lugs and requires a modification that is terminating action for the repetitive inspection requirements of this directive | This AD supersedes EASA AD 2006-0069R1 Wings – Outer Wing Main Landing Gear Support Rib 5 Fitting – ATA 57 Inspection / Modification Manufacturer(s): AIRBUS (formerly AIRBUS INDUSTRIE) Applicability: AIRBUS A318, A319, A320 and A321 aircraft, all certified models, all serial numbers (MSN) except aircraft that have received AIRBUS modification 32025 in production or AIRBUS Service Bulletin (SB) A320-57-1118 in service",False
2007-0215,c0a798651d6b6765,2006-0259-E,2006-0259,supersedes_candidate,"Supersedure: This AD supersedes EASA EAD 2006-0259-E which superseded EASA EAD 2006- 0212-E | This AD supersedes EASA EAD 2006-0259-E which superseded EASA EAD 2006- 0212-E Engine – Icing Conditions during Descent – Operational ATA 72 Procedure and Dispatch Restriction / Modification Manufacturer: AIRBUS (formerly AIRBUS INDUSTRIE) Applicability: AIRBUS A330-201, -202, -203, -301, -302 and -303 aircraft, all serial numbers except those on which AIRBUS modification 56554 has been embodied in production or Airbus SB A330-73-3048 has been embodied in service",False
2007-0266,1c5c1a0172e31787,2006-0066,2006-0066,supersedes_candidate,Supersedure: This AD supersedes EASA AD 2006-0066 dated 24 March 2006. | This AD supersedes EASA AD 2006-0066 dated 24 March 2006,False
2007-0278,0b6a17dbe6f95907,2006-0322,2006-0322,supersedes_candidate,This new AD supersedes EASA AD 2006-0322 taking over its requirements and : - mandates SB A330-28-3082 Revision 04 which introduces an additional work for some bonding points which were omitted from the center tank at original issue (action n°2); - mandates SB A340-28-4097 Revision 03 which introduces an additional work by addition of electrical bondings omitted from previous revisions (action n°2); - introduces an extension of the required compliance time to perform action n°4 for those aircraft already compliant wit,False
2007-0281,463f0c6c76caa662,2006-0047,2006-0047,supersedes_candidate,"Supersedure: This AD supersedes EASA AD 2006-0047 | This AD supersedes EASA AD 2006-0047 Equipment / Furnishings – Cockpit Instrument Panel - Inspection / ATA 25 Replacement / Modification Manufacturer(s): AIRBUS (formerly AIRBUS INDUSTRIE) Applicability: AIRBUS aircraft A330, all certified models, all serial numbers, except those on which AIRBUS modification 53446 has been embodied in production or AIRBUS Service Bulletin (SB) A330-25-3249 Revision 01 has been embodied in service | this new AD supersedes the AD 2006-0047 and mandates the SB A330-25-3249 at revision 01 which introduces correct torques values for the fasteners of the new bracket",False
2007-0282,e684863e2b99bfc0,2006-0045,2006-0045,supersedes_candidate,"Supersedure: This AD supersedes EASA AD 2006-0045 | This AD supersedes EASA AD 2006-0045 Equipment / Furnishings – Cockpit Instrument Panel - Inspection / ATA 25 Replacement / Modification Manufacturer(s): AIRBUS (formerly AIRBUS INDUSTRIE) Applicability: AIRBUS aircraft A340-200 and A340-300 series, all certified models, all serial numbers, except those on which AIRBUS modification 53446 has been embodied in production or AIRBUS Service Bulletin (SB) A340-25-4245 Revision 01 has been embodied in service | this new AD supersedes the AD 2006-0045 and mandates the SB A340-25-4245 at revision 01 which introduces correct torques values for the fasteners of the new bracket",False
2007-0283,a65eb8de30c55000,2007-0233,2007-0233,supersedes_candidate,Supersedure: This Airworthiness Directive (AD) supersedes EASA AD 2007-0233 dated 27 August 2007. | This Airworthiness Directive (AD) supersedes EASA AD 2007-0233 dated 27 August 2007,False
2007-0297R1,a1a7d53204a19892,2007-0157,2007-0157,supersedes_candidate,"EASA AD 2007-0297 superseded EASA AD 2007-0157, retaining for A310 aircraft the requirements of EASA AD 2007-0157 and requiring the application of Airbus Service Bulletin (SB) A300-53-6005 Revision 4 on Airbus A300-600 aircraft, reducing the inspection interval from 12 000 FC to 9 000 FC",False
2008-0002,1feafeb85a05b09a,2006-0107,2006-0107,supersedes_candidate,the present AD supersedes EASA AD 2006-0107 and mandates the installation of a bolted shroud box bottom panel instead of blind riveted metallic design,False
2008-0017R1,3c5d39bc7ec79a90,2007-0188R1,2007-0188,supersedes_candidate,"AD 2008-0017 superseded the AD 2007-0188R1 and required the following additional actions: - a visual inspection of the APU Generator seal plate fitting, - an additional inspection for A330 aircraft under MMEL item 36-11-01 or 24-22-01 before the first flight following the MMEL item rectification, - an additional inspection at each time a (new or serviceable) APU Generator or APU is installed on aircraft",False
2008-0023,ae9d47a3330c62cd,2006-0307,2006-0307,supersedes_candidate,"This AD supersedes EASA AD 2006-0307, which mandated AIRBUS A330 ALI issue 14 referenced AI/SE-M4/95A",False
2008-0026,52417979974c4833,2007-0222R1,2007-0222,supersedes_candidate,Supersedure: This AD supersedes EASA EAD 2007-0222R1-E dated 24 September 2007. | The present AD supersedes the EAD 2007-0222R1-E and mandates repetitive inspections every 6 years for all the fleet | This AD supersedes EASA EAD 2007-0222R1-E dated 24 September 2007,False
2008-0032,df82056763d4556f,2006-0108,2006-0108,supersedes_candidate,This AD supersedes AD 2006-0108,False
2008-0093,63c205608463b7e9,2007-0314R1,2007-0314,supersedes_candidate,Supersedure: This AD supersedes EASA AD 2007-0314R1 dated 31 January 2008. | The present AD which supersedes the AD 2007-0314R1 : - takes over the AD 2007-0314R1 requirements and - reduces the inspection threshold from 6 to 4 | This AD supersedes EASA AD 2007-0314R1 dated 31 January 2008,False
2008-0138,8d998bd85a76d99d,2006-0224,2006-0224,supersedes_candidate,"EASA AD 2006-0224, mandating compliance with the requirements of the A330 CMR Document at issue 19, is therefore superseded by this AD",False
2008-0150,5037779904395fb4,2006-0223,2006-0223,supersedes_candidate,"Supersedure: This AD supersedes EASA AD 2006-0223 dated 21 July 2006 and EASA AD 2007-0178 dated 22 June 2007 | This AD supersedes EASA AD 2006-0223 dated 21 July 2006 and EASA AD 2007-0178 dated 22 June 2007 Flight Controls – Trimmable Horizontal Stabilizer Actuator (THSA) – ATA 27 Inspection Manufacturer(s): AIRBUS (formerly AIRBUS INDUSTRIE) AIRBUS A318-111, A318-112, A318-121, A318-122, A319-111, A319-112, A319-113, A319-114, A319-115, A319-131, A319-132, A319-133, A320-111, Applicability: A320-211, A320-212, A320-214, A320-215, A320-216, A320-231, A320-232, A320-233, A321-111, A321-112, A321-131, A321-211, A321-212, A3 | This new EASA AD retains the requirements of AD 2006-0223 and 2007-0178, which are superseded",False
2008-0150,5037779904395fb4,2007-0178,2007-0178,supersedes_candidate,"Supersedure: This AD supersedes EASA AD 2006-0223 dated 21 July 2006 and EASA AD 2007-0178 dated 22 June 2007 | This AD supersedes EASA AD 2006-0223 dated 21 July 2006 and EASA AD 2007-0178 dated 22 June 2007 Flight Controls – Trimmable Horizontal Stabilizer Actuator (THSA) – ATA 27 Inspection Manufacturer(s): AIRBUS (formerly AIRBUS INDUSTRIE) AIRBUS A318-111, A318-112, A318-121, A318-122, A319-111, A319-112, A319-113, A319-114, A319-115, A319-131, A319-132, A319-133, A320-111, Applicability: A320-211, A320-212, A320-214, A320-215, A320-216, A320-231, A320-232, A320-233, A321-111, A321-112, A321-131, A321-211, A321-212, A3 | This new EASA AD retains the requirements of AD 2006-0223 and 2007-0178, which are superseded",False
2008-0152,1dd9e3081a68133f,2007-0133,2007-0133,supersedes_candidate,"Supersedure: This AD supersedes EASA AD 2007-0133 dated 11 May 2007. | This AD supersedes EASA AD 2007-0133 dated 11 May 2007 | this new AD retains the requirements of EASA AD 2007-0133, which is superseded",False
2008-0161R1,ebd9403bb1351bd5,2008-0154,2008-0154,supersedes_candidate,"this EASA AD retains the requirements of EASA AD 2008-0154, which is superseded",False
2008-0173R1,2cbbe51832b8072d,2008-0017R1,2008-0017,supersedes_candidate,"Supersedure: This AD revises EASA AD 2008-0173 dated 15 September 2008, which superseded EASA AD 2008-0017R1 dated 17 June 2008.",False
2008-0188,3d90bcaccd3a63c6,2007-0066,2007-0066,supersedes_candidate,"Supersedure: This AD supersedes EASA AD 2007-0066 dated 27 March 2007 | This AD supersedes EASA AD 2007-0066 dated 27 March 2007 Electrical Power – Fuel Pump Wiring – Modification ATA 24 [Prevention against Fuel Tank Explosion Risks] Manufacturer(s): AIRBUS (formerly AIRBUS INDUSTRIE) AIRBUS A300B2-1C, A300B2-203, A300B2K-3C, A300B4-103, A300B4-120, Applicability: A300B4-203, A300B4-2C, A300C4-203 and A300F4-203 aircraft, all serial numbers | this new AD retains the requirements of EASA AD 2007-0066, which is superseded",False
2008-0212,88d33a9f5ac181ab,2007-0238R1,2007-0238,supersedes_candidate,"Supersedure: This AD supersedes EASA AD 2007-0238R1 dated 26 March 2008 | This AD supersedes EASA AD 2007-0238R1 dated 26 March 2008 Fuselage – Upper Frame Bases-to-Arches Junctions from FR43 to ATA 53 FR46 – Modification Manufacturer(s): Airbus (formerly Airbus Industrie) Airbus A310-203, A310-203C, A310-204, A310-222, A310-304, A310-308, A310-322, A310-324 and A310-325 aircraft, all serial numbers, except aircraft Applicability: on which Airbus Service Bulletin (SB) A310-53-2124 original issue (Airbus modification 13023) has been embodied",False
2009-0061R1,c0c297f36d9c3103,2008-0117,2008-0117,supersedes_candidate,"this AD, which supersedes AD 2008-0117, requires: • installation of this redesigned LAL, • extension of the applicability to the aeroplanes in pre-modification 54125 / SB A340-32-5057 configuration to restore the full fatigue life and • removal of the frangible harness restraints/mounts required by AD 2008-0117",False
2009-0063,f2180c4f1865d4bb,2008-0074,2008-0074,supersedes_candidate,"AD 2008-0074, which required to check the installation of one shim set only per pivoting door actuator, is superseded by this AD | Supersedure: This AD supersedes EASA AD 2008-0074 dated 22 April 2008. | This AD supersedes EASA AD 2008-0074 dated 22 April 2008",False
2009-0075,2ec366d4a688964f,2008-0101,2008-0101,supersedes_candidate,"Supersedure: This AD supersedes EASA AD 2008-0101 dated 26 May 2008. | This AD supersedes EASA AD 2008-0101 dated 26 May 2008 | this AD retains the requirement of EASA AD 2008-0101, which is superseded",False
2009-0098,9e38ec9774967b3e,2007-0240,2007-0240,supersedes_candidate,"Supersedure: This AD supersedes EASA AD 2007-0240 dated 4 September 2007 | This AD supersedes EASA AD 2007-0240 dated 4 September 2007 ATA 05 Time Limits / Maintenance Checks – ALS Part 3 Manufacturer(s): AIRBUS (formerly AIRBUS INDUSTRIE) Applicability: AIRBUS A340-211, A340-212, A340-213, A340-311, A340-312, A340- 313, A340-541, A340-542, A340-642 and A340-643 aeroplanes, all serial numbers | This new AD retains the requirements of EASA AD 2007-0240, which is superseded",False
2009-0102,f6e5ad373023b5ff,2006-0125,2006-0125,supersedes_candidate,"Supersedure: This AD supersedes EASA AD 2006-0125ADdated 31 May 2006 and EASA AD 2008-0023 dated 06 February 2008 Time Limits andEASAMaintenance Checks – Damage Tolerant | This AD supersedes EASA AD 2006-0125ADdated 31 May 2006 and EASA AD 2008-0023 dated 06 February 2008 Time Limits andEASAMaintenance Checks – Damage Tolerant ATA 05 Airworthiness Limitation Items – ALS Part 2 – Amendment BY Manufacturer(s): AIRBUS (formerly AIRBUS INDUSTRIE) Applicability: AIRBUS A330-201, A330-202, A330-203, A330-223, A330-243, A330- 301, A330-302, A330-303, A330-321, A330-322, A330-323, A330-341, A330-342 and A330-343 models, all serial numbers | This new AD retains the requirements of EASA AD 2008-0023 and AD 2006-0125, which are superseded",False
2009-0102,f6e5ad373023b5ff,2008-0023,2008-0023,supersedes_candidate,"Supersedure: This AD supersedes EASA AD 2006-0125ADdated 31 May 2006 and EASA AD 2008-0023 dated 06 February 2008 Time Limits andEASAMaintenance Checks – Damage Tolerant | This AD supersedes EASA AD 2006-0125ADdated 31 May 2006 and EASA AD 2008-0023 dated 06 February 2008 Time Limits andEASAMaintenance Checks – Damage Tolerant ATA 05 Airworthiness Limitation Items – ALS Part 2 – Amendment BY Manufacturer(s): AIRBUS (formerly AIRBUS INDUSTRIE) Applicability: AIRBUS A330-201, A330-202, A330-203, A330-223, A330-243, A330- 301, A330-302, A330-303, A330-321, A330-322, A330-323, A330-341, A330-342 and A330-343 models, all serial numbers | This new AD retains the requirements of EASA AD 2008-0023 and AD 2006-0125, which are superseded",False
2009-0143,f7c3090503be7cf0,2007-0283,2007-0283,supersedes_candidate,"Supersedure: This AD supersedes EASA AD 2007-0283 dated 08 November 2007. | This AD supersedes EASA AD 2007-0283 dated 08 November 2007 | this new AD retains the requirements of AD 2007-0283, which is superseded",False
2009-0152,2988eb9bbd4c6abe,2008-0216,2008-0216,supersedes_candidate,"Supersedure: This AD supersedes EASA AD 2008-0216 dated 09 December 2008 | This AD supersedes EASA AD 2008-0216 dated 09 December 2008 ATA 57 Wings – Movable Flap Track Fairing – Inspection / Replacement Manufacturer(s): Airbus Applicability: Airbus A380 aeroplanes, -841, -842 and -861 models, all serial numbers, except those on which Airbus modification 68729 has been embodied in production | This AD, which supersedes EASA AD 2008-0216 :  cancels the MFTF#6 General Visual Inspection requirement,  refers to Airbus Service Bulletin A380-57-8014 Revision 1,  requires the reporting to AIRBUS in case of MFTF#6 replacement, EASA Form 110 Page 1/3 EASA AD No",False
2009-0153,cd3190de2eb3fb39,2008-0131,2008-0131,supersedes_candidate,"Supersedure: This AD supersedes EASA AD 2008-0131 dated 16 July 2008 | This AD retains the requirements of EASA AD 2008-0131, which is superseded | This AD supersedes EASA AD 2008-0131 dated 16 July 2008 Flight Controls – Flight Control Primary Computer (FCPC) – ATA 27 PRIM 3 Dispatch Restriction Manufacturer(s): Airbus (formerly Airbus Industrie) Applicability: Airbus A330 aeroplanes, models -201, -202, -203, -223, -243, -301, -302, - 303, -321, -322, -323, -341, -342 and -343, all manufacturer serial numbers on which Airbus modification 49144 (install rudder fly by wire) has been embodied in production",False
2009-0155,2fce48b6620f7575,2006-0071,2006-0071,supersedes_candidate,"Supersedure: This AD supersedes EASA AD No. 2006-0071 dated 30 March 2006, EASA AD No. 2006-0260 dated 25 August 2006 and EASA AD No. 2006-0374 dated 15 December 2006. | this EASA AD supersedes existing EASA ADs 2006-0071, 2006-0260 and 2006-0374 and requires an update to the approved aircraft maintenance programme and compliance with the maintenance requirements and associated airworthiness limitations defined in the Airbus ALI Documents listed above",False
2009-0155,2fce48b6620f7575,2006-0260,2006-0260,supersedes_candidate,"Supersedure: This AD supersedes EASA AD No. 2006-0071 dated 30 March 2006, EASA AD No. 2006-0260 dated 25 August 2006 and EASA AD No. 2006-0374 dated 15 December 2006. | this EASA AD supersedes existing EASA ADs 2006-0071, 2006-0260 and 2006-0374 and requires an update to the approved aircraft maintenance programme and compliance with the maintenance requirements and associated airworthiness limitations defined in the Airbus ALI Documents listed above",False
2009-0155,2fce48b6620f7575,2006-0374,2006-0374,supersedes_candidate,"Supersedure: This AD supersedes EASA AD No. 2006-0071 dated 30 March 2006, EASA AD No. 2006-0260 dated 25 August 2006 and EASA AD No. 2006-0374 dated 15 December 2006. | this EASA AD supersedes existing EASA ADs 2006-0071, 2006-0260 and 2006-0374 and requires an update to the approved aircraft maintenance programme and compliance with the maintenance requirements and associated airworthiness limitations defined in the Airbus ALI Documents listed above",False
2009-0157,1215ea407abe4ceb,2008-0188,2008-0188,supersedes_candidate,"Supersedure: This AD supersedes EASA AD 2008-0188 dated 10 October 2008 | This AD supersedes EASA AD 2008-0188 dated 10 October 2008 Electrical Power – Fuel Pump Wiring – Modification [Prevention ATA 28 against Fuel Tank Explosion Risks] Manufacturer(s): Airbus (formerly Airbus Industrie) AIRBUS A300B2-1C, A300B2-203, A300B2K-3C, A300B4-103, A300B4-120, Applicability: A300B4-203, A300B4-2C, A300C4-203 and A300F4-203 aeroplanes, all serial numbers | this new AD retains the requirements of EASA AD 2008-0188, which is superseded",False
2009-0204,7816e79313162c25,2008-0019,2008-0019,supersedes_candidate,"Supersedure: This AD supersedes EASA AD 2008-0019 dated 28 January 2008. | This AD supersedes EASA AD 2008-0019 dated 28 January 2008 | This AD, which supersedes EASA AD 2008-0019, mandates a one-time visual inspection of the FWD and AFT engine mount link pin retention bolts, in order to ensure that any over-torqued bolt is replaced",False
2009-0265,784b07e0aad788c3,2009-0066,2009-0066,supersedes_candidate,"Supersedure: This AD supersedes EASA AD 2009-0066 dated 19 march 2009 | This AD supersedes EASA AD 2009-0066 dated 19 march 2009 ATA 36 Pneumatic – Overheat Detection System - Inspection Manufacturer(s): Airbus (formerly Airbus Industrie) Applicability: Airbus A380 aeroplanes, -841, -842 and -861 models, MSN (Manufacturer Serial Number) 15, 17, 19, 20, 21 and 22 | This AD, which supersedes EASA AD 2009-0066, requires to perform : • an additional inspection on MSN 15, 20 and 22 to render it complete, and EASA Form 110 Page 1/2 EASA AD No",False
2010-0002,950d5384fb42c8b7,2009-0166,2009-0166,supersedes_candidate,"Supersedure: This AD supersedes EASA AD 2009-0166 dated 31 July 2009. | This AD supersedes EASA AD 2009-0166 dated 31 July 2009 | This new AD retains the requirement of EASA AD 2009-0166, which is superseded",False
2010-0021,d22d7c26ee96aaf5,2009-0156,2009-0156,supersedes_candidate,"Supersedure: This AD supersedes EASA AD 2009-0156 dated 17 July 2009 | This AD retains the requirement of EASA AD 2009-0156, which is superseded | This AD supersedes EASA AD 2009-0156 dated 17 July 2009 ATA 55 Stabilizers – Rudder Side Shell Skin – Inspection Manufacturer(s): Airbus (formerly Airbus Industrie) Applicability: Airbus A330 aeroplanes, models -301, -302, -303, -321, -322, -323, -341, -342 and -343, all manufacturer serial numbers, and Airbus A340 aeroplanes, models -211, -212, -213, -311, -312 and -313, all manufacturer serial numbers, if equipped with Carbon Fiber Reinforced Plastic (CFRP) rudders having part numbers (P/N) and serial numbers (S",False
2010-0024,3cf26301240b0a34,2006-0315R1,2006-0315,supersedes_candidate,"Supersedure: This AD supersedes EASA AD 2006-0315R1 dated 26 October 2006. | This AD supersedes EASA AD 2006-0315R1 dated 26 October 2006 | This AD, which supersedes EASA AD 2006-0315R1: EASA Form 110 Page 1/3 EASA AD No",False
2010-0036,7a257f81d491830f,2007-0158,2007-0158,supersedes_candidate,"Supersedure: This AD supersedes EASA AD 2007-0158 dated 04 June 2007 | This AD supersedes EASA AD 2007-0158 dated 04 June 2007 Time Limits and Maintenance Checks – Damage Tolerant ATA 05 Airworthiness Limitation Items – ALS Part 2 – Amendment Manufacturer(s): Airbus (formerly Airbus Industrie) Applicability: Airbus A340 aeroplanes, models -211, -212, -213, -311, -312, -313, -541, - 542, -642 and -643, all manufacturer serial numbers | This new AD retains the requirements of EASA AD 2007-0158, which is superseded",False
2010-0047,1ab1f2f4303bf7e1,2009-0098,2009-0098,supersedes_candidate,"Supersedure: This AD supersedes EASA AD 2009-0098 dated 22 April 2009 | This AD supersedes EASA AD 2009-0098 dated 22 April 2009 Time Limits and Maintenance Checks – Certification ATA 05 Maintenance Requirements – ALS Part 3 – Amendment Manufacturer(s): Airbus (formerly Airbus Industrie) Applicability: Airbus A340 aeroplanes, models -211, -212, -213, -311, -312, -313, -541, -542, -642 and -643, all manufacturer serial numbers | This new AD retains the requirements of EASA AD 2009-0098, which is superseded",False
2010-0048,7248dc4ea0ab7a6c,2008-0138,2008-0138,supersedes_candidate,"Supersedure: This AD supersedes EASA AD 2008-0138 dated 23 July 2008 | This AD supersedes EASA AD 2008-0138 dated 23 July 2008 Time Limits and Maintenance Checks – Certification ATA 05 Maintenance Requirements – ALS Part 3 – Amendment Manufacturer(s): Airbus (formerly Airbus Industrie) Applicability: Airbus A330 aeroplanes, models -201, -202, -203, -223, -243, -301, -302, -303, -321, -322, -323, -341, -342 and -343, all manufacturer serial numbers | This new AD retains the requirements of EASA AD 2008-0138, which is superseded",False
2010-0070,2867a87e436f9741,2009-0084,2009-0084,supersedes_candidate,"Supersedure: This AD supersedes EASA AD 2009-0084 dated 09 April 2009. | This AD supersedes EASA AD 2009-0084 dated 09 April 2009 | this AD retains requirements of EASA AD 2009-0084, which is superseded",False
2010-0074,2e6a58abeb2d8fa9,2009-0143,2009-0143,supersedes_candidate,"Supersedure: This AD supersedes EASA AD 2009-0143 dated 28 July 2009. | This AD supersedes EASA AD 2009-0143 dated 28 July 2009 | this new AD retains the requirements of EASA AD 2009-0143, which is superseded",False
2010-0085,01c0442dfb875e1b,2010-0010,2010-0010,supersedes_candidate,"Supersedure: This AD supersedes EASA AD 2010-0010 dated 21 January 2010. | This AD supersedes EASA AD 2010-0010 dated 21 January 2010 | this new AD retains the requirements of EASA AD 2010-0010, which is superseded",False
2010-0102,1fe22ed60c3b950d,2006-0075R2,2006-0075,supersedes_candidate,"Supersedure: This AD supersedes EASA AD 2006-0075R2 dated 04 January 2007. | This AD supersedes EASA AD 2006-0075R2 dated 04 January 2007 | this new AD retains the requirements of AD 2006-0075R2, which is superseded",False
2010-0120,7550ad3a7b345f9f,2009-0259,2009-0259,supersedes_candidate,Supersedure: This AD supersedes EASA AD 2009-0259 dated 10 December 2009. | This AD supersedes EASA AD 2009-0259 dated 10 December 2009,False
2010-0131,3a462db79e990af3,2007-0300,2007-0300,supersedes_candidate,"This new AD supersedes EASA AD 2007-0300, EASA AD 2008-0152 and EASA AD 2009-0191 and requires the implementation of the new or more restrictive maintenance requirements and/or airworthiness limitations as specified in Airbus A330 and A340 ALS Part 1 revision 04",False
2010-0131,3a462db79e990af3,2008-0152,2008-0152,supersedes_candidate,"This new AD supersedes EASA AD 2007-0300, EASA AD 2008-0152 and EASA AD 2009-0191 and requires the implementation of the new or more restrictive maintenance requirements and/or airworthiness limitations as specified in Airbus A330 and A340 ALS Part 1 revision 04",False
2010-0131,3a462db79e990af3,2009-0191,2009-0191,supersedes_candidate,"This new AD supersedes EASA AD 2007-0300, EASA AD 2008-0152 and EASA AD 2009-0191 and requires the implementation of the new or more restrictive maintenance requirements and/or airworthiness limitations as specified in Airbus A330 and A340 ALS Part 1 revision 04",False
2010-0145,3046524b1455b79a,2009-0223-E,2009-0223,supersedes_candidate,"Supersedure: This AD supersedes EASA AD 2009-0223-E, dated 13 October 2009 | This AD supersedes EASA AD 2009-0223-E, dated 13 October 2009 Hydraulic Power – High Pressure Manifold Check Valve – ATA 29 Inspection Manufacturer(s): Airbus (formerly Airbus Industrie) Applicability: Airbus A330 aeroplanes, models -201, -202, -203, -223, -223F, -243, - 243F, -301, -302, -303, -321, -322, -323, -341, -342 and -343, all manufacturer serial numbers, and Airbus A340 aeroplanes, models -211, -212, -213, -311, -312 and -313, all manufacturer serial numbers | This AD, which supersedes EASA EAD 2009-0223-E retaining its requirements, is issued to extend the applicability to the newly certified models A330-223F and A330-243F",False
2010-0148,4df49e12fffacca6,2005-2239,2005-2239,supersedes_candidate,"Supersedure: This AD supersedes DGAC France AD F-2005-046 dated 16 March 2005, approved under EASA reference 2005-2239. | This AD supersedes DGAC France AD F-2005-046 dated 16 March 2005, approved under EASA reference 2005-2239",False
2010-0164,60596be378420b04,2009-0141,2009-0141,supersedes_candidate,"Supersedure: This AD supersedes EASA AD 2009-0141 dated 02 July 2009. | This AD retains the requirements of EASA AD 2009-0141 (addressing the populations of rudders affected by AOT A320-55-1038), which is superseded | This AD supersedes EASA AD 2009-0141 dated 02 July 2009",False
2010-0174,57e83455fc7c8a71,2009-0102,2009-0102,supersedes_candidate,"Supersedure: This AD supersedes EASA AD 2009-0102 dated 30 April 2009 | This AD supersedes EASA AD 2009-0102 and requires the implementation of the new or more restrictive maintenance requirements and/or airworthiness limitations as specified in Airbus A330 ALI Document issue 17 | This AD supersedes EASA AD 2009-0102 dated 30 April 2009 Time Limits and Maintenance Checks – Damage Tolerant ATA 05 Airworthiness Limitation Items – ALS Part 2 – Amendment Manufacturer(s): Airbus (formerly Airbus Industrie) Applicability: Airbus A330 aeroplanes, models -201, -202, -203, -223, -223F, -243, -243F, -301, -302, -303, -321, -322, -323, -341, -342 and -343, all manufacturer serial numbers",False
2010-0175,e00fd1f3e8268ab3,2008-0055,2008-0055,supersedes_candidate,"Supersedure: This AD supersedes EASA AD 2008-0055, dated 05 March 2008 | This AD supersedes AD 2008-0055 and introduces the following actions : - expanding of the applicability to A310 aeroplanes; and - replacement of the cockpit MTI with a MTI with silicone sleeves and to re- instate the low level warning indication to the cockpit MTI; and - replacement of the affected sensors and their harness connectors by fused level sensor units for A300-600 and A300-600ST aeroplanes | This AD supersedes EASA AD 2008-0055, dated 05 March 2008 Fuel – Fuel Level Sensor Amplifier (FLSA) and Multi Tank Indicator ATA 28 (MTI) Wiring – Replacement Manufacturer(s): Airbus (formerly Airbus Industrie) Applicability: Airbus A310 aeroplanes, all certified models, all manufacturer serial numbers (MSN); Airbus A300-600 aeroplanes, all certified models, all MSN; and Airbus A300F4-608ST aeroplanes, all MSN Reason: One operator experienced failures of four Fuel Level Sensor-Amplifier (FLSA) and Multi Tank Indic",False
2010-0191,4a0b683951ca8d9e,2009-0153,2009-0153,supersedes_candidate,"Supersedure: This AD supersedes EASA AD 2009-0153 dated 14 July 2009 | This AD supersedes EASA AD 2009-0153 dated 14 July 2009 Flight Controls – Flight Control Primary Computer (FCPC) – ATA 27 PRIM 3 Dispatch Restriction / Modification Manufacturer(s): Airbus (formerly Airbus Industrie) Applicability: Airbus A330 aeroplanes, models -201, -202, -203, -223, -223F, -243, -243F, -301, -302, -303, -321, -322, -323, -341, -342 and -343, all manufacturer serial numbers on which Airbus modification 49144 (install electrical rudder) has been embodied in production, except those on which Airbu | This AD, which supersedes EASA AD 2009-0153 retaining its requirements, requires the installation of: - a new BCM on A330 and A340-300 series aeroplanes fitted with electrical rudder, and - an improved PFTU on A330 and A340-300 series aeroplanes fitted with an electrical rudder and A340-500/-600 series aeroplanes, which, once installed, eliminate the root cause of the unsafe condition and cancel the operational limitation",False
2010-0209,beb2038da2f58ea5,2005-6114,2005-6114,supersedes_candidate,"Supersedure: This AD supersedes DGAC France AD F-2005-139 dated 03 August 2005, approved under EASA reference No 2005-6114. | This AD supersedes DGAC France AD F-2005-139 dated 03 August 2005, approved under EASA reference No 2005-6114",False
2010-0218,1324a180ad40d3a8,2009-0213,2009-0213,supersedes_candidate,Supersedure: This AD supersedes EASA AD 2009-0213 dated 08 October 2009. | This AD supersedes EASA AD 2009-0213 dated 08 October 2009,False
2010-0253,5fba9d214e30f4de,2009-0192,2009-0192,supersedes_candidate,"Supersedure: This AD supersedes EASA AD 2009-0192 dated 28 August 2009 and EASA AD 2010-0131 dated 28 June 2010 | This AD supersedes EASA AD 2009-0192 dated 28 August 2009 and EASA AD 2010-0131 dated 28 June 2010 Time Limits and Maintenance Checks – Safe Life ATA 05 Airworthiness Limitation Items – ALS Part 1 – Amendment Manufacturer(s): Airbus (formerly Airbus Industrie) Applicability: Airbus A330 aeroplanes, models -201, -202, -203, -223, -243, -301, -302, -303, -321, -322, -323, -341, -342 and -343, all manufacturer serial numbers | this AD supersedes EASA AD 2009-0192, and requires the implementation of the new or more restrictive maintenance requirements and/or airworthiness limitations as specified in Airbus A340 ALS Part 1 revision 05 | this new AD retains the requirements of EASA AD 2010-0131, which is superseded",False
2010-0253,5fba9d214e30f4de,2010-0131,2010-0131,supersedes_candidate,"Supersedure: This AD supersedes EASA AD 2009-0192 dated 28 August 2009 and EASA AD 2010-0131 dated 28 June 2010 | This AD supersedes EASA AD 2009-0192 dated 28 August 2009 and EASA AD 2010-0131 dated 28 June 2010 Time Limits and Maintenance Checks – Safe Life ATA 05 Airworthiness Limitation Items – ALS Part 1 – Amendment Manufacturer(s): Airbus (formerly Airbus Industrie) Applicability: Airbus A330 aeroplanes, models -201, -202, -203, -223, -243, -301, -302, -303, -321, -322, -323, -341, -342 and -343, all manufacturer serial numbers | this AD supersedes EASA AD 2009-0192, and requires the implementation of the new or more restrictive maintenance requirements and/or airworthiness limitations as specified in Airbus A340 ALS Part 1 revision 05 | this new AD retains the requirements of EASA AD 2010-0131, which is superseded",False
2010-0264,116e172deef80695,2010-0048,2010-0048,supersedes_candidate,Supersedure: This AD supersedes EASA AD 2010-0048 dated 19 March 2010. | This AD supersedes EASA AD 2010-0048 dated 19 March 2010,False
2011-0005,a298c7818ec86a31,2007-0230,2007-0230,supersedes_candidate,"Supersedure: This AD supersedes EASA AD 2007-0230 dated 15 August 2007. | This AD supersedes EASA AD 2007-0230 dated 15 August 2007 | this new AD retains the requirements of EASA AD 2007-0230, which is superseded",False
2011-0011,261aa28a143bc9b8,2007-0213,2007-0213,supersedes_candidate,"Supersedure: This AD supersedes EASA AD 2007-0213 dated 07 August 2007. | This AD supersedes EASA AD 2007-0213 dated 07 August 2007 | this AD, which supersedes EASA AD 2007-0213: - retains the requirements of EASA AD 2007-0213 for aeroplanes on which the MLG Rib Bushes have not been modified/repaired in accordance with the instructions of Airbus SB A320-57-1118, or Airbus SRM 57-26-13, or the identified Airbus Repair Instructions, as applicable, and - requires, for all aeroplanes on which Airbus SB A320-57-1118 has been embodied in service, or on which Airbus SRM 57-26-13 or the identified Airbus Repair Instructions have been applied, a repetitive insp",False
2011-0028,3989b3911741916d,2005-6073,2005-6073,supersedes_candidate,"Supersedure: This AD supersedes DGAC France AD F-2005-126 dated 20 July 2005, approved under EASA reference No 2005-6073. | This AD supersedes DGAC France AD F-2005-126 dated 20 July 2005, approved under EASA reference No 2005-6073",False
2011-0029,224bd84400268135,2009-0081R1,2009-0081,supersedes_candidate,"Supersedure: This AD supersedes AD 2009-0081R1, dated 30 July 2010 | This AD supersedes AD 2009-0081R1, dated 30 July 2010 Wings – Main Landing Gear (MLG) Rib 5 Attachment Fitting ATA 57 Lower Flange – Inspection / Repair / Modification Manufacturer(s): Airbus (formerly Airbus Industrie)",False
2011-0036,f87f6b58e06bc3a5,2010-0167,2010-0167,supersedes_candidate,"Supersedure: This AD supersedes EASA AD 2010-0167 dated 11 August 2010. | This AD supersedes EASA AD 2010-0167 dated 11 August 2010 | this new AD retains the requirement of EASA AD 2010-0167, which is superseded",False
2011-0077,94103e73b5f4b7e5,2006-0184,2006-0184,supersedes_candidate,Supersedure: This AD supersedes EASA AD 2006-0184 dated 03 July 2006. | This AD supersedes EASA AD 2006-0184 dated 03 July 2006,False
2011-0138,dcfff8a118bff380,2009-0202R1,2009-0202,supersedes_candidate,"Supersedure: This AD supersedes EASA AD 2009-0202R1 dated 15 April 2010. | This AD retains the requirements of EASA AD 2009-0202R1, which is superseded | This AD supersedes EASA AD 2009-0202R1 dated 15 April 2010",False
2011-0139,a8fcee30412b99af,2010-0145,2010-0145,supersedes_candidate,"Supersedure: This AD supersedes EASA AD 2010-0145 dated 14 July 2010. | This AD supersedes EASA AD 2010-0145 dated 14 July 2010 | this new AD supersedes AD 2010-0145, retaining its requirements, and is issued to: - extend the requirement to identify the P/N CAR401 check valves to all aeroplanes, and to - reduce the inspection threshold for aeroplanes fitted with check valve P/N CAR401, either installed in production through Airbus modification 54491, or installed in service through Airbus Service Bulletin (SB) A330-29-3101 or Airbus SB A340-29-4078",False
2011-0141,c5208bfe17072af2,2008-0093,2008-0093,supersedes_candidate,"Supersedure: This AD supersedes EASA AD 2008-0093 dated 20 May 2008. | This AD retains the requirements of EASA AD 2008-0093, which is superseded | This AD supersedes EASA AD 2008-0093 dated 20 May 2008",False
2011-0142,2ccf37afa30beb24,2006-0280,2006-0280,supersedes_candidate,Supersedure: This AD supersedes EASA AD 2006-0280 dated 12 September 2006. | This AD supersedes EASA AD 2006-0280 dated 12 September 2006,False
2011-0155R1,bcd79e32e2e0c2d3,2006-0203,2006-0203,supersedes_candidate,"This AD retains the requirement of EASA AD 2006-0203, which is superseded",False
2011-0163,7a5e629e23092030,2009-0094,2009-0094,supersedes_candidate,"Supersedure: This AD supersedes EASA AD 2009-0094 dated 21 April 2009, including the Correction dated 29 May 2009. | This AD supersedes EASA AD 2009-0094 dated 21 April 2009, including the Correction dated 29 May 2009 | this new AD, which supersedes EASA AD 2009-0094, requires repetitive DVI of the FR 40 forward fitting (without nut removal), accomplishment of a one time Eddy Current (EC) inspection or liquid penetrant inspection of this area (with nut removal) and, depending on findings, the accomplishment of associated corrective action",False
2011-0198,03d9a75188587585,2009-0155,2009-0155,supersedes_candidate,"Supersedure: This AD supersedes EASA AD 2009-0155 dated 17 July 2009. | This AD supersedes EASA AD 2009-0155 dated 17 July 2009 | this EASA AD retains the requirements of EASA AD 2009-0155, which is superseded",False
2011-0211,a88b332016d38079,2008-0223,2008-0223,supersedes_candidate,"Supersedure: This AD supersedes EASA AD 2008-0223 dated 15 December 2008. | This AD supersedes EASA AD 2008-0223 dated 15 December 2008 | this AD, which supersedes EASA AD 2008-0223: - retains the initial inspection requirement of EASA AD 2008-0223 for A330, A340-200 and A340-300 aeroplanes",False
2011-0215,4450a4bcc7219c94,2011-0022,2011-0022,supersedes_candidate,"Supersedure: This AD supersedes EASA AD 2011-0022 dated 9 February 2011. | This AD supersedes EASA AD 2011-0022 dated 9 February 2011 | this EASA AD, which supersedes EASA AD 2011-0022, requires inspecting the MFTF #3 and #4 bracket assemblies and fasteners in accordance with the instructions of Airbus SB A380-57-8030 and refers to Airbus SB A380-57-8028 as an optional terminating action to repetitive inspections required by this AD",False
2012-0008,512e3014309c99a9,2006-0162,2006-0162,supersedes_candidate,"Supersedure: This AD supersedes EASA AD 2006-0162 dated 08 June 2006. | This AD retains the requirements of EASA AD 2006-0162, which is superseded | This AD supersedes EASA AD 2006-0162 dated 08 June 2006",False
2012-0015,2c1a15eedf4dd8b1,2011-0141,2011-0141,supersedes_candidate,"Supersedure: This AD supersedes EASA AD 2011-0141 dated 25 July 2011. | This AD supersedes EASA AD 2011-0141 dated 25 July 2011 | this AD retains the requirements of EASA AD 2011-0141, which is superseded",False
2012-0017,3477d2b92c89145e,2011-0248,2011-0248,supersedes_candidate,"Supersedure: This AD supersedes EASA AD 2011-0248 dated 22 December 2011 | This AD supersedes EASA AD 2011-0248 dated 22 December 2011 Fuel – Feed Tank 1 and/or 4 Main and Standby Pump Fault Light ATA 28 Flickering – Operational Procedure / Replacement Manufacturer(s): Airbus Applicability: Airbus A380-841, A380-842, and A380-861 aeroplanes, all manufacturer serial numbers",False
2012-0020,95e14876103bbe38,2007-0008,2007-0008,supersedes_candidate,"Supersedure: This AD supersedes DGAC France ADs F-2001-518(B) dated 31 October 2001, F-2001-530(B) dated 14 November 2001, F-2001-545(B) R1 dated 16 October 2002, F-2002-552(B) dated 13 November 2002, and F-2003-140 R1 dated 17 March 2004. This AD also supersedes EASA ADs 2007-0008 dated 9 January 2007, 2007-0309 dated 18 December 2007, 2009-0138 dated 24 June 2009 and | This AD also supersedes EASA ADs 2007-0008 dated 9 January 2007, 2007-0309 dated 18 December 2007, 2009-0138 dated 24 June 2009 and 2010-0205 dated 08 October 2010",False
2012-0020,95e14876103bbe38,2007-0309,2007-0309,supersedes_candidate,"Supersedure: This AD supersedes DGAC France ADs F-2001-518(B) dated 31 October 2001, F-2001-530(B) dated 14 November 2001, F-2001-545(B) R1 dated 16 October 2002, F-2002-552(B) dated 13 November 2002, and F-2003-140 R1 dated 17 March 2004. This AD also supersedes EASA ADs 2007-0008 dated 9 January 2007, 2007-0309 dated 18 December 2007, 2009-0138 dated 24 June 2009 and | This AD also supersedes EASA ADs 2007-0008 dated 9 January 2007, 2007-0309 dated 18 December 2007, 2009-0138 dated 24 June 2009 and 2010-0205 dated 08 October 2010",False
2012-0020,95e14876103bbe38,2009-0138,2009-0138,supersedes_candidate,"Supersedure: This AD supersedes DGAC France ADs F-2001-518(B) dated 31 October 2001, F-2001-530(B) dated 14 November 2001, F-2001-545(B) R1 dated 16 October 2002, F-2002-552(B) dated 13 November 2002, and F-2003-140 R1 dated 17 March 2004. This AD also supersedes EASA ADs 2007-0008 dated 9 January 2007, 2007-0309 dated 18 December 2007, 2009-0138 dated 24 June 2009 and | This AD also supersedes EASA ADs 2007-0008 dated 9 January 2007, 2007-0309 dated 18 December 2007, 2009-0138 dated 24 June 2009 and 2010-0205 dated 08 October 2010",False
2012-0020,95e14876103bbe38,2010-0205,2010-0205,supersedes_candidate,"Supersedure: This AD supersedes DGAC France ADs F-2001-518(B) dated 31 October 2001, F-2001-530(B) dated 14 November 2001, F-2001-545(B) R1 dated 16 October 2002, F-2002-552(B) dated 13 November 2002, and F-2003-140 R1 dated 17 March 2004. This AD also supersedes EASA ADs 2007-0008 dated 9 January 2007, 2007-0309 dated 18 December 2007, 2009-0138 dated 24 June 2009 and | This AD also supersedes EASA ADs 2007-0008 dated 9 January 2007, 2007-0309 dated 18 December 2007, 2009-0138 dated 24 June 2009 and 2010-0205 dated 08 October 2010",False
2012-0021,ad617639e4d53024,2006-0158,2006-0158,supersedes_candidate,"Supersedure: This AD supersedes DGAC France ADs F-2001-519(B) dated 31 October 2001, F-2001-529(B)R1 dated 17 September 2003, F- 2001-549(B)R1 dated 16 October 2002, F-2002-553(B) dated 13 November 2002 and F-2003-141(B)R1 dated 17 March 2004. This AD also supersedes EASA ADs 2006-0158 dated 07 June 2006, 2007-0008 dated 09 January 2007, 2007-0308 dated 18 December | This AD also supersedes EASA ADs 2006-0158 dated 07 June 2006, 2007-0008 dated 09 January 2007, 2007-0308 dated 18 December 2007, 2009-0138 dated 24 June 2009 and 2010-0205 dated 08 October 2010",False
2012-0021,ad617639e4d53024,2007-0008,2007-0008,supersedes_candidate,"Supersedure: This AD supersedes DGAC France ADs F-2001-519(B) dated 31 October 2001, F-2001-529(B)R1 dated 17 September 2003, F- 2001-549(B)R1 dated 16 October 2002, F-2002-553(B) dated 13 November 2002 and F-2003-141(B)R1 dated 17 March 2004. This AD also supersedes EASA ADs 2006-0158 dated 07 June 2006, 2007-0008 dated 09 January 2007, 2007-0308 dated 18 December | This AD also supersedes EASA ADs 2006-0158 dated 07 June 2006, 2007-0008 dated 09 January 2007, 2007-0308 dated 18 December 2007, 2009-0138 dated 24 June 2009 and 2010-0205 dated 08 October 2010",False
2012-0021,ad617639e4d53024,2007-0308,2007-0308,supersedes_candidate,"Supersedure: This AD supersedes DGAC France ADs F-2001-519(B) dated 31 October 2001, F-2001-529(B)R1 dated 17 September 2003, F- 2001-549(B)R1 dated 16 October 2002, F-2002-553(B) dated 13 November 2002 and F-2003-141(B)R1 dated 17 March 2004. This AD also supersedes EASA ADs 2006-0158 dated 07 June 2006, 2007-0008 dated 09 January 2007, 2007-0308 dated 18 December | This AD also supersedes EASA ADs 2006-0158 dated 07 June 2006, 2007-0008 dated 09 January 2007, 2007-0308 dated 18 December 2007, 2009-0138 dated 24 June 2009 and 2010-0205 dated 08 October 2010",False
2012-0021,ad617639e4d53024,2009-0138,2009-0138,supersedes_candidate,"Supersedure: This AD supersedes DGAC France ADs F-2001-519(B) dated 31 October 2001, F-2001-529(B)R1 dated 17 September 2003, F- 2001-549(B)R1 dated 16 October 2002, F-2002-553(B) dated 13 November 2002 and F-2003-141(B)R1 dated 17 March 2004. This AD also supersedes EASA ADs 2006-0158 dated 07 June 2006, 2007-0008 dated 09 January 2007, 2007-0308 dated 18 December | This AD also supersedes EASA ADs 2006-0158 dated 07 June 2006, 2007-0008 dated 09 January 2007, 2007-0308 dated 18 December 2007, 2009-0138 dated 24 June 2009 and 2010-0205 dated 08 October 2010",False
2012-0021,ad617639e4d53024,2010-0205,2010-0205,supersedes_candidate,"Supersedure: This AD supersedes DGAC France ADs F-2001-519(B) dated 31 October 2001, F-2001-529(B)R1 dated 17 September 2003, F- 2001-549(B)R1 dated 16 October 2002, F-2002-553(B) dated 13 November 2002 and F-2003-141(B)R1 dated 17 March 2004. This AD also supersedes EASA ADs 2006-0158 dated 07 June 2006, 2007-0008 dated 09 January 2007, 2007-0308 dated 18 December | This AD also supersedes EASA ADs 2006-0158 dated 07 June 2006, 2007-0008 dated 09 January 2007, 2007-0308 dated 18 December 2007, 2009-0138 dated 24 June 2009 and 2010-0205 dated 08 October 2010",False
2012-0026,44b6eb3dc37868df,2012-0013,2012-0013,supersedes_candidate,Supersedure: This AD supersedes EASA AD 2012-0013 dated 20 January 2012. | This AD supersedes EASA AD 2012-0013 dated 20 January 2012,False
2012-0028,1c149e8d2b67ccc2,2010-0211R1,2010-0211,supersedes_candidate,"Supersedure: This AD supersedes EASA AD 2010-0211R1 dated 06 December 2010. | This AD supersedes EASA AD 2010-0211R1 dated 06 December 2010 | this AD retains the requirements of EASA AD 2010-0211R1, which is superseded",False
2012-0032R1,c2af310d21fa2890,2011-0011,2011-0011,supersedes_candidate,"Supersedure: This AD revises EASA AD 2012-0032, dated 24 February 2012, which superseded EASA AD 2011-0011 dated 21 January 2011.",False
2012-0062,8e0846a277704d8d,2011-0026,2011-0026,supersedes_candidate,Supersedure: This AD supersedes EASA AD 2011-0026 dated 22 February 2011. | This AD supersedes EASA AD 2011-0026 dated 22 February 2011,False
2012-0070,08d66ca90183290a,2011-0139,2011-0139,supersedes_candidate,"Supersedure: This AD supersedes EASA AD 2011-0139 dated 25 July 2011. | This AD supersedes EASA AD 2011-0139 dated 25 July 2011 | This new AD, which supersedes EASA AD 2011-0139 retaining its requirements, is issued to require an increased torque value of the check valves tightening and High Pressure (HP) manifolds re-identification",False
2012-0082,67af798c5a86e5f7,2010-0267,2010-0267,supersedes_candidate,"Supersedure: This AD supersedes EASA AD 2010-0267 Dated 21 December 2010. | This AD supersedes EASA AD 2010-0267 Dated 21 December 2010 | this AD retains the requirements of EASA AD 2010-0267, which is superseded",False
2012-0083,0a7c66cff25e0b8f,2011-0167,2011-0167,supersedes_candidate,"Supersedure: This AD supersedes EASA AD 2011-0167 dated 06 September 2011. | This AD supersedes EASA AD 2011-0167 dated 06 September 2011 | this AD retains the requirements of EASA AD 2011-0167, which is superseded",False
2012-0101,4e9e2d0f55dbe21d,2006-0298R1,2006-0298,supersedes_candidate,"Supersedure: This AD supersedes EASA AD 2006-0298R1 dated 27 April 2009. | This AD supersedes EASA AD 2006-0298R1 dated 27 April 2009 | this AD retains the requirements of EASA AD 2006-0298R1, which is superseded",False
2012-0114,240db914542d97af,2012-0026,2012-0026,supersedes_candidate,"Supersedure: This AD supersedes EASA AD 2012-0026 dated 08 February 2012. | This AD supersedes EASA AD 2012-0026 dated 08 February 2012 | this AD retains the requirement of EASA AD 2012-0026, which is superseded",False
2012-0118,c36364a627ae1219,2007-0161,2007-0161,supersedes_candidate,Supersedure: This AD supersedes EASA AD 2007-0161 dated 11 June 2007. | This AD supersedes EASA AD 2007-0161 dated 11 June 2007,False
2012-0134,a849b67cc3c64613,2007-0276R1,2007-0276,supersedes_candidate,"Supersedure: This AD supersedes EASA AD 2007-0276R1 dated 18 March 2010, including the two corrections, both dated 12 April 2010. | This AD supersedes EASA AD 2007-0276R1 dated 18 March 2010, including the two corrections, both dated 12 April 2010 | this AD supersedes EASA AD 2007-0276R1 and requires implementation of an amended inspection programme with a reduced inspection threshold",False
2012-0140,c87969ef03c46649,2010-0173,2010-0173,supersedes_candidate,"Supersedure: This AD supersedes EASA AD 2010-0173 dated 17 August 2010. | This AD supersedes EASA AD 2010-0173 dated 17 August 2010 | this AD retains the requirements of EASA AD 2010-0173, which is superseded",False
2012-0167,1e1b6055700ca96c,2008-0140,2008-0140,supersedes_candidate,"Supersedure: This AD supersedes EASA AD 2008-0140 dated 28 July 2008. | This AD supersedes EASA AD 2008-0140 dated 28 July 2008 | this AD retains the requirements of EASA AD 2008-0140, which is superseded",False
2012-0168,b06ca6462d0b4771,2006-0187,2006-0187,supersedes_candidate,"Supersedure: This AD supersedes DGAC France ADs 98-103-082 dated 25 February 1998, 98- 099-066 dated 25 February 1998 and F-2005-030 dated 16 February 2005, and EASA ADs 2006-0187 dated 05 July 2006, 2006-0191 dated 10 July 2006, 2006-0205 dated 11 July 2006, 2007-0023 dated 25 January 2007, 2007-0278 dated 05 November 2007 and corrected on 08 November 2007, 2009-0150 dated 09 July 2009, 2010-0089 dated 10 May 2010, 2010-0232 dated 12 November 2010 and 2011- | This AD supersedes DGAC France ADs 98-103-082 dated 25 February 1998, 98- 099-066 dated 25 February 1998 and F-2005-030 dated 16 February 2005, and EASA ADs 2006-0187 dated 05 July 2006, 2006-0191 dated 10 July 2006, 2006-0205 dated 11 July 2006, 2007-0023 dated 25 January 2007, 2007-0278 dated 05 November 2007 and corrected on 08 November 2007, 2009-0150 dated 09 July 2009, 2010-0089 dated 10 May 2010, 2010-0232 dated 12 November 2010 and 2011- 0196 dated 07 October 2011 and corrected on 23 March 2012",False
2012-0168,b06ca6462d0b4771,2006-0191,2006-0191,supersedes_candidate,"Supersedure: This AD supersedes DGAC France ADs 98-103-082 dated 25 February 1998, 98- 099-066 dated 25 February 1998 and F-2005-030 dated 16 February 2005, and EASA ADs 2006-0187 dated 05 July 2006, 2006-0191 dated 10 July 2006, 2006-0205 dated 11 July 2006, 2007-0023 dated 25 January 2007, 2007-0278 dated 05 November 2007 and corrected on 08 November 2007, 2009-0150 dated 09 July 2009, 2010-0089 dated 10 May 2010, 2010-0232 dated 12 November 2010 and 2011- | This AD supersedes DGAC France ADs 98-103-082 dated 25 February 1998, 98- 099-066 dated 25 February 1998 and F-2005-030 dated 16 February 2005, and EASA ADs 2006-0187 dated 05 July 2006, 2006-0191 dated 10 July 2006, 2006-0205 dated 11 July 2006, 2007-0023 dated 25 January 2007, 2007-0278 dated 05 November 2007 and corrected on 08 November 2007, 2009-0150 dated 09 July 2009, 2010-0089 dated 10 May 2010, 2010-0232 dated 12 November 2010 and 2011- 0196 dated 07 October 2011 and corrected on 23 March 2012",False
2012-0168,b06ca6462d0b4771,2006-0205,2006-0205,supersedes_candidate,"Supersedure: This AD supersedes DGAC France ADs 98-103-082 dated 25 February 1998, 98- 099-066 dated 25 February 1998 and F-2005-030 dated 16 February 2005, and EASA ADs 2006-0187 dated 05 July 2006, 2006-0191 dated 10 July 2006, 2006-0205 dated 11 July 2006, 2007-0023 dated 25 January 2007, 2007-0278 dated 05 November 2007 and corrected on 08 November 2007, 2009-0150 dated 09 July 2009, 2010-0089 dated 10 May 2010, 2010-0232 dated 12 November 2010 and 2011- | This AD supersedes DGAC France ADs 98-103-082 dated 25 February 1998, 98- 099-066 dated 25 February 1998 and F-2005-030 dated 16 February 2005, and EASA ADs 2006-0187 dated 05 July 2006, 2006-0191 dated 10 July 2006, 2006-0205 dated 11 July 2006, 2007-0023 dated 25 January 2007, 2007-0278 dated 05 November 2007 and corrected on 08 November 2007, 2009-0150 dated 09 July 2009, 2010-0089 dated 10 May 2010, 2010-0232 dated 12 November 2010 and 2011- 0196 dated 07 October 2011 and corrected on 23 March 2012",False
2012-0168,b06ca6462d0b4771,2007-0023,2007-0023,supersedes_candidate,"Supersedure: This AD supersedes DGAC France ADs 98-103-082 dated 25 February 1998, 98- 099-066 dated 25 February 1998 and F-2005-030 dated 16 February 2005, and EASA ADs 2006-0187 dated 05 July 2006, 2006-0191 dated 10 July 2006, 2006-0205 dated 11 July 2006, 2007-0023 dated 25 January 2007, 2007-0278 dated 05 November 2007 and corrected on 08 November 2007, 2009-0150 dated 09 July 2009, 2010-0089 dated 10 May 2010, 2010-0232 dated 12 November 2010 and 2011- | This AD supersedes DGAC France ADs 98-103-082 dated 25 February 1998, 98- 099-066 dated 25 February 1998 and F-2005-030 dated 16 February 2005, and EASA ADs 2006-0187 dated 05 July 2006, 2006-0191 dated 10 July 2006, 2006-0205 dated 11 July 2006, 2007-0023 dated 25 January 2007, 2007-0278 dated 05 November 2007 and corrected on 08 November 2007, 2009-0150 dated 09 July 2009, 2010-0089 dated 10 May 2010, 2010-0232 dated 12 November 2010 and 2011- 0196 dated 07 October 2011 and corrected on 23 March 2012",False
2012-0168,b06ca6462d0b4771,2007-0278,2007-0278,supersedes_candidate,"Supersedure: This AD supersedes DGAC France ADs 98-103-082 dated 25 February 1998, 98- 099-066 dated 25 February 1998 and F-2005-030 dated 16 February 2005, and EASA ADs 2006-0187 dated 05 July 2006, 2006-0191 dated 10 July 2006, 2006-0205 dated 11 July 2006, 2007-0023 dated 25 January 2007, 2007-0278 dated 05 November 2007 and corrected on 08 November 2007, 2009-0150 dated 09 July 2009, 2010-0089 dated 10 May 2010, 2010-0232 dated 12 November 2010 and 2011- | This AD supersedes DGAC France ADs 98-103-082 dated 25 February 1998, 98- 099-066 dated 25 February 1998 and F-2005-030 dated 16 February 2005, and EASA ADs 2006-0187 dated 05 July 2006, 2006-0191 dated 10 July 2006, 2006-0205 dated 11 July 2006, 2007-0023 dated 25 January 2007, 2007-0278 dated 05 November 2007 and corrected on 08 November 2007, 2009-0150 dated 09 July 2009, 2010-0089 dated 10 May 2010, 2010-0232 dated 12 November 2010 and 2011- 0196 dated 07 October 2011 and corrected on 23 March 2012",False
2012-0168,b06ca6462d0b4771,2009-0150,2009-0150,supersedes_candidate,"Supersedure: This AD supersedes DGAC France ADs 98-103-082 dated 25 February 1998, 98- 099-066 dated 25 February 1998 and F-2005-030 dated 16 February 2005, and EASA ADs 2006-0187 dated 05 July 2006, 2006-0191 dated 10 July 2006, 2006-0205 dated 11 July 2006, 2007-0023 dated 25 January 2007, 2007-0278 dated 05 November 2007 and corrected on 08 November 2007, 2009-0150 dated 09 July 2009, 2010-0089 dated 10 May 2010, 2010-0232 dated 12 November 2010 and 2011- | This AD supersedes DGAC France ADs 98-103-082 dated 25 February 1998, 98- 099-066 dated 25 February 1998 and F-2005-030 dated 16 February 2005, and EASA ADs 2006-0187 dated 05 July 2006, 2006-0191 dated 10 July 2006, 2006-0205 dated 11 July 2006, 2007-0023 dated 25 January 2007, 2007-0278 dated 05 November 2007 and corrected on 08 November 2007, 2009-0150 dated 09 July 2009, 2010-0089 dated 10 May 2010, 2010-0232 dated 12 November 2010 and 2011- 0196 dated 07 October 2011 and corrected on 23 March 2012",False
2012-0168,b06ca6462d0b4771,2010-0089,2010-0089,supersedes_candidate,"Supersedure: This AD supersedes DGAC France ADs 98-103-082 dated 25 February 1998, 98- 099-066 dated 25 February 1998 and F-2005-030 dated 16 February 2005, and EASA ADs 2006-0187 dated 05 July 2006, 2006-0191 dated 10 July 2006, 2006-0205 dated 11 July 2006, 2007-0023 dated 25 January 2007, 2007-0278 dated 05 November 2007 and corrected on 08 November 2007, 2009-0150 dated 09 July 2009, 2010-0089 dated 10 May 2010, 2010-0232 dated 12 November 2010 and 2011- | This AD supersedes DGAC France ADs 98-103-082 dated 25 February 1998, 98- 099-066 dated 25 February 1998 and F-2005-030 dated 16 February 2005, and EASA ADs 2006-0187 dated 05 July 2006, 2006-0191 dated 10 July 2006, 2006-0205 dated 11 July 2006, 2007-0023 dated 25 January 2007, 2007-0278 dated 05 November 2007 and corrected on 08 November 2007, 2009-0150 dated 09 July 2009, 2010-0089 dated 10 May 2010, 2010-0232 dated 12 November 2010 and 2011- 0196 dated 07 October 2011 and corrected on 23 March 2012",False
2012-0168,b06ca6462d0b4771,2010-0232,2010-0232,supersedes_candidate,"Supersedure: This AD supersedes DGAC France ADs 98-103-082 dated 25 February 1998, 98- 099-066 dated 25 February 1998 and F-2005-030 dated 16 February 2005, and EASA ADs 2006-0187 dated 05 July 2006, 2006-0191 dated 10 July 2006, 2006-0205 dated 11 July 2006, 2007-0023 dated 25 January 2007, 2007-0278 dated 05 November 2007 and corrected on 08 November 2007, 2009-0150 dated 09 July 2009, 2010-0089 dated 10 May 2010, 2010-0232 dated 12 November 2010 and 2011- | This AD supersedes DGAC France ADs 98-103-082 dated 25 February 1998, 98- 099-066 dated 25 February 1998 and F-2005-030 dated 16 February 2005, and EASA ADs 2006-0187 dated 05 July 2006, 2006-0191 dated 10 July 2006, 2006-0205 dated 11 July 2006, 2007-0023 dated 25 January 2007, 2007-0278 dated 05 November 2007 and corrected on 08 November 2007, 2009-0150 dated 09 July 2009, 2010-0089 dated 10 May 2010, 2010-0232 dated 12 November 2010 and 2011- 0196 dated 07 October 2011 and corrected on 23 March 2012",False
2012-0172,baa3547df37d9d6f,2011-0017,2011-0017,supersedes_candidate,Supersedure: This AD supersedes EASA AD 2011-0017 dated 03 February 2011. | This AD supersedes EASA AD 2011-0017 dated 03 February 2011,False
2012-0176,573902828f8f1d26,2006-0372R1,2006-0372,supersedes_candidate,"Supersedure: This AD supersedes EASA AD 2006-0372R1 dated 29 November 2010, EASA AD 2007-0195 dated 19 July 2007, EASA AD 2010-0250 dated 29 November 2010 and EASA AD 2010-0251 dated 29 November 2010. | This AD supersedes EASA AD 2006-0372R1 dated 29 November 2010, EASA AD 2007-0195 dated 19 July 2007, EASA AD 2010-0250 dated 29 November 2010 and EASA AD 2010-0251 dated 29 November 2010 | this new AD retains the requirements of EASA ADs 2006-0372R1, 2007-0195, 2010-0250 and 2010-0251, which are superseded",False
2012-0176,573902828f8f1d26,2007-0195,2007-0195,supersedes_candidate,"Supersedure: This AD supersedes EASA AD 2006-0372R1 dated 29 November 2010, EASA AD 2007-0195 dated 19 July 2007, EASA AD 2010-0250 dated 29 November 2010 and EASA AD 2010-0251 dated 29 November 2010. | This AD supersedes EASA AD 2006-0372R1 dated 29 November 2010, EASA AD 2007-0195 dated 19 July 2007, EASA AD 2010-0250 dated 29 November 2010 and EASA AD 2010-0251 dated 29 November 2010 | this new AD retains the requirements of EASA ADs 2006-0372R1, 2007-0195, 2010-0250 and 2010-0251, which are superseded",False
2012-0176,573902828f8f1d26,2010-0250,2010-0250,supersedes_candidate,"Supersedure: This AD supersedes EASA AD 2006-0372R1 dated 29 November 2010, EASA AD 2007-0195 dated 19 July 2007, EASA AD 2010-0250 dated 29 November 2010 and EASA AD 2010-0251 dated 29 November 2010. | This AD supersedes EASA AD 2006-0372R1 dated 29 November 2010, EASA AD 2007-0195 dated 19 July 2007, EASA AD 2010-0250 dated 29 November 2010 and EASA AD 2010-0251 dated 29 November 2010 | this new AD retains the requirements of EASA ADs 2006-0372R1, 2007-0195, 2010-0250 and 2010-0251, which are superseded",False
2012-0176,573902828f8f1d26,2010-0251,2010-0251,supersedes_candidate,"Supersedure: This AD supersedes EASA AD 2006-0372R1 dated 29 November 2010, EASA AD 2007-0195 dated 19 July 2007, EASA AD 2010-0250 dated 29 November 2010 and EASA AD 2010-0251 dated 29 November 2010. | This AD supersedes EASA AD 2006-0372R1 dated 29 November 2010, EASA AD 2007-0195 dated 19 July 2007, EASA AD 2010-0250 dated 29 November 2010 and EASA AD 2010-0251 dated 29 November 2010 | this new AD retains the requirements of EASA ADs 2006-0372R1, 2007-0195, 2010-0250 and 2010-0251, which are superseded",False
2012-0177,bacb1c46a73e33a1,2011-0166,2011-0166,supersedes_candidate,"Supersedure: This AD supersedes EASA AD 2011-0166 dated 01 September 2011. | This AD supersedes EASA AD 2011-0166 dated 01 September 2011 | this AD retains the requirements of EASA AD 2011-0166, which is superseded",False
2012-0179,4205dd854526435f,2010-0253,2010-0253,supersedes_candidate,Supersedure: This AD supersedes EASA AD 2010-0253 dated 03 December 2010. | This AD supersedes EASA AD 2010-0253 dated 03 December 2010,False
2012-0188,bcbeb564687c56eb,2011-0005,2011-0005,supersedes_candidate,"Supersedure: This AD supersedes EASA AD 2011-0005 dated 17 January 2011 | This AD supersedes EASA AD 2011-0005 dated 17 January 2011 Fuel – Electric / Electronic Common Installation Fuel System Route ATA 28 2S - Modification Manufacturer(s): Airbus (formerly Airbus Industrie) Applicability: A310 aeroplanes, all certified models, all serial numbers Reason: Within the scope of the Fuel System Safety Program (FSSP), analyses of the wire routing showed that the route 2S of the fuel electrical circuit in the Right Hand (RH) wing ensures insufficient segregation between fuel quantity indicati | this new AD retains the requirements of EASA AD 2011-0005, which is superseded",False
2012-0203,5d479725eb5e5153,2006-0282,2006-0282,supersedes_candidate,"Supersedure: This AD supersedes EASA AD 2006-0282 dated 12 September 2006. | This AD supersedes EASA AD 2006-0282 dated 12 September 2006 | this AD retains the requirements of EASA AD 2006-0282, which is superseded",False
2012-0211,c2123682ab842815,2010-0174,2010-0174,supersedes_candidate,"Supersedure: This AD supersedes EASA AD 2010-0174 dated 17 August 2010. | This AD supersedes EASA AD 2010-0174 dated 17 August 2010 | this AD retains the requirements of EASA AD 2010-0174, which is superseded",False
2012-0224,0496860f26ccae03,2012-0028,2012-0028,supersedes_candidate,"Supersedure: This AD supersedes EASA AD 2012-0028 dated 14 February 2012. | This AD supersedes EASA AD 2012-0028 dated 14 February 2012 | this AD retains the requirements of EASA AD 2012-0028, which is superseded",False
2012-0235,4f647f47e6884b8c,2012-0047-E,2012-0047,supersedes_candidate,"Supersedure: This AD supersedes EASA Emergency AD 2012-0047-E dated 21 March 2012. | This AD supersedes EASA Emergency AD 2012-0047-E dated 21 March 2012 | this AD retains the requirements of EASA AD 2012-0047-E, which is superseded",False
2013-0014,3588574fcbaf8d16,2008-0008,2008-0008,supersedes_candidate,Supersedure: This AD supersedes DGAC France AD 1992-049-130(B) R4 dated 02 June 1999 and EASA AD 2008-0008 dated 11 January 2008. | This AD supersedes DGAC France AD 1992-049-130(B) R4 dated 02 June 1999 and EASA AD 2008-0008 dated 11 January 2008 | this new AD supersedes DGAC France AD 1992-049-130(B) R4 and EASA AD 2008-0008 to require a new inspection programme,False
2013-0016,e6c1fb0875e10235,2006-0266,2006-0266,supersedes_candidate,"Supersedure: This AD supersedes EASA AD 2006-0266 dated 30 August 2006. | This AD supersedes EASA AD 2006-0266 dated 30 August 2006 | this AD retains the requirements of EASA AD 2006-0266, which is superseded",False
2013-0021,42801d700da5bf49,2010-0047,2010-0047,supersedes_candidate,"Supersedure: This AD supersedes EASA AD 2010-0047 dated 19 March 2010. | This AD supersedes EASA AD 2010-0047 dated 19 March 2010 | this new AD retains the requirements of EASA AD 2010-0047, which is superseded",False
2013-0022,e8ee7d3767056aa6,2012-0264-E,2012-0264,supersedes_candidate,Supersedure: This AD supersedes EASA AD 2012-0264-E dated 17 December 2012. | This AD supersedes EASA AD 2012-0264-E dated 17 December 2012 | this AD retains the requirements of EASA AD 2012-0264-E which is superseded,False
2013-0023,107e0644e2f504b6,2012-0258-E,2012-0258,supersedes_candidate,Supersedure: This AD supersedes EASA AD 2012-0258-E dated 04 December 2012. | This AD supersedes EASA AD 2012-0258-E dated 04 December 2012 | this AD retains the requirements of EASA AD 2012-0258-E which is superseded,False
2013-0067,3d9c4317617311e8,2011-0170,2011-0170,supersedes_candidate,Supersedure: This AD supersedes EASA AD 2011-0170 issued on 07 September 2011. | This AD supersedes EASA AD 2011-0170 issued on 07 September 2011,False
2013-0068,d3743f1d76efa751,2010-0016R1,2010-0016,supersedes_candidate,"Supersedure: This AD supersedes EASA AD 2010-0016R1 dated 09 February 2010. | This AD supersedes EASA AD 2010-0016R1 dated 09 February 2010 | this new AD retains the requirements of EASA AD 2010-0016R1, which is superseded",False
2013-0075,60fa2063f0b179d6,2007-0092,2007-0092,supersedes_candidate,"Supersedure: This AD supersedes EASA AD 2007-0092 dated 10 April 2007. | This AD supersedes EASA AD 2007-0092 dated 10 April 2007 | this new AD retains the requirements of EASA AD 2007-0092, which is superseded",False
2013-0099,f33716b9a78b85d5,2011-0238,2011-0238,supersedes_candidate,Supersedure: This AD supersedes EASA AD 2011-0238 dated 14 December 2011. | This AD supersedes EASA AD 2011-0238 dated 14 December 2011,False
2013-0101,4af01e9d4ebaef6d,2013-0092,2013-0092,supersedes_candidate,Supersedure: This AD supersedes EASA AD 2013-0092 dated 15 April 2013. | This AD supersedes EASA AD 2013-0092 dated 15 April 2013,False
2013-0127,7d47d8c89174b2c1,2008-0050,2008-0050,supersedes_candidate,"Supersedure: This AD supersedes EASA AD 2010-0036 dated 08 March 2010 and EASA AD 2008-0050 dated 04 March 2008. | This AD supersedes EASA AD 2010-0036 dated 08 March 2010 and EASA AD 2008-0050 dated 04 March 2008 | this AD retains the requirements of EASA AD 2010-0036 and those of EASA AD 2008-0050, which are superseded",False
2013-0127,7d47d8c89174b2c1,2010-0036,2010-0036,supersedes_candidate,"Supersedure: This AD supersedes EASA AD 2010-0036 dated 08 March 2010 and EASA AD 2008-0050 dated 04 March 2008. | This AD supersedes EASA AD 2010-0036 dated 08 March 2010 and EASA AD 2008-0050 dated 04 March 2008 | this AD retains the requirements of EASA AD 2010-0036 and those of EASA AD 2008-0050, which are superseded",False
2013-0129,1356b2a9c2b8276a,2012-0214,2012-0214,supersedes_candidate,"Supersedure: This AD supersedes EASA AD 2012-0214 dated 18 October 2012. | This AD supersedes EASA AD 2012-0214 dated 18 October 2012 | this AD retains the requirements of EASA AD 2012-0214, which is superseded",False
2013-0147,90ce4983265fe0d4,2010-0071R1,2010-0071,supersedes_candidate,"Supersedure: This AD supersedes EASA AD 2010-0071R1 dated 28 May 2010, and EASA AD 2011-0231 dated 09 December 2011. | This AD supersedes EASA AD 2010-0071R1 dated 28 May 2010, and EASA AD 2011-0231 dated 09 December 2011 | this AD retains the requirements of EASA AD 2010-0071R1 and those of EASA AD 2011-0231, which are superseded",False
2013-0147,90ce4983265fe0d4,2011-0231,2011-0231,supersedes_candidate,"Supersedure: This AD supersedes EASA AD 2010-0071R1 dated 28 May 2010, and EASA AD 2011-0231 dated 09 December 2011. | This AD supersedes EASA AD 2010-0071R1 dated 28 May 2010, and EASA AD 2011-0231 dated 09 December 2011 | this AD retains the requirements of EASA AD 2010-0071R1 and those of EASA AD 2011-0231, which are superseded",False
2013-0158,538fe99c0aff1a2d,2007-0269R1,2007-0269,supersedes_candidate,"Supersedure: This AD supersedes EASA AD 2007-0269R1 dated 15 October 2007. | This AD supersedes EASA AD 2007-0269R1 dated 15 October 2007 | this AD retains the requirements of EASA AD 2007-0269R1, which is superseded",False
2013-0167,5c73a9e47aae0dfc,2008-0001,2008-0001,supersedes_candidate,"Supersedure: This AD supersedes DGAC France AD 1993-228-154(B) R3 dated 02 June 1999, and EASA AD 2008-0001 dated 03 January 2008. | This AD supersedes DGAC France AD 1993-228-154(B) R3 dated 02 June 1999, and EASA AD 2008-0001 dated 03 January 2008 | this new AD retains the requirements of DGAC France AD 1993-228-154(B)R3 and EASA AD 2008-0001, which are superseded",False
2013-0179,4b67556c8c1ea758,2010-0034,2010-0034,supersedes_candidate,"Supersedure: This AD supersedes EASA AD 2010-0034 dated 05 March 2010, including its correction dated 08 March 2010. | This AD supersedes EASA AD 2010-0034 dated 05 March 2010, including its correction dated 08 March 2010 | this AD retains the requirements of EASA AD 2010-0034 which is superseded",False
2013-0202,2dd47bd623ac9689,2011-0202,2011-0202,supersedes_candidate,"Supersedure: This AD supersedes EASA AD 2011-0202 dated 13 October 2011. | This AD supersedes EASA AD 2011-0202 dated 13 October 2011 | this AD retains the requirements of EASA AD 2011-0202, which is superseded",False
2013-0204,d9969f02fe97b962,2011-0084,2011-0084,supersedes_candidate,"Supersedure: This AD supersedes EASA AD 2011-0084 dated 24 May 2011. | This AD supersedes EASA AD 2011-0084 dated 24 May 2011 | this AD retains the requirements of EASA AD 2011-0084, which is superseded",False
2013-0216,7c35b17f7ba6ca26,2013-0014,2013-0014,supersedes_candidate,"Supersedure: This AD supersedes EASA AD 2013-0014 dated 16 January 2013. | This AD supersedes EASA AD 2013-0014 dated 16 January 2013 | this AD retains the requirements of EASA AD 2013-0014, which is superseded",False
2013-0219,c8418a209725eeaa,2013-0076,2013-0076,supersedes_candidate,"Supersedure: This AD supersedes EASA AD 2013-0076 dated 20 March 2013. | This AD supersedes EASA AD 2013-0076 dated 20 March 2013 | this AD retains the requirements of EASA AD 2013-0076, which is superseded",False
2013-0233,91b4988a7ed78172,2013-0024,2013-0024,supersedes_candidate,"Supersedure: This AD supersedes EASA AD 2013-0024 dated 07 February 2013. | This AD supersedes EASA AD 2013-0024 dated 07 February 2013 | this AD retains the requirements of EASA AD 2013-0024, which is superseded",False
2013-0245,d92403f2e712db53,2010-0264,2010-0264,supersedes_candidate,"Supersedure: This AD supersedes the EASA AD 2010-0264 dated 20 December 2010. | This AD supersedes the EASA AD 2010-0264 dated 20 December 2010 | this new AD retains the requirements of EASA AD 2010-0264, which is superseded",False
2013-0247,1dfcf433293e75d8,2008-0213,2008-0213,supersedes_candidate,"Supersedure: This AD supersedes EASA AD 2008-0213 dated 08 December 2008. | This AD supersedes EASA AD 2008-0213 dated 08 December 2008 | this AD retains the requirements of EASA AD 2008-0213, which is superseded",False
2013-0248,8fa059230f578ced,2007-0293,2007-0293,supersedes_candidate,"Supersedure: This AD supersedes EASA AD 2007-0293 dated 29 November 2007. | This AD supersedes EASA AD 2007-0293 dated 29 November 2007 | this AD retains the requirements of EASA AD 2007-0293, which is superseded",False
2013-0256,f3e06c0667f4ff94,2011-0242,2011-0242,supersedes_candidate,"Supersedure: This AD supersedes EASA AD 2011-0242 dated 19 December 2011 and corrected 15 February 2012. | This AD supersedes EASA AD 2011-0242 dated 19 December 2011 and corrected 15 February 2012 | this AD retains the requirements of EASA AD 2011-0242, which is superseded",False
2013-0267R1,8186df3742d1190a,2012-0015,2012-0015,supersedes_candidate,"this AD retains the requirements of EASA AD 2012-0015, which is superseded",False
2013-0268,e9bd00fdbe8347d7,2006-0159,2006-0159,supersedes_candidate,"Supersedure: This AD supersedes EASA AD 2006-0159 dated 07 June 2006, EASA AD 2008-0026 dated 12 February 2008, EASA AD 2008-0160 dated 22 August 2008 and EASA AD 2012-0020 dated 30 January 2012. | This AD supersedes EASA AD 2006-0159 dated 07 June 2006, EASA AD 2008-0026 dated 12 February 2008, EASA AD 2008-0160 dated 22 August 2008 and EASA AD 2012-0020 dated 30 January 2012 | this AD also supersedes EASA AD 2006-0159, EASA AD 2008-0026 and EASA AD 2008-0160, whose requirements applicable to A330 aeroplanes have been transferred into Airbus A330 ALS Part 4 | this AD retains the requirements of EASA AD 2012-0020, which is superseded",False
2013-0268,e9bd00fdbe8347d7,2008-0026,2008-0026,supersedes_candidate,"Supersedure: This AD supersedes EASA AD 2006-0159 dated 07 June 2006, EASA AD 2008-0026 dated 12 February 2008, EASA AD 2008-0160 dated 22 August 2008 and EASA AD 2012-0020 dated 30 January 2012. | This AD supersedes EASA AD 2006-0159 dated 07 June 2006, EASA AD 2008-0026 dated 12 February 2008, EASA AD 2008-0160 dated 22 August 2008 and EASA AD 2012-0020 dated 30 January 2012 | this AD also supersedes EASA AD 2006-0159, EASA AD 2008-0026 and EASA AD 2008-0160, whose requirements applicable to A330 aeroplanes have been transferred into Airbus A330 ALS Part 4 | this AD retains the requirements of EASA AD 2012-0020, which is superseded",False
2013-0268,e9bd00fdbe8347d7,2008-0160,2008-0160,supersedes_candidate,"Supersedure: This AD supersedes EASA AD 2006-0159 dated 07 June 2006, EASA AD 2008-0026 dated 12 February 2008, EASA AD 2008-0160 dated 22 August 2008 and EASA AD 2012-0020 dated 30 January 2012. | This AD supersedes EASA AD 2006-0159 dated 07 June 2006, EASA AD 2008-0026 dated 12 February 2008, EASA AD 2008-0160 dated 22 August 2008 and EASA AD 2012-0020 dated 30 January 2012 | this AD also supersedes EASA AD 2006-0159, EASA AD 2008-0026 and EASA AD 2008-0160, whose requirements applicable to A330 aeroplanes have been transferred into Airbus A330 ALS Part 4 | this AD retains the requirements of EASA AD 2012-0020, which is superseded",False
2013-0268,e9bd00fdbe8347d7,2012-0020,2012-0020,supersedes_candidate,"Supersedure: This AD supersedes EASA AD 2006-0159 dated 07 June 2006, EASA AD 2008-0026 dated 12 February 2008, EASA AD 2008-0160 dated 22 August 2008 and EASA AD 2012-0020 dated 30 January 2012. | This AD supersedes EASA AD 2006-0159 dated 07 June 2006, EASA AD 2008-0026 dated 12 February 2008, EASA AD 2008-0160 dated 22 August 2008 and EASA AD 2012-0020 dated 30 January 2012 | this AD also supersedes EASA AD 2006-0159, EASA AD 2008-0026 and EASA AD 2008-0160, whose requirements applicable to A330 aeroplanes have been transferred into Airbus A330 ALS Part 4 | this AD retains the requirements of EASA AD 2012-0020, which is superseded",False
2013-0269,07122c4e8a54c449,2008-0026,2008-0026,supersedes_candidate,"Supersedure: This AD supersedes EASA AD 2008-0026 dated 12 February 2008, EASA AD 2008-0160 dated 22 August 2008 and EASA AD 2012-0021 dated 30 January 2012. | This AD supersedes EASA AD 2008-0026 dated 12 February 2008, EASA AD 2008-0160 dated 22 August 2008 and EASA AD 2012-0021 dated 30 January 2012 | this AD also supersedes EASA AD 2008-0026 and EASA AD 2008-0160, whose requirements applicable to A340 aeroplanes have been transferred into Airbus A340 ALS Part 4 | this AD retains the requirements of EASA AD 2012-0021, which is superseded",False
2013-0269,07122c4e8a54c449,2008-0160,2008-0160,supersedes_candidate,"Supersedure: This AD supersedes EASA AD 2008-0026 dated 12 February 2008, EASA AD 2008-0160 dated 22 August 2008 and EASA AD 2012-0021 dated 30 January 2012. | This AD supersedes EASA AD 2008-0026 dated 12 February 2008, EASA AD 2008-0160 dated 22 August 2008 and EASA AD 2012-0021 dated 30 January 2012 | this AD also supersedes EASA AD 2008-0026 and EASA AD 2008-0160, whose requirements applicable to A340 aeroplanes have been transferred into Airbus A340 ALS Part 4 | this AD retains the requirements of EASA AD 2012-0021, which is superseded",False
2013-0269,07122c4e8a54c449,2012-0021,2012-0021,supersedes_candidate,"Supersedure: This AD supersedes EASA AD 2008-0026 dated 12 February 2008, EASA AD 2008-0160 dated 22 August 2008 and EASA AD 2012-0021 dated 30 January 2012. | This AD supersedes EASA AD 2008-0026 dated 12 February 2008, EASA AD 2008-0160 dated 22 August 2008 and EASA AD 2012-0021 dated 30 January 2012 | this AD also supersedes EASA AD 2008-0026 and EASA AD 2008-0160, whose requirements applicable to A340 aeroplanes have been transferred into Airbus A340 ALS Part 4 | this AD retains the requirements of EASA AD 2012-0021, which is superseded",False
2013-0271,fc4af5727452e8df,2007-0247R1,2007-0247,supersedes_candidate,"Supersedure: This AD supersedes EASA AD 2007-0247R1-E dated 07 September 2007, including the correction dated 04 October 2007. | This AD supersedes EASA AD 2007-0247R1-E dated 07 September 2007, including the correction dated 04 October 2007 | this AD, which supersedes EASA EAD 2007-0247 R1-E and retains its requirements, is issued to expand the applicability to the newly certified models A330-223F and A330-243F and to reduce the threshold further to the risk assessment of recent in-service experience",False
2013-0272,e96e1c6653e870fe,2006-0314,2006-0314,supersedes_candidate,"Supersedure: This AD supersedes EASA AD 2006-0314 dated 13 October 2006. | This AD supersedes EASA AD 2006-0314 dated 13 October 2006 | this AD retains the requirements of EASA AD 2006-0314, which is superseded",False
2013-0277R1,5f692f6f61e2967e,2011-0034,2011-0034,supersedes_candidate,"this AD retains the requirements of EASA AD 2011-0034, which is superseded",False
2013-0288,78e0fc2cbd550574,2011-0069R1,2011-0069,supersedes_candidate,"Supersedure: This AD supersedes EASA AD 2011-0069R1 dated 11 April 2012, and EASA Emergency AD 2013-0132-E dated 25 June 2013. | This AD supersedes EASA AD 2011-0069R1 dated 11 April 2012, and EASA Emergency AD 2013-0132-E dated 25 June 2013 | this AD retains the requirements of EASA AD 2011-0069R1 and AD 2013-0132-E, which are superseded",False
2013-0288,78e0fc2cbd550574,2013-0132-E,2013-0132,supersedes_candidate,"Supersedure: This AD supersedes EASA AD 2011-0069R1 dated 11 April 2012, and EASA Emergency AD 2013-0132-E dated 25 June 2013. | This AD supersedes EASA AD 2011-0069R1 dated 11 April 2012, and EASA Emergency AD 2013-0132-E dated 25 June 2013 | this AD retains the requirements of EASA AD 2011-0069R1 and AD 2013-0132-E, which are superseded",False
2013-0309,86be40eab82113c3,2010-0046R1,2010-0046,supersedes_candidate,"Supersedure: This AD supersedes EASA AD 2010-0046R1 dated 23 May 2012. | This AD supersedes EASA AD 2010-0046R1 dated 23 May 2012 | this AD retains the requirements of EASA AD 2010-0046R1, which is superseded",False
2014-0009,cc1c5f02a6f9fa7f,2011-0122-E,2011-0122,supersedes_candidate,"Supersedure: This AD supersedes EASA AD 2011-0122-E dated 29 June 2011, EASA AD 2011-0212 dated 31 October 2011 and EASA AD 2012-0179 dated 07 September 2012. | This AD supersedes EASA AD 2011-0122-E dated 29 June 2011, EASA AD 2011-0212 dated 31 October 2011 and EASA AD 2012-0179 dated 07 September 2012 | this AD also supersedes EASA AD 2011-0122-E and EASA AD 2011-0212, whose requirements have been transferred into Airbus A330 and A340 ALS Part 1 revision 07 | this AD retains the requirements of EASA AD 2012-0179, which is superseded",False
2014-0009,cc1c5f02a6f9fa7f,2011-0212,2011-0212,supersedes_candidate,"Supersedure: This AD supersedes EASA AD 2011-0122-E dated 29 June 2011, EASA AD 2011-0212 dated 31 October 2011 and EASA AD 2012-0179 dated 07 September 2012. | This AD supersedes EASA AD 2011-0122-E dated 29 June 2011, EASA AD 2011-0212 dated 31 October 2011 and EASA AD 2012-0179 dated 07 September 2012 | this AD also supersedes EASA AD 2011-0122-E and EASA AD 2011-0212, whose requirements have been transferred into Airbus A330 and A340 ALS Part 1 revision 07 | this AD retains the requirements of EASA AD 2012-0179, which is superseded",False
2014-0009,cc1c5f02a6f9fa7f,2012-0179,2012-0179,supersedes_candidate,"Supersedure: This AD supersedes EASA AD 2011-0122-E dated 29 June 2011, EASA AD 2011-0212 dated 31 October 2011 and EASA AD 2012-0179 dated 07 September 2012. | This AD supersedes EASA AD 2011-0122-E dated 29 June 2011, EASA AD 2011-0212 dated 31 October 2011 and EASA AD 2012-0179 dated 07 September 2012 | this AD also supersedes EASA AD 2011-0122-E and EASA AD 2011-0212, whose requirements have been transferred into Airbus A330 and A340 ALS Part 1 revision 07 | this AD retains the requirements of EASA AD 2012-0179, which is superseded",False
2014-0012R1,e64f97db70a2f129,2007-0284,2007-0284,supersedes_candidate,"this AD retains the requirements of EASA AD 2007-0284, which is superseded",False
2014-0014,2918b8c86f7bd90d,2010-0091R1,2010-0091,supersedes_candidate,"Supersedure: This AD supersedes DGAC France AD 2001-062 dated 21 February 2001, and EASA AD 2010-0091R1 dated 12 October 2010. | This AD supersedes DGAC France AD 2001-062 dated 21 February 2001, and EASA AD 2010-0091R1 dated 12 October 2010 | this AD supersedes DGAC France AD 2001-062 and EASA AD 2010-0091R1 and requires repetitive inspections to detect liquid ingress potentially trapped into the elevator structure and, depending on findings, accomplishment of applicable corrective actions",False
2014-0018R1,5a78963ef5813d93,2011-0006,2011-0006,supersedes_candidate,"this AD retains the requirements of EASA AD 2011-0006, which is superseded",False
2014-0045,c177a9861e1b7aef,2013-0153,2013-0153,supersedes_candidate,"Supersedure: This AD supersedes EASA AD 2013-0153 dated 18 July 2013. | This AD supersedes EASA AD 2013-0153 dated 18 July 2013 | this AD retains the requirements of EASA AD 2013-0153, which is superseded",False
2014-0077,a538a0edc8886fea,2013-0074,2013-0074,supersedes_candidate,"Supersedure: This AD supersedes EASA AD 2013-0074 dated 20 March 2013. | This AD supersedes EASA AD 2013-0074 dated 20 March 2013 | this AD retains the requirements of EASA AD 2013-0074, which is superseded",False
2014-0090,2c96a930689ee2f7,2011-0013R1,2011-0013,supersedes_candidate,"Supersedure: This AD supersedes EASA AD 2011-0013R1 dated 27 March 2012. | This AD supersedes EASA AD 2011-0013R1 dated 27 March 2012 | this new AD retains the requirements of EASA AD 2011-0013R1, which is superseded",False
2014-0103,6fd394b8ec46c350,2013-0023,2013-0023,supersedes_candidate,"Supersedure: This AD supersedes EASA AD 2013-0023 dated 01 February 2013. | This AD supersedes EASA AD 2013-0023 dated 01 February 2013 | this AD retains the requirements of EASA AD 2013-0023, which is superseded",False
2014-0137,b1981386d389e213,2013-0309,2013-0309,supersedes_candidate,"Supersedure: This AD supersedes EASA AD 2013-0309 dated 20 December 2013, including the Correction dated 08 January 2014. | This AD supersedes EASA AD 2013-0309 dated 20 December 2013, including the Correction dated 08 January 2014 | this AD retains the requirements of EASA AD 2013-0309, which is superseded",False
2014-0147,e733132f19f0af39,2008-0150,2008-0150,supersedes_candidate,"Supersedure: This AD supersedes EASA AD 2008-0150 dated 05 August 2008. | This AD supersedes EASA AD 2008-0150 dated 05 August 2008 | this EASA AD retains the requirements of EASA AD 2008-0150, which is superseded",False
2014-0148,f1c694a207a723c4,2013-0033,2013-0033,supersedes_candidate,"Supersedure: This AD supersedes EASA AD 2013-0033 dated 19 February 2013. | This AD supersedes EASA AD 2013-0033 dated 19 February 2013 | this AD retains the requirements of EASA AD 2013-0033, which is superseded",False
2014-0156,cab04d3fb41a1c38,2011-0113,2011-0113,supersedes_candidate,"Supersedure: This AD supersedes EASA AD 2011-0113, dated 17 June 2011. | This AD supersedes EASA AD 2011-0113, dated 17 June 2011 | this AD retains the requirements of EASA AD 2011-0113, which is superseded",False
2014-0193,c84f40a34f94d33e,2007-0096R1,2007-0096,supersedes_candidate,"Supersedure: This AD supersedes EASA AD 2007-0096R1 dated 02 May 2007. | This AD supersedes EASA AD 2007-0096R1 dated 02 May 2007 | this AD retains the requirements of EASA AD 2007-0096R1, which is superseded",False
2014-0194,7f752bf6bf1e1e37,2007-0095R1,2007-0095,supersedes_candidate,"Supersedure: This AD supersedes EASA AD 2007-0095R1 dated 02 May 2007. | This AD supersedes EASA AD 2007-0095R1 dated 02 May 2007 | this AD retains the requirements of EASA AD 2007-0095R1, which is superseded",False
2014-0195,f2e344ba90b1ca7a,2007-0094R1,2007-0094,supersedes_candidate,"Supersedure: This AD supersedes EASA AD 2007-0094R1 dated 25 April 2007. | This AD supersedes EASA AD 2007-0094R1 dated 25 April 2007 | this AD retains the requirements of EASA AD 2007-0094R1, which is superseded",False
2014-0198,6bc4cbe7cff8da32,2008-0051R1,2008-0051,supersedes_candidate,"Supersedure: This AD supersedes EASA AD 2008-0051R1 dated 14 April 2010. | This AD supersedes EASA AD 2008-0051R1 dated 14 April 2010 | this AD retains the requirements of EASA AD 2008-0051R1, which is superseded",False
2014-0200R1,f8cfb303f1dbf1ef,2008-0211,2008-0211,supersedes_candidate,"this AD retains the requirements of EASASUPERSEDED AD 2008-0211, which is superseded",False
2014-0207,6ea919e92da34826,2012-0055R1,2012-0055,supersedes_candidate,"Supersedure: This AD supersedes EASA AD 2012-0055R1 dated 17 October 2012. | This AD supersedes EASA AD 2012-0055R1 dated 17 October 2012 | this AD retains the requirements of EASA AD 2012-0055R1, which is superseded",False
2014-0208,0b3e597169accd61,2012-0083,2012-0083,supersedes_candidate,"Supersedure: This AD supersedes EASA AD 2012-0083 dated 16 May 2012. | This AD supersedes EASA AD 2012-0083 dated 16 May 2012 | this AD retains the requirements of EASA AD 2012-0083, which is superseded",False
2014-0219,10040a2206f44f6a,2010-0192,2010-0192,supersedes_candidate,"Supersedure: This AD supersedes EASA AD 2010-0192 and EASA AD 2010-0193, both dated 29 September 2010, including their Corrections, both dated 11 October 2010. | This AD supersedes EASA AD 2010-0192 and EASA AD 2010-0193, both dated 29 September 2010, including their Corrections, both dated 11 October 2010",False
2014-0219,10040a2206f44f6a,2010-0193,2010-0193,supersedes_candidate,"Supersedure: This AD supersedes EASA AD 2010-0192 and EASA AD 2010-0193, both dated 29 September 2010, including their Corrections, both dated 11 October 2010. | This AD supersedes EASA AD 2010-0192 and EASA AD 2010-0193, both dated 29 September 2010, including their Corrections, both dated 11 October 2010",False
2014-0221R1,bd04c96449d26680,2013-0288,2013-0288,supersedes_candidate,"Supersedure: This AD revises EASA AD 2014-0221, dated 30 September 2014, which superseded EASA AD 2013-0288 dated 06 December 2013.",False
2014-0248,6093c016fa01e8a0,2013-0250R1,2013-0250,supersedes_candidate,"Supersedure: This AD supersedes EASA AD 2013-0250R1 dated 31 October 2013. | This AD supersedes EASA AD 2013-0250R1 dated 31 October 2013 | this AD retains the requirements of EASA AD 2013-0250R1, which is superseded",False
2014-0260,54f1d95e406ec22c,2011-0155R1,2011-0155,supersedes_candidate,"Supersedure: This AD supersedes EASA AD 2011-0155R1 dated 31 January 2012. | This AD supersedes EASA AD 2011-0155R1 dated 31 January 2012 | this AD retains the requirements of EASA AD 2011-0155R1, which is superseded",False
2014-0265,90f366ce88feb9a6,2007-0091,2007-0091,supersedes_candidate,"Supersedure: This AD supersedes EASA AD 2007-0091 dated 10 April 2007. | This AD supersedes EASA AD 2007-0091 dated 10 April 2007 | this AD retains the requirements of EASA AD 2007-0091, which is superseded",False
2014-0274,0e0ef048d13f5406,2012-0062,2012-0062,supersedes_candidate,"Supersedure: This AD supersedes EASA AD 2012-0062 dated 13 April 2012. | This AD supersedes EASA AD 2012-0062 dated 13 April 2012 | this AD retains the requirements of EASA AD 2012-0062, which is superseded",False
2014-0281,42d8a3f170121fa5,2014-0273,2014-0273,supersedes_candidate,"Supersedure: This AD supersedes EASA AD 2014-0273 dated 17 December 2014. | This AD supersedes EASA AD 2014-0273 dated 17 December 2014 | this AD retains the requirements of EASA AD 2014-0273, which is superseded",False
2015-0009,34fc61d4cb75c2a2,2012-0070,2012-0070,supersedes_candidate,"Supersedure: This AD supersedes EASA AD 2012-0244R1 dated 25 January 2013, which superseded EASA AD 2012-0070 dated 25 April 2012, including the Correction dated 26 April 2012. | This AD supersedes EASA AD 2012-0244R1 dated 25 January 2013, which superseded EASA AD 2012-0070 dated 25 April 2012, including the Correction dated 26 April 2012 | this AD retains the requirements of EASA AD 2012-0244R1, which is superseded",False
2015-0009,34fc61d4cb75c2a2,2012-0244R1,2012-0244,supersedes_candidate,"Supersedure: This AD supersedes EASA AD 2012-0244R1 dated 25 January 2013, which superseded EASA AD 2012-0070 dated 25 April 2012, including the Correction dated 26 April 2012. | This AD supersedes EASA AD 2012-0244R1 dated 25 January 2013, which superseded EASA AD 2012-0070 dated 25 April 2012, including the Correction dated 26 April 2012 | this AD retains the requirements of EASA AD 2012-0244R1, which is superseded",False
2015-0021,ad6cc561a6276f92,2013-0050,2013-0050,supersedes_candidate,"Supersedure: This AD supersedes EASA AD 2013-0050 dated 05 March 2013. | This AD supersedes EASA AD 2013-0050 dated 05 March 2013 | this AD retains the requirements of EASA AD 2013-0050, which is superseded",False
2015-0051,505d3f5e045eb3fe,2012-0100R3,2012-0100,supersedes_candidate,"Supersedure: This AD supersedes EASA AD 2012-0100R3 dated 02 October 2013, including the Correction dated 25 October 2013. | This AD supersedes EASA AD 2012-0100R3 dated 02 October 2013, including the Correction dated 25 October 2013",False
2015-0062,2bd55121e563c539,2011-0134,2011-0134,supersedes_candidate,"Supersedure: This AD supersedes EASA AD 2011-0134 dated 15 July 2011. | This AD supersedes EASA AD 2011-0134 dated 15 July 2011 | this AD retains the requirements of EASA AD 2011-0134, which is superseded",False
2015-0079,fb73f3ddab62a494,2014-0066,2014-0066,supersedes_candidate,"Supersedure: This AD supersedes EASA AD 2014-0066 dated 14 March 2014, including its Correction dated 20 March 2014. | This AD supersedes EASA AD 2014-0066 dated 14 March 2014, including its Correction dated 20 March 2014",False
2015-0083,07ddf6fa631649d1,2013-0147,2013-0147,supersedes_candidate,"Supersedure: This AD supersedes EASA AD 2013-0147 dated 16 July 2013. | This AD supersedes EASA AD 2013-0147 dated 16 July 2013 | this AD retains the requirements of EASA AD 2013-0147, which is superseded",False
2015-0085,05352fcbe2d9afa0,2014-0176,2014-0176,supersedes_candidate,"Supersedure: This AD supersedes EASA AD 2014-0176 dated 25 July 2014. | This AD supersedes EASA AD 2014-0176 dated 25 July 2014 | this AD retains the requirements of EASA AD 2014-0176, which is superseded",False
2015-0087,435215327d76fdce,2012-0236R1,2012-0236,supersedes_candidate,"Supersedure: This AD supersedes EASA AD 2012-0236R1 dated 17 December 2012, AD 2013-0022 dated 01 February 2013, and Emergency AD 2014-0266-E dated 09 December 2014. | This AD supersedes EASA AD 2012-0236R1 dated 17 December 2012, AD 2013-0022 dated 01 February 2013, and Emergency AD 2014-0266-E dated 09 December 2014 | this AD retains the requirements of EASA AD 2012-0236R1, AD 2013-0022 (partially), and AD 2014-0266-E, which are superseded",False
2015-0087,435215327d76fdce,2013-0022,2013-0022,supersedes_candidate,"Supersedure: This AD supersedes EASA AD 2012-0236R1 dated 17 December 2012, AD 2013-0022 dated 01 February 2013, and Emergency AD 2014-0266-E dated 09 December 2014. | This AD supersedes EASA AD 2012-0236R1 dated 17 December 2012, AD 2013-0022 dated 01 February 2013, and Emergency AD 2014-0266-E dated 09 December 2014 | this AD retains the requirements of EASA AD 2012-0236R1, AD 2013-0022 (partially), and AD 2014-0266-E, which are superseded",False
2015-0087,435215327d76fdce,2014-0266-E,2014-0266,supersedes_candidate,"Supersedure: This AD supersedes EASA AD 2012-0236R1 dated 17 December 2012, AD 2013-0022 dated 01 February 2013, and Emergency AD 2014-0266-E dated 09 December 2014. | This AD supersedes EASA AD 2012-0236R1 dated 17 December 2012, AD 2013-0022 dated 01 February 2013, and Emergency AD 2014-0266-E dated 09 December 2014 | this AD retains the requirements of EASA AD 2012-0236R1, AD 2013-0022 (partially), and AD 2014-0266-E, which are superseded",False
2015-0117,a9983cdb79b9c72f,2014-0275R1,2014-0275,supersedes_candidate,"Supersedure: This AD supersedes EASA AD 2014-0275R1 dated 19 January 2015. | This AD supersedes EASA AD 2014-0275R1 dated 19 January 2015 | this AD retains the requirements of the EASA AD 2014-0275R1, which is superseded",False
2015-0118,052fb87c87edf1b7,2014-0280,2014-0280,supersedes_candidate,"Supersedure: This AD supersedes EASA AD 2014-0280 dated 19 December 2014. | This AD supersedes EASA AD 2014-0280 dated 19 December 2014 | this AD retains the requirements of EASA AD 2014-0280, which is superseded",False
2015-0119,8aa125a9d0098cd2,2014-0277,2014-0277,supersedes_candidate,"Supersedure: This AD supersedes EASA AD 2014-0277 dated 19 December 2014. | This AD supersedes EASA AD 2014-0277 dated 19 December 2014 | this AD retains the requirements of EASA AD 2014-0277, which is superseded",False
2015-0125,bd070d59861a0ae8,2014-0242,2014-0242,supersedes_candidate,Supersedure: This AD supersedes EASA AD 2014-0242 dated 05 November 2014. | This AD supersedes EASA AD 2014-0242 dated 05 November 2014,False
2015-0126,461f53817fab4335,2013-0094,2013-0094,supersedes_candidate,"Supersedure: This AD supersedes EASA AD 2013-0094 dated 16 April 2013. | This AD supersedes EASA AD 2013-0094 dated 16 April 2013 | this AD, which supersedes EASA AD 2013-0094, requires repetitive US inspections of the aft mount-pylons bolts of each engine and, depending on findings, corrective actions",False
2015-0134,537cb9483f347549,2015-0089,2015-0089,supersedes_candidate,"Supersedure: This AD supersedes EASA AD 2015-0089 dated 22 May 2015. | This AD supersedes EASA AD 2015-0089 dated 22 May 2015 | this AD retains the requirements of EASA AD 2015-0089, which is superseded",False
2015-0146,dce7cfb758a454e0,2012-0245-E,2012-0245,supersedes_candidate,"Supersedure: This AD supersedes EASA Emergency AD 2012-0245-E dated 16 November 2012. | This AD supersedes EASA Emergency AD 2012-0245-E dated 16 November 2012 | this AD retains the requirements of EASA AD 2012-0245-E, which is superseded",False
2015-0150,beb5923bd2e02e26,2014-0097-E,2014-0097,supersedes_candidate,"Supersedure: This AD supersedes EASA AD 2014-0097-E dated 23 April 2014. | This AD supersedes EASA AD 2014-0097-E dated 23 April 2014 | this AD retains the requirements of EASA AD 2014-0097-E, which is superseded",False
2015-0174,ea8c6f43c7851c2e,2012-0088,2012-0088,supersedes_candidate,"Supersedure: This AD supersedes EASA AD 2012-0088 dated 25 June 2012. | This AD supersedes EASA AD 2012-0088 dated 25 June 2012 | this AD retains the requirements of EASA AD 2012-0088, which is superseded",False
2015-0176,693d8ab8a562ba54,2014-0034,2014-0034,supersedes_candidate,"Supersedure: This AD supersedes EASA AD 2014-0034 dated 05 February 2014. | This AD supersedes EASA AD 2014-0034 dated 05 February 2014 | this AD retains the requirement of the EASA AD 2014-0034, which is superseded",False
2015-0192,e4e7746fa0d0e15a,2011-0007R1,2011-0007,supersedes_candidate,"Supersedure: This AD supersedes EASA AD 2011-0007R1 dated 14 February 2011 and EASA AD 2012-0274 dated 21 December 2012. | This AD supersedes EASA AD 2011-0007R1 dated 14 February 2011 and EASA AD 2012-0274 dated 21 December 2012 | This AD, which supersedes EASA AD 2011-0007R1 and EASA AD 2012-0274, requires for each FWD and AFT cargo door, a one-time inspection / adjustment of the hook gaps “U” and “V”, repetitive detailed inspections (DET) of all frame fork areas, frame head areas and outer skin areas to detect loose / sheared / missing fasteners or cracks, and, depending on findings, accomplishment of applicable corrective action(s)",False
2015-0192,e4e7746fa0d0e15a,2012-0274,2012-0274,supersedes_candidate,"Supersedure: This AD supersedes EASA AD 2011-0007R1 dated 14 February 2011 and EASA AD 2012-0274 dated 21 December 2012. | This AD supersedes EASA AD 2011-0007R1 dated 14 February 2011 and EASA AD 2012-0274 dated 21 December 2012 | This AD, which supersedes EASA AD 2011-0007R1 and EASA AD 2012-0274, requires for each FWD and AFT cargo door, a one-time inspection / adjustment of the hook gaps “U” and “V”, repetitive detailed inspections (DET) of all frame fork areas, frame head areas and outer skin areas to detect loose / sheared / missing fasteners or cracks, and, depending on findings, accomplishment of applicable corrective action(s)",False
2015-0205,4045b7810cfca87a,2014-0237R1,2014-0237,supersedes_candidate,"Supersedure: This AD supersedes EASA AD 2014-0237R1 dated 05 December 2014. | This AD supersedes EASA AD 2014-0237R1 dated 05 December 2014 | this AD retains the requirements of EASA AD 2014-0237R1, which is superseded",False
2015-0208,83b5d97fe2894d1d,2014-0171R1,2014-0171,supersedes_candidate,"Supersedure: This AD supersedes EASA AD 2014-0171R1 dated 26 January 2015. | This AD supersedes EASA AD 2014-0171R1 dated 26 January 2015 | this AD retains the requirements of EASA AD 2014-0171R1, which is superseded",False
2015-0214,15be2811191eb92c,2012-0094,2012-0094,supersedes_candidate,"Supersedure: This AD supersedes EASA AD 2012-0094 dated 31 May 2012. | This AD supersedes EASA AD 2012-0094 dated 31 May 2012 | this AD retains the requirements of EASA AD 2012-0094, which is superseded",False
2015-0217,95d81a5befa381ee,2012-0103,2012-0103,supersedes_candidate,"Supersedure: This AD supersedes EASA AD 2012-0103 dated 11 June 2012. | This AD supersedes EASA AD 2012-0103 dated 11 June 2012 | this AD supersedes EASA AD 2012-0103, not retaining its requirements, and instead requires the new inspection programme for the lower frame fittings",False
2016-0005,4785f128d110e338,2014-0200R1,2014-0200,supersedes_candidate,"Supersedure: This AD supersedes EASA AD 2014-0200R1 dated 19 September 2014. | This AD supersedes EASA AD 2014-0200R1 dated 19 September 2014 | this AD retains the requirements of EASA AD 2014-0200R1, which is superseded",False
2016-0011,6b9e441e119c47c5,2013-0268,2013-0268,supersedes_candidate,"Supersedure: This AD supersedes EASA AD 2013-0268 dated 07 November 2013, and EASA AD 2013-0269 dated 07 November 2013. | This AD supersedes EASA AD 2013-0268 dated 07 November 2013, and EASA AD 2013-0269 dated 07 November 2013 | this AD retains the requirements of EASA AD 2013-0268 and AD 2013-0269, which are superseded",False
2016-0011,6b9e441e119c47c5,2013-0269,2013-0269,supersedes_candidate,"Supersedure: This AD supersedes EASA AD 2013-0268 dated 07 November 2013, and EASA AD 2013-0269 dated 07 November 2013. | This AD supersedes EASA AD 2013-0268 dated 07 November 2013, and EASA AD 2013-0269 dated 07 November 2013 | this AD retains the requirements of EASA AD 2013-0268 and AD 2013-0269, which are superseded",False
2016-0043,ee5b4212f8e16c15,2011-0160R2,2011-0160,supersedes_candidate,"Supersedure: This AD supersedes DGAC France AD F-2004-072 (EASA approval 2004-5335) dated 26 May 2004, and EASA AD 2011-0160R2 dated 24 January 2013. | This AD supersedes DGAC France AD F-2004-072 (EASA approval 2004-5335) dated 26 May 2004, and EASA AD 2011-0160R2 dated 24 January 2013 | this AD retains the requirements of DGAC France AD F-2004-072 (EASA approval 2004-5335) and EASA AD 2011-0160R2, which are superseded",False
2016-0047,d63826dfaa29657f,2015-0114,2015-0114,supersedes_candidate,"Supersedure: This AD supersedes EASA AD 2015-0114 dated 22 June 2015, and AD 2015-0151 dated 24 July 2015. | This AD supersedes EASA AD 2015-0114 dated 22 June 2015, and AD 2015-0151 dated 24 July 2015 | this AD retains the requirements of EASA AD 2015-0114 and AD 2015-0151, which are superseded",False
2016-0047,d63826dfaa29657f,2015-0151,2015-0151,supersedes_candidate,"Supersedure: This AD supersedes EASA AD 2015-0114 dated 22 June 2015, and AD 2015-0151 dated 24 July 2015. | This AD supersedes EASA AD 2015-0114 dated 22 June 2015, and AD 2015-0151 dated 24 July 2015 | this AD retains the requirements of EASA AD 2015-0114 and AD 2015-0151, which are superseded",False
2016-0048,9abf6189830165d7,2015-0002,2015-0002,supersedes_candidate,"Supersedure: This AD supersedes EASA AD 2015-0002 dated 08 January 2015. | This AD supersedes EASA AD 2015-0002 dated 08 January 2015 | this AD retains the requirements of EASA AD 2015-0002, which is superseded",False
2016-0056,d773606ae55b35ae,2015-0191,2015-0191,supersedes_candidate,"Supersedure: This AD supersedes EASA AD 2015-0191 dated 22 September 2015, including its Correction dated 25 September 2015. | This AD supersedes EASA AD 2015-0191 dated 22 September 2015, including its Correction dated 25 September 2015",False
2016-0066,c953ae30f5d45539,2013-0021,2013-0021,supersedes_candidate,"Supersedure: This AD supersedes EASA AD 2013-0245 dated 02 October 2013 and EASA AD 2013-0021 dated 31 January 2013. | This AD supersedes EASA AD 2013-0245 dated 02 October 2013 and EASA AD 2013-0021 dated 31 January 2013 | this AD retains the requirements of EASA AD 2013-0245 and AD 2013-0021, which are superseded",False
2016-0066,c953ae30f5d45539,2013-0245,2013-0245,supersedes_candidate,"Supersedure: This AD supersedes EASA AD 2013-0245 dated 02 October 2013 and EASA AD 2013-0021 dated 31 January 2013. | This AD supersedes EASA AD 2013-0245 dated 02 October 2013 and EASA AD 2013-0021 dated 31 January 2013 | this AD retains the requirements of EASA AD 2013-0245 and AD 2013-0021, which are superseded",False
2016-0076,81229737a0bd195a,2016-0068,2016-0068,supersedes_candidate,"Supersedure: This AD supersedes EASA AD 2016-0068 dated 11 April 2016. | This AD supersedes EASA AD 2016-0068 dated 11 April 2016 | this AD retains the requirements of EASA AD 2016-0068, which is superseded",False
2016-0080,59ac4226cb4aecf7,2013-0163,2013-0163,supersedes_candidate,Supersedure: This AD supersedes EASA AD 2013-0163 dated 24 July 2013. | This AD supersedes EASA AD 2013-0163 dated 24 July 2013,False
2016-0092,9a3e3f871dc14401,2013-0148,2013-0148,supersedes_candidate,"Supersedure: This AD supersedes EASA AD 2013-0148 dated 16 July 2013. | This AD supersedes EASA AD 2013-0148 dated 16 July 2013 | this AD retains the requirements of EASA AD 2013-0148, which is superseded",False
2016-0093,053d7a5c4784b56f,2013-0146,2013-0146,supersedes_candidate,"Supersedure: This AD supersedes EASA AD 2013-0146 dated 16 July 2013. | This AD supersedes EASA AD 2013-0146 dated 16 July 2013 | this AD retains the requirements of EASA AD 2013-0146, which is superseded",False
2016-0108,8a802389c2675cee,2014-0120R1,2014-0120,supersedes_candidate,"Supersedure: This AD supersedes EASA AD 2014-0120R1 dated 31 August 2015. | This AD supersedes EASA AD 2014-0120R1 dated 31 August 2015 | this AD retains the requirements of EASA AD 2014-0120R1, which is superseded",False
2016-0113,320f1cf519e44b50,2012-0012,2012-0012,supersedes_candidate,"Supersedure: This AD supersedes EASA AD 2012-0012 dated 23 January 2012. | This AD supersedes EASA AD 2012-0012 dated 23 January 2012 | this AD retains the requirements of EASA AD 2012-0012, which is superseded",False
2016-0114,c07a9e3ce0de15cf,2014-0234R1,2014-0234,supersedes_candidate,"Supersedure: This AD supersedes EASA AD 2014-0234R1, dated 11 December 2014. | This AD supersedes EASA AD 2014-0234R1, dated 11 December 2014 | this AD retains the requirements of EASA AD 2014-0234R1, which is superseded",False
2016-0132,b97e09d45882c1be,2014-0217R1,2014-0217,supersedes_candidate,"Supersedure: This AD supersedes EASA AD 2014-0217R1 dated 26 February 2015. | This AD supersedes EASA AD 2014-0217R1 dated 26 February 2015 | this AD retains the requirements of EASA AD 2014-0217R1, which is superseded",False
2016-0152R1,b04c59bed1a37a48,2012-0031,2012-0031,supersedes_candidate,"this AD also supersedes DGAC France AD 2001-126(B), whose requirements applicable to A330 aeroplanes have been transferred into Airbus A330 ALS Part 2, and supersedes DGAC France AD 2001-124(B), EASA AD 2012-0031 and AD 2012-0167, whose requirements applicable to A340 aeroplanes have been transferred into Airbus A340 ALS Part 2 | this AD retains the requirements of EASA AD 2012-0211 and AD 2013-0127, which are superseded",False
2016-0152R1,b04c59bed1a37a48,2012-0167,2012-0167,supersedes_candidate,"this AD also supersedes DGAC France AD 2001-126(B), whose requirements applicable to A330 aeroplanes have been transferred into Airbus A330 ALS Part 2, and supersedes DGAC France AD 2001-124(B), EASA AD 2012-0031 and AD 2012-0167, whose requirements applicable to A340 aeroplanes have been transferred into Airbus A340 ALS Part 2 | this AD retains the requirements of EASA AD 2012-0211 and AD 2013-0127, which are superseded",False
2016-0152R1,b04c59bed1a37a48,2012-0211,2012-0211,supersedes_candidate,"this AD also supersedes DGAC France AD 2001-126(B), whose requirements applicable to A330 aeroplanes have been transferred into Airbus A330 ALS Part 2, and supersedes DGAC France AD 2001-124(B), EASA AD 2012-0031 and AD 2012-0167, whose requirements applicable to A340 aeroplanes have been transferred into Airbus A340 ALS Part 2 | this AD retains the requirements of EASA AD 2012-0211 and AD 2013-0127, which are superseded",False
2016-0152R1,b04c59bed1a37a48,2013-0127,2013-0127,supersedes_candidate,"this AD also supersedes DGAC France AD 2001-126(B), whose requirements applicable to A330 aeroplanes have been transferred into Airbus A330 ALS Part 2, and supersedes DGAC France AD 2001-124(B), EASA AD 2012-0031 and AD 2012-0167, whose requirements applicable to A340 aeroplanes have been transferred into Airbus A340 ALS Part 2 | this AD retains the requirements of EASA AD 2012-0211 and AD 2013-0127, which are superseded",False
2016-0159,0b09d48c1fac8883,2006-0153R2,2006-0153,supersedes_candidate,"Supersedure: This AD supersedes EASA AD 2006-0153R2 dated 12 June 2007. | This AD supersedes EASA AD 2006-0153R2 dated 12 June 2007 | this AD retains the requirements of EASA AD 2006-0153R2, which is superseded",False
2016-0172,95a5b3bae5d60783,2015-0176,2015-0176,supersedes_candidate,"Supersedure: This AD supersedes EASA AD 2015-0176 dated 25 August 2015. | This AD supersedes EASA AD 2015-0176 dated 25 August 2015 | this AD retains the requirement of the EASA AD 2015-0176, which is superseded",False
2016-0174,21408125b2a88001,2013-0008R1,2013-0008,supersedes_candidate,"Supersedure: This AD supersedes EASA AD 2013-0008R1 dated 22 January 2013. | This AD supersedes EASA AD 2013-0008R1 dated 22 January 2013 | this AD retains the requirements of EASA AD 2013-0008R1, which is superseded",False
2016-0176,6987ae1b6ebbe774,2016-0159,2016-0159,supersedes_candidate,"Supersedure: This AD supersedes EASA AD 2016-0159 dated 05 August 2016. | This AD supersedes EASA AD 2016-0159 dated 05 August 2016 | this AD retains the requirements of EASA AD 2016-0159, which is superseded",False
2016-0179,f04ac1341f9660c8,2016-0085,2016-0085,supersedes_candidate,"Supersedure: This AD supersedes EASA AD 2016-0085 dated 28 April 2016. | This AD supersedes EASA AD 2016-0085 dated 28 April 2016 | this AD retains the requirements of EASA AD 2016-0085, which is superseded",False
2016-0181,1c57a2094429d52e,2013-0226,2013-0226,supersedes_candidate,"Supersedure: This AD supersedes EASA AD 2013-0226 dated 23 September 2013. | This AD supersedes EASA AD 2013-0226 dated 23 September 2013 | this AD retains the requirements of EASA AD 2013-0226, which is superseded",False
2016-0182,66c3f62a74abf121,2014-0166,2014-0166,supersedes_candidate,"Supersedure: This AD supersedes EASA AD 2014-0166, dated 16 July 2014. | This AD supersedes EASA AD 2014-0166, dated 16 July 2014 | this AD retains the requirement of EASA AD 2014-0166, which is superseded",False
2016-0184,9aa1809bb594836d,2014-0011R1,2014-0011,supersedes_candidate,"Supersedure: This AD supersedes EASA AD 2014-0011R1 dated 17 January 2014. | This AD supersedes EASA AD 2014-0011R1 dated 17 January 2014 | this AD retains the requirements of EASA AD 2014-0011R1, which is superseded",False
2016-0188,7695dba9e9c10721,2015-0192,2015-0192,supersedes_candidate,Supersedure: This AD supersedes EASA AD 2015-0192 dated 21 September 2015. | This AD supersedes EASA AD 2015-0192 dated 21 September 2015,False
2016-0196,143aed334173246b,2009-0057,2009-0057,supersedes_candidate,"Supersedure: This AD supersedes EASA AD 2009-0057 dated 13 March 2009. | This AD supersedes EASA AD 2009-0057 dated 13 March 2009 | this new AD retains the requirements of EASA AD 2009-0057, which is superseded",False
2016-0197,30d9438883dd979a,2008-0212,2008-0212,supersedes_candidate,"Supersedure: This AD supersedes EASA AD 2008-0212 dated 04 December 2008. | This AD supersedes EASA AD 2008-0212 dated 04 December 2008 | this AD retains the requirements of EASA AD 2008-0212, which is superseded",False
2016-0198,e6fbbfba47b42618,2012-0092,2012-0092,supersedes_candidate,"Supersedure: This AD supersedes EASA AD 2012-0092 dated 25 May 2012. | This AD supersedes EASA AD 2012-0092 dated 25 May 2012 | this new AD retains the requirements of EASA AD 2012-0092, which is superseded",False
2016-0209,7b141b130c150430,2014-0012R1,2014-0012,supersedes_candidate,"Supersedure: This AD supersedes EASA AD 2014-0012R1 dated 24 January 2014. | This AD supersedes EASA AD 2014-0012R1 dated 24 January 2014 | this AD retains the requirements of EASA AD 2014-0012R1, which is superseded",False
2016-0217,83db2bc005ad5e5f,2014-0124R1,2014-0124,supersedes_candidate,Supersedure: This AD supersedes EASA AD 2014-0124R1 dated 23 June 2015 (the requirements applicable to A310 aeroplanes). | This AD supersedes EASA AD 2014-0124R1 dated 23 June 2015 (the requirements applicable to A310 aeroplanes),False
2016-0218,656d1b8b373d1745,2006-0257,2006-0257,supersedes_candidate,Supersedure: This AD supersedes EASA AD 2006-0257 dated 24 August 2006 and EASA AD 2014-0124R1 dated 23 June 2015 (the requirements applicable to A300-600 aeroplanes). | This AD supersedes EASA AD 2006-0257 dated 24 August 2006 and EASA AD 2014-0124R1 dated 23 June 2015 (the requirements applicable to A300-600 aeroplanes),False
2016-0218,656d1b8b373d1745,2014-0124R1,2014-0124,supersedes_candidate,Supersedure: This AD supersedes EASA AD 2006-0257 dated 24 August 2006 and EASA AD 2014-0124R1 dated 23 June 2015 (the requirements applicable to A300-600 aeroplanes). | This AD supersedes EASA AD 2006-0257 dated 24 August 2006 and EASA AD 2014-0124R1 dated 23 June 2015 (the requirements applicable to A300-600 aeroplanes),False
2016-0231,eee1872bc8770423,2016-0082,2016-0082,supersedes_candidate,"Supersedure: This AD supersedes EASA AD 2016-0082 dated 27 April 2016. | This AD supersedes EASA AD 2016-0082 dated 27 April 2016 | this AD retains the requirements of EASA AD 2016-0082, which is superseded",False
2016-0238,08cc5f653b3afd1b,2016-0015,2016-0015,supersedes_candidate,"Supersedure: This AD supersedes EASA AD 2016-0015 dated 15 January 2016. | This AD supersedes EASA AD 2016-0015 dated 15 January 2016 | this AD retains the requirements of EASA AD 2016-0015, which is superseded",False
2016-0239,30c8abdca6bb06c8,2015-0083,2015-0083,supersedes_candidate,"Supersedure: This AD supersedes EASA AD 2015-0083 dated 12 May 2015. | This AD supersedes EASA AD 2015-0083 dated 12 May 2015 | this AD retains the requirements of EASA AD 2015-0083, which is superseded",False
2016-0249,c617acfa67532110,2013-0295,2013-0295,supersedes_candidate,Supersedure: This AD supersedes EASA AD 2013-0295 dated 11 December 2013. | This AD supersedes EASA AD 2013-0295 dated 11 December 2013,False
2016-0253,b009bd8443947238,2016-0047,2016-0047,supersedes_candidate,"Supersedure: This AD supersedes EASA AD 2016-0047 dated 09 March 2016. | This AD supersedes EASA AD 2016-0047 dated 09 March 2016 | this AD retains the requirements of EASA AD 2016-0047, which is superseded",False
2016-0257,498a9e83c6102405,2016-0069,2016-0069,supersedes_candidate,"Supersedure: This AD supersedes EASA 2016-0069 dated 11 April 2016. | this AD retains the requirement of EASA AD 2016-0069, which is superseded",False
2017-0013,67c94127f7b8e53d,2016-0095,2016-0095,supersedes_candidate,"Supersedure: This AD supersedes EASA AD 2016-0095 dated 19 May 2016. | This AD supersedes EASA AD 2016-0095 dated 19 May 2016 | this AD retains the requirements of EASA AD 2016-0095, which is superseded",False
2017-0021,4afe03e5359b1b6b,2015-0206,2015-0206,supersedes_candidate,"Supersedure: This AD supersedes EASA AD 2015-0206 dated 12 October 2015. | This AD supersedes EASA AD 2015-0206 dated 12 October 2015 | this AD retains the requirements of EASA AD 2015-0206, which is superseded",False
2017-0027,1149765d5e7d9679,2016-0111,2016-0111,supersedes_candidate,"Supersedure: This AD supersedes EASA AD 2016-0111 dated 15 June 2016. | This AD supersedes EASA AD 2016-0111 dated 15 June 2016 | this AD retains the requirements of EASA AD 2016-0111, which is superseded",False
2017-0029,12a668a5c2663816,2016-0112,2016-0112,supersedes_candidate,"Supersedure: This AD supersedes EASA AD 2016-0112 dated 15 June 2016. | This AD supersedes EASA AD 2016-0112 dated 15 June 2016 | this AD retains the requirements of EASA AD 2016-0112, which is superseded",False
2017-0048,bee5b1991b44fd65,2015-0150,2015-0150,supersedes_candidate,"Supersedure: This AD supersedes EASA AD 2015-0150, dated 23 July 2015. | This AD supersedes EASA AD 2015-0150, dated 23 July 2015 | this AD retains the requirements of EASA AD 2015-0150, which is superseded",False
2017-0051,5a26a08809262f7b,2011-0124R1,2011-0124,supersedes_candidate,"Supersedure: This AD supersedes EASA AD 2011-0124R1 dated 05 September 2014. | This AD supersedes EASA AD 2011-0124R1 dated 05 September 2014 | this AD retains the requirements of EASA AD 2011-0124R1, which is superseded",False
2017-0063,70c0e20e2d4f0ae3,2014-0136,2014-0136,supersedes_candidate,"Supersedure: This AD supersedes EASA AD 2014-0136 dated 13 June 2014. | This AD supersedes EASA AD 2014-0136 dated 13 June 2014 | this AD retains the requirements of EASA AD 2014-0136, which is superseded",False
2017-0069,93449c2e9d5bfdfd,2014-0149,2014-0149,supersedes_candidate,Supersedure: This AD supersedes EASA AD 2014-0149 dated 13 June 2014. | This AD supersedes EASA AD 2014-0149 dated 13 June 2014,False
2017-0076,319937aa5e0f8419,2016-0048,2016-0048,supersedes_candidate,"Supersedure: This AD supersedes EASA AD 2016-0048 dated 10 March 2016. | This AD supersedes EASA AD 2016-0048 dated 10 March 2016 | this AD retains the requirements of EASA AD 2016-0048, which is superseded",False
2017-0081,a3963ae4d14beca9,2016-0005,2016-0005,supersedes_candidate,"Supersedure: This AD supersedes EASA AD 2016-0005 dated 07 January 2016. | This AD supersedes EASA AD 2016-0005 dated 07 January 2016 | this AD retains the requirements of EASA AD 2016-0005, which is superseded",False
2017-0082,529a84dd3c2afc4a,2015-0238,2015-0238,supersedes_candidate,"Supersedure: This AD supersedes EASA AD 2015-0238 dated 18 December 2015. | This AD supersedes EASA AD 2015-0238 dated 18 December 2015 | this AD retains the requirements of EASA AD 2015-0238, which is superseded",False
2017-0099,e279dbdfe7f30ad3,2014-0069,2014-0069,supersedes_candidate,"This AD supersedes EASA AD 2014-0069 dated 19 March 2014 | this AD retains the requirements of EASA AD 2014-0069, which is superseded",False
2017-0119,0ed5714ab60772d1,2014-0251R1,2014-0251,supersedes_candidate,"Supersedure: This AD supersedes EASA AD 2014-0251R1 dated 17 December 2014. | This AD supersedes EASA AD 2014-0251R1 dated 17 December 2014 | this AD retains the requirements of EASA AD 2014-0251R1, which is superseded",False
2017-0138,7d2ac2fbbf233d3c,2016-0010R1,2016-0010,supersedes_candidate,"This AD supersedes EASA AD 2016-0010R1 dated 16 February 2016 | this AD retains the requirements of EASA AD 2016-0010R1, which is superseded",False
2017-0145,1af7f37535549144,2013-0210,2013-0210,supersedes_candidate,"Supersedure: This AD supersedes EASA AD 2013-0210 dated 11 September 2013. | This AD supersedes EASA AD 2013-0210 dated 11 September 2013 | this AD retains the requirements of EASA AD 2013-0210, which is superseded",False
2017-0150,e147acb20b4a8fac,2013-0278,2013-0278,supersedes_candidate,"Supersedure: This AD supersedes EASA AD 2013-0278 dated 26 November 2013. | This AD supersedes EASA AD 2013-0278 dated 26 November 2013 | this AD retains the requirements of EASA AD 2013-0278, which is superseded",False
2017-0161R1,920eda0e283d5a01,2016-0204,2016-0204,supersedes_candidate,"this AD retains the requirements of EASA AD 2016-0204, which is superseded",False
2017-0168,2925f3526cb53b61,2016-0092,2016-0092,supersedes_candidate,"Supersedure: This AD supersedes EASA AD 2016-0092 dated 13 May 2016. | This AD supersedes EASA AD 2016-0092 dated 13 May 2016 | this AD retains the requirements of EASA AD 2016-0092, which is superseded",False
2017-0169,40ac6f557d1a9b1b,2014-0260,2014-0260,supersedes_candidate,"Supersedure: This AD supersedes EASA AD 2014-0260 dated 05 December 2014. | This AD supersedes EASA AD 2014-0260 dated 05 December 2014 | this AD retains the requirements of EASA AD 2014-0260, which is superseded",False
2017-0170,4a4f0a64af047de7,2016-0093,2016-0093,supersedes_candidate,"Supersedure: This AD supersedes EASA AD 2016-0093 dated 13 May 2016. | This AD supersedes EASA AD 2016-0093 dated 13 May 2016 | this AD retains the requirements of EASA AD 2016-0093, which is superseded",False
2017-0180,323bb275cd483b83,2017-0154-E,2017-0154,supersedes_candidate,"Supersedure: This AD supersedes EASA Emergency AD 2017-0154-E dated 22 August 2017. | This AD supersedes EASA Emergency AD 2017-0154-E dated 22 August 2017 | this AD retains the requirements of EASA Emergency AD 2017-0154-E, which is superseded",False
2017-0200,4f23d85f630098c6,2017-0180,2017-0180,supersedes_candidate,"Supersedure: This AD supersedes EASA AD 2017-0180 dated 18 September 2017. | This AD supersedes EASA AD 2017-0180 dated 18 September 2017 | this AD retains the requirements of EASA AD 2017-0180, which is superseded",False
2017-0202,1467abf9321dc67a,2013-0075,2013-0075,supersedes_candidate,"Supersedure: This AD supersedes EASA AD 2013-0075 dated 20 March 2013. | This AD supersedes EASA AD 2013-0075 dated 20 March 2013 | this new AD retains the requirements of EASA AD 2013-0075, which is superseded",False
2017-0203,dd5cf3d4f5f9bbed,2013-0072,2013-0072,supersedes_candidate,"Supersedure: This AD supersedes EASA AD 2013-0072 dated 20 March 2013, including its correction dated 15 January 2015. | This AD supersedes EASA AD 2013-0072 dated 20 March 2013, including its correction dated 15 January 2015 | this AD retains the requirements of EASA AD 2013-0072, which is superseded",False
2017-0205,ae498898c0fd9b28,2016-0218,2016-0218,supersedes_candidate,"Supersedure: This AD supersedes EASA AD 2016-0218 dated 02 November 2016. | This AD supersedes EASA AD 2016-0218 dated 02 November 2016 | this AD retains the requirements of EASA AD 2016-0218, which is superseded",False
2017-0206,8a9ee04d90bed079,2016-0217,2016-0217,supersedes_candidate,"Supersedure: This AD supersedes EASA AD 2016-0217 dated 02 November 2016. | This AD supersedes EASA AD 2016-0217 dated 02 November 2016 | this AD retains the requirements of EASA AD 2016-0217, which is superseded",False
2017-0207,b6db617aa9338904,2015-0115,2015-0115,supersedes_candidate,"Supersedure: This AD supersedes EASA AD 2015-0115 dated 23 June 2015. | This AD supersedes EASA AD 2015-0115 dated 23 June 2015 | this AD retains the requirements of EASA AD 2015-0115, which is superseded",False
2017-0210,5a3c4468a6c5fbf0,2016-0198,2016-0198,supersedes_candidate,"Supersedure: This AD supersedes DGAC France AD F-2005-124 (EASA approval 2005-6071) dated 20 July 2005, and EASA AD 2016-0198 dated 06 October 2016. | This AD supersedes DGAC France AD F-2005-124 (EASA approval 2005-6071) dated 20 July 2005, and EASA AD 2016-0198 dated 06 October 2016",False
2017-0215,e6e331188eeb03cf,2012-0008,2012-0008,supersedes_candidate,"Supersedure: This AD supersedes EASA AD 2012-0008 dated 16 January 2012 and EASA AD 2014-0141 dated 04 June 2014. | This AD supersedes EASA AD 2012-0008 dated 16 January 2012 and EASA AD 2014-0141 dated 04 June 2014 | this AD retains the requirements of EASA AD 2012-0008 and EASA AD 2014-0141, which are superseded",False
2017-0215,e6e331188eeb03cf,2014-0141,2014-0141,supersedes_candidate,"Supersedure: This AD supersedes EASA AD 2012-0008 dated 16 January 2012 and EASA AD 2014-0141 dated 04 June 2014. | This AD supersedes EASA AD 2012-0008 dated 16 January 2012 and EASA AD 2014-0141 dated 04 June 2014 | this AD retains the requirements of EASA AD 2012-0008 and EASA AD 2014-0141, which are superseded",False
2017-0216,9ff83c6eb64e3b17,2016-0205,2016-0205,supersedes_candidate,"Supersedure: This AD supersedes EASA AD 2016-0205 dated 13 October 2016. | This AD supersedes EASA AD 2016-0205 dated 13 October 2016 | this AD retains the requirements of EASA AD 2016-0205, which is superseded",False
2017-0228,46d2b115379eb893,2016-0011,2016-0011,supersedes_candidate,"Supersedure: This AD supersedes EASA AD 2016-0011 dated 13 January 2016. | This AD supersedes EASA AD 2016-0011 dated 13 January 2016 | this AD retains the requirements of EASA AD 2016-0011, which is superseded",False
2017-0231,98e0fcae3b912eaf,2015-0038R1,2015-0038,supersedes_candidate,"Supersedure: This AD supersedes EASA AD 2016-0239 dated 02 December 2016 and EASA AD 2015-0038R1 dated 09 February 2017. | This AD supersedes EASA AD 2016-0239 dated 02 December 2016 and EASA AD 2015-0038R1 dated 09 February 2017 | this AD retains the requirements of EASA AD 2016-0239 and EASA AD 2015-0038R1, which are superseded",False
2017-0231,98e0fcae3b912eaf,2016-0239,2016-0239,supersedes_candidate,"Supersedure: This AD supersedes EASA AD 2016-0239 dated 02 December 2016 and EASA AD 2015-0038R1 dated 09 February 2017. | This AD supersedes EASA AD 2016-0239 dated 02 December 2016 and EASA AD 2015-0038R1 dated 09 February 2017 | this AD retains the requirements of EASA AD 2016-0239 and EASA AD 2015-0038R1, which are superseded",False
2017-0245,f20cbcf1680db49a,2013-0067,2013-0067,supersedes_candidate,"Supersedure: This AD supersedes EASA AD 2013-0067 issued on 14 March 2013. | This AD supersedes EASA AD 2013-0067 issued on 14 March 2013 | this AD retains the requirements of EASA AD 2013-0067, which is superseded",False
2017-0251,0078708329b72075,2017-0138,2017-0138,supersedes_candidate,"This AD supersedes EASA AD 2017-0138, dated 02 August 2017 | this AD retains the requirement of EASA AD 2017-0138, which is superseded",False
2018-0004,7380aa00c764a2bb,2017-0029,2017-0029,supersedes_candidate,"Supersedure: This AD supersedes EASA AD 2017-0029 dated 15 February 2017. | This AD supersedes EASA AD 2017-0029 dated 15 February 2017 | this AD retains the requirements of EASA AD 2017-0029, which is superseded",False
2018-0005,5eb9561d42d42fcf,2016-0102,2016-0102,supersedes_candidate,"Supersedure: This AD supersedes EASA AD 2016-0102 dated 01 June 2016, including its Correction dated 07 June 2016. | This AD supersedes EASA AD 2016-0102 dated 01 June 2016, including its Correction dated 07 June 2016 | this AD retains the requirements of EASA AD 2016-0102, which is superseded",False
2018-0023,c6535194dc72cb27,2015-0001R1,2015-0001,supersedes_candidate,"Supersedure: This AD supersedes EASA AD 2015-0001R1 dated 15 January 2015. | This AD supersedes EASA AD 2015-0001R1 dated 15 January 2015 | this AD retains the requirement of EASA AD 2015-0001R1, which is superseded",False
2018-0024,40625a8e7aa4ee35,2016-0187,2016-0187,supersedes_candidate,"Supersedure: This AD supersedes EASA AD 2016-0187 dated 19 September 2016 | This AD supersedes EASA AD 2016-0187 dated 19 September 2016 ATA 52 – Door – Forward and Aft Cargo Door Frame Forks – Inspection / Repair Manufacturer(s): Airbus (formerly Airbus Industrie) Applicability: Airbus A319-111, A319-112, A319-113, A319-114, A319-115, A319-131, A319-132, A319-133, A320-211, A320-212, A320-214, A320-215, A320-216, A320-231, A320-232, A320-233, A321-111, A321-112, A321-131, A321-211, A321-212, A321-213, A321-231 and A321-232 aeroplanes, manufacturer serial numbers (MSN) up to 0758 inclusiv | this AD retains the requirements of EASA AD 2016-0187, which is superseded",False
2018-0064,5995f27f530051d2,2016-0107,2016-0107,supersedes_candidate,"Supersedure: This AD supersedes EASA AD 2016-0107 dated 07 June 2016. | This AD supersedes EASA AD 2016-0107 dated 07 June 2016 | this AD retains the requirements of EASA AD 2016-0107, which is superseded",False
2018-0091,26cfb6be9affd408,2013-0122,2013-0122,supersedes_candidate,"Supersedure: This AD supersedes EASA AD 2013-0122 dated 05 June 2013. | This AD supersedes EASA AD 2013-0122 dated 05 June 2013 | this AD retains the requirements of EASA AD 2013-0122, which is superseded",False
2018-0097,83648a916a11f3b5,2016-0253,2016-0253,supersedes_candidate,"Supersedure: This AD supersedes EASA AD 2016-0253 dated 15 December 2016. | This AD supersedes EASA AD 2016-0253 dated 15 December 2016 | this AD retains the requirements of EASA AD 2016-0253, which is superseded",False
2018-0098,bbf89c962f209bac,2017-0173,2017-0173,supersedes_candidate,"Supersedure: This AD supersedes EASA AD 2017-0173 dated 08 September 2017. | This AD supersedes EASA AD 2017-0173 dated 08 September 2017 | this AD retains the requirements of EASA AD 2017-0173, which is superseded",False
2018-0116,1bddef6b7232973c,2015-0136R1,2015-0136,supersedes_candidate,"Supersedure: This AD supersedes EASA AD 2015-0136R1 dated 16 September 2015. | This AD supersedes EASA AD 2015-0136R1 dated 16 September 2015 | this AD retains the requirements of EASA AD 2015-0136R1, which is superseded",False
2018-0131,a29c60380290526c,2015-0170,2015-0170,supersedes_candidate,"Supersedure: This AD supersedes EASA AD 2015-0170 dated 18 August 2015. | This AD supersedes EASA AD 2015-0170 dated 18 August 2015 | this AD retains the requirements of EASA AD 2015-0170, which is superseded",False
2018-0147,3a7b2d327f628d5b,2015-0212,2015-0212,supersedes_candidate,"Supersedure: This AD supersedes EASA AD 2015-0212 dated 04 November 2015. | This AD supersedes EASA AD 2015-0212 dated 04 November 2015 | this AD retains the requirements of EASA AD 2015-0212, which is superseded",False
2018-0150,50474b7a822d12e2,2017-0245,2017-0245,supersedes_candidate,Supersedure: This AD supersedes EASA AD 2017-0245 dated on 11 December 2017. | This AD supersedes EASA AD 2017-0245 dated on 11 December 2017,False
2018-0161,114c310d53c0956d,2014-0164R1,2014-0164,supersedes_candidate,"Supersedure: This AD supersedes EASA AD 2014-0164R1 dated 21 July 2016, including its Correction dated 04 August 2016. | This AD supersedes EASA AD 2014-0164R1 dated 21 July 2016, including its Correction dated 04 August 2016 | this AD retains the requirements of EASA AD 2014-0164R1, which is superseded",False
2018-0162,06307d7b2cbc34ee,2016-0147,2016-0147,supersedes_candidate,"Supersedure: This AD supersedes EASA AD 2016-0147 dated 21 July 2016. | This AD supersedes EASA AD 2016-0147 dated 21 July 2016 | this AD retains the requirement of EASA AD 2016-0147, which is superseded",False
2018-0170,961c2d1c62637125,2016-0058,2016-0058,supersedes_candidate,"Supersedure: This AD supersedes EASA AD 2016-0058 dated 21 March 2016 | This AD supersedes EASA AD 2016-0058 dated 21 March 2016 ATA 32 – Landing Gear – Main Landing Gear Hinge Arm / Barrel Pin – Inspection Manufacturer(s): Airbus, formerly Airbus Industrie Applicability: Airbus A300, A300-600, and A300-600ST aeroplanes, all certified models, all manufacturer serial numbers | this AD retains the requirement of EASA AD 2016-0058, which is superseded",False
2018-0178,11c83ace8fc4bf26,2017-0200,2017-0200,supersedes_candidate,"Supersedure: This AD supersedes EASA AD 2017-0200 dated 10 October 2017. | This AD supersedes EASA AD 2017-0200 dated 10 October 2017 | this AD retains the requirement of EASA AD 2017-0200, which is superseded",False
2018-0180,25631ed9d408cdfe,2017-0168,2017-0168,supersedes_candidate,"Supersedure: This AD supersedes EASA AD 2017-0168 dated 07 September 2017. | This AD supersedes EASA AD 2017-0168 dated 07 September 2017 | this AD retains the requirements of EASA AD 2017-0168, which is superseded",False
2018-0189,78b956072914d632,2017-0257R1,2017-0257,supersedes_candidate,"Supersedure: This AD supersedes EASA AD 2017-0257R1 dated 09 January 2018. | This AD supersedes EASA AD 2017-0257R1 dated 09 January 2018 | this AD retains the requirements of EASA AD 2017-0257R1, which is superseded",False
2018-0191R1,b374b0538a5385f8,2017-0182,2017-0182,supersedes_candidate,"Supersedure: This AD revises EASA AD 2018-0191 dated 03 September 2018, which superseded EASA AD 2017-0182 dated 19 September 2017.",False
2018-0192,cfc51171161bbb4b,2016-0226,2016-0226,supersedes_candidate,"Supersedure: This AD supersedes EASA AD 2016-0226 dated 09 November 2016, including its Correction dated 10 November 2016. | This AD supersedes EASA AD 2016-0226 dated 09 November 2016, including its Correction dated 10 November 2016 | this AD retains the requirements of EASA AD 2016-0226, which is superseded",False
2018-0218,1a235e3f821275de,2007-0067R1,2007-0067,supersedes_candidate,"Supersedure: This AD supersedes EASA AD 2007-0067R1 dated 07 June 2007. | This AD supersedes EASA AD 2007-0067R1 dated 07 June 2007 | this AD retains the requirements of EASA AD 2007-0067R1, which is superseded",False
2018-0231,0becd76a7dc6fc52,2017-0169,2017-0169,supersedes_candidate,"Supersedure: This AD supersedes EASA AD 2017-0169 dated 07 September 2017. | This AD supersedes EASA AD 2017-0169 dated 07 September 2017 | this AD retains the requirements of EASA AD 2017-0169, which is superseded",False
2018-0233R1,78a7d22fdaf7b2cf,2013-0310,2013-0310,supersedes_candidate,"Supersedure: This AD revises EASA AD 2018-0233 dated 26 October 2018, which superseded EASA AD 2013-0310 dated 20 December 2013.",False
2018-0249R1,64a0c1af2897c785,2017-0069,2017-0069,supersedes_candidate,"this AD retains the requirements of EASA AD 2017-0069, which is superseded",False
2018-0266,65231b2bcc2e9b58,2015-0152R1,2015-0152,supersedes_candidate,"Supersedure: This AD supersedes EASA AD 2015-0152R1 dated 23 May 2017. | This AD supersedes EASA AD 2015-0152R1 dated 23 May 2017 | this AD retains the requirements of EASA AD 2015-0152R1, which is superseded",False
2018-0288,da2a8972ddb16b54,2017-0231,2017-0231,supersedes_candidate,"Supersedure: This AD supersedes EASA AD 2017-0231 dated 21 November 2017. | This AD supersedes EASA AD 2017-0231 dated 21 November 2017 | this AD retains the requirements of EASA AD 2017-0231, which is superseded",False
2018-0290,01a484b425e9a5b6,2018-0045,2018-0045,supersedes_candidate,"Supersedure: This AD supersedes EASA AD 2018-0045 dated 15 February 2018, including its Correction dated 22 February 2018. | This AD supersedes EASA AD 2018-0045 dated 15 February 2018, including its Correction dated 22 February 2018 | this AD retains the requirements of EASA AD 2018-0045, which is superseded",False
2019-0002,c0d062608c3bd24e,2017-0183,2017-0183,supersedes_candidate,"Supersedure: This AD supersedes EASA AD 2017-0183 dated 20 September 2017. | This AD supersedes EASA AD 2017-0183 dated 20 September 2017 | this AD supersedes EASA AD 2017-0183 and requires a one-time DET of each engine drain system flexible hose, and, depending on findings, accomplishment of applicable corrective action(s)",False
2019-0014,20a618446e4866ed,2016-0172,2016-0172,supersedes_candidate,"Supersedure: This AD supersedes EASA AD 2016-0172 dated 23 August 2016. | This AD supersedes EASA AD 2016-0172 dated 23 August 2016 | this AD retains the requirements of the EASA AD 2016-0172, which is superseded",False
2019-0042,c79a63cfb32c7211,2011-0173R1,2011-0173,supersedes_candidate,"Supersedure: This AD supersedes EASA AD 2011-0173R1 dated 21 August 2014. | This AD supersedes EASA AD 2011-0173R1 dated 21 August 2014 | this AD retains the requirements of EASA AD 2011-0173R1, which is superseded",False
2019-0056,f678ab3d213511ea,2017-0215,2017-0215,supersedes_candidate,"Supersedure: This AD supersedes EASA AD 2017-0215 dated 24 October 2017. | This AD supersedes EASA AD 2017-0215 dated 24 October 2017 | this AD retains the requirements of EASA AD 2017-0215, which is superseded",False
2019-0059,845c71f5020c1029,2018-0068,2018-0068,supersedes_candidate,"Supersedure: This AD supersedes EASA AD 2018-0068 dated 26 March 2018. | This AD supersedes EASA AD 2018-0068 dated 26 March 2018 | this AD retains the requirements of EASA AD 2018-0068, which is superseded",False
2019-0072,b046c10e8e4de51a,2018-0097,2018-0097,supersedes_candidate,"Supersedure: This AD supersedes EASA AD 2018-0097 dated 24 April 2018. | This AD supersedes EASA AD 2018-0097 dated 24 April 2018 | this AD retains the requirements of EASA AD 2018-0097, which is superseded",False
2019-0090,838d726c756b786b,2017-0205,2017-0205,supersedes_candidate,"Supersedure: This AD supersedes EASA AD 2017-0205 dated 12 October 2017. | This AD supersedes EASA AD 2017-0205 dated 12 October 2017 | this AD retains the requirements of EASA AD 2017-0205, which is superseded",False
2019-0091,33cff6c30a3fc0d2,2017-0206,2017-0206,supersedes_candidate,"Supersedure: This AD supersedes EASA AD 2017-0206 dated 12 October 2017. | This AD supersedes EASA AD 2017-0206 dated 12 October 2017 | this AD retains the requirements of EASA AD 2017-0206, which is superseded",False
2019-0115,2154ddf090057214,2018-0271,2018-0271,supersedes_candidate,"This AD supersedes EASA AD 2018-0271 dated 12 December 2018 | this AD retains the requirements of EASA AD 2018-0271, which is superseded",False
2019-0122,162c69b88463d27f,2013-0261,2013-0261,supersedes_candidate,"Supersedure: This AD supersedes EASA AD 2013-0261 dated 28 October 2013. | This AD supersedes EASA AD 2013-0261 dated 28 October 2013 | this AD retains the requirements of EASA AD 2013-0261, which is superseded",False
2019-0127,362325060002d523,2016-0189,2016-0189,supersedes_candidate,Supersedure: This AD supersedes EASA AD 2016-0189 dated 26 September 2016. | This AD supersedes EASA AD 2016-0189 dated 26 September 2016,False
2019-0155,3be27d17371cfe63,2010-0135,2010-0135,supersedes_candidate,"Supersedure: This AD supersedes EASA AD 2010-0135 dated 05 July 2010. | This AD supersedes EASA AD 2010-0135 dated 05 July 2010 | this AD retains the requirements of EASA AD 2010-0135, which is superseded",False
2019-0159,3aeb26ef6e933820,2018-0215,2018-0215,supersedes_candidate,"Supersedure: This AD supersedes EASA AD 2018-0215 dated 05 October 2018. | This AD supersedes EASA AD 2018-0215 dated 05 October 2018 | this AD retains the requirements of EASA AD 2018-0215, which is superseded",False
2019-0164,a613d272052baa64,2019-0063,2019-0063,supersedes_candidate,"Supersedure: This AD supersedes EASA AD 2019-0063 dated 26 March 2019. | This AD supersedes EASA AD 2019-0063 dated 26 March 2019 | this AD retains the requirements of EASA AD 2019-0063, which is superseded",False
2019-0168,093254f50f852311,2018-0245R1,2018-0245,supersedes_candidate,"Supersedure: This AD supersedes EASA AD 2018-0245R1 dated 05 December 2018. | This AD supersedes EASA AD 2018-0245R1 dated 05 December 2018 | this AD retains the requirements of EASA AD 2018-0245R1, which is superseded",False
2019-0192,f79e942c648ed6c0,2019-0124,2019-0124,supersedes_candidate,"Supersedure: This AD supersedes EASA AD 2019-0124 dated 05 June 2019. | This AD supersedes EASA AD 2019-0124 dated 05 June 2019 | this AD retains the requirements of EASA AD 2019-0124, which is superseded",False
2019-0196,58cf2f3624f49f4a,2015-0219,2015-0219,supersedes_candidate,"Supersedure: This AD supersedes EASA AD 2015-0219 dated 03 November 2015. | This AD supersedes EASA AD 2015-0219 dated 03 November 2015 | this AD retains the requirements of EASA AD 2015-0219, which is superseded",False
2019-0206,820bba641259876a,2018-0037,2018-0037,supersedes_candidate,"Supersedure: This AD supersedes EASA AD 2018-0037 dated 07 February 2018. | This AD supersedes EASA AD 2018-0037 dated 07 February 2018 | this AD retains the requirements of EASA AD 2018-0037, which is superseded",False
2019-0216,8a9d61ebd2738f6c,2019-0072,2019-0072,supersedes_candidate,"Supersedure: This AD supersedes EASA AD 2019-0072 dated 28 March 2019. | This AD supersedes EASA AD 2019-0072 dated 28 March 2019 | this AD retains the requirements of EASA AD 2019-0072, which is superseded",False
2019-0217,1a78da4d00095248,2018-0096,2018-0096,supersedes_candidate,"Supersedure: This AD supersedes EASA AD 2018-0096 dated 24 April 2018. | This AD supersedes EASA AD 2018-0096 dated 24 April 2018 | this AD retains the requirements of EASA AD 2018-0096, which is superseded",False
2019-0243,e84c9711659cdc52,2016-0035R1,2016-0035,supersedes_candidate,"Supersedure: This AD supersedes EASA AD 2016-0035R1 dated 21 September 2018. | This AD supersedes EASA AD 2016-0035R1 dated 21 September 2018 | this AD retains the requirements of EASA AD 2016-0035R1, which is superseded",False
2019-0251,cea4a1f292d63583,2017-0135,2017-0135,supersedes_candidate,"Supersedure: This AD cancels EASA AD 2017-0135 dated 28 July 2017, EASA Emergency AD 2018-0171-E dated 06 August 2018, and supersedes EASA AD 2019-0205 dated 20 August 2019. | this AD retains the requirements of EASA AD 2019-0205, which is superseded",False
2019-0251,cea4a1f292d63583,2018-0171-E,2018-0171,supersedes_candidate,"Supersedure: This AD cancels EASA AD 2017-0135 dated 28 July 2017, EASA Emergency AD 2018-0171-E dated 06 August 2018, and supersedes EASA AD 2019-0205 dated 20 August 2019. | this AD retains the requirements of EASA AD 2019-0205, which is superseded",False
2019-0251,cea4a1f292d63583,2019-0205,2019-0205,supersedes_candidate,"Supersedure: This AD cancels EASA AD 2017-0135 dated 28 July 2017, EASA Emergency AD 2018-0171-E dated 06 August 2018, and supersedes EASA AD 2019-0205 dated 20 August 2019. | this AD retains the requirements of EASA AD 2019-0205, which is superseded",False
2019-0288,a8fd04af42c1e837,2018-0004,2018-0004,supersedes_candidate,"Supersedure: This AD supersedes EASA AD 2018-0004 dated 09 January 2018 and EASA AD 2018-0179 dated 23 August 2018. | This AD supersedes EASA AD 2018-0004 dated 09 January 2018 and EASA AD 2018-0179 dated 23 August 2018 | this AD retains the requirements of EASA AD 2018-0004 and AD 2018-0179, which are superseded",False
2019-0288,a8fd04af42c1e837,2018-0179,2018-0179,supersedes_candidate,"Supersedure: This AD supersedes EASA AD 2018-0004 dated 09 January 2018 and EASA AD 2018-0179 dated 23 August 2018. | This AD supersedes EASA AD 2018-0004 dated 09 January 2018 and EASA AD 2018-0179 dated 23 August 2018 | this AD retains the requirements of EASA AD 2018-0004 and AD 2018-0179, which are superseded",False
2019-0301,b2ce6bdea9c0acdd,2018-0213R1,2018-0213,supersedes_candidate,"Supersedure: This AD supersedes EASA AD 2018-0213R1 dated 09 November 2018. | This AD supersedes EASA AD 2018-0213R1 dated 09 November 2018 | this AD retains the requirements of EASA AD 2018-0213R1, which is superseded",False
2020-0025,b3e8357146c72500,2019-0002,2019-0002,supersedes_candidate,"Supersedure: This AD supersedes EASA AD 2019-0002 dated 11 January 2019. | This AD supersedes EASA AD 2019-0002 dated 11 January 2019 | this AD retains the requirements of EASA AD 2019-0002, which is superseded",False
2020-0030,c286951c64b8007c,2014-0259,2014-0259,supersedes_candidate,"Supersedure: This AD supersedes EASA AD 2014-0259 dated 05 December 2014. | This AD supersedes EASA AD 2014-0259 dated 05 December 2014 | this AD retains the requirements of EASA AD 2014-0259, which is superseded",False
2020-0034,8eee27a7edd05d7c,2017-0170,2017-0170,supersedes_candidate,"Supersedure: This AD supersedes EASA AD 2017-0170 dated 07 September 2017. | This AD supersedes EASA AD 2017-0170 dated 07 September 2017 | this AD retains the requirements of EASA AD 2017-0170, which is superseded",False
2020-0051,d6ef663261a3c017,2016-0249,2016-0249,supersedes_candidate,"Supersedure: This AD supersedes EASA AD 2016-0249 dated 14 December 2016, including its correction dated 10 January 2017. | This AD supersedes EASA AD 2016-0249 dated 14 December 2016, including its correction dated 10 January 2017 | this AD retains the requirements of EASA AD 2016-0249, which is superseded",False
2020-0067,a09b3ff1bd2a7e9c,2018-0180,2018-0180,supersedes_candidate,"Supersedure: This AD supersedes EASA AD 2018-0180 dated 27 August 2018. | This AD supersedes EASA AD 2018-0180 dated 27 August 2018 | this AD retains the requirements of EASA AD 2018-0180, which is superseded",False
2020-0076,691d39ed44c22e85,2019-0164,2019-0164,supersedes_candidate,"Supersedure: This AD supersedes EASA AD 2019-0164 dated 11 July 2019. | This AD supersedes EASA AD 2019-0164 dated 11 July 2019 | this AD retains the requirements of EASA AD 2019-0164, which is superseded",False
2020-0080,4acc1512adf212ad,2019-0056,2019-0056,supersedes_candidate,"Supersedure: This AD supersedes EASA AD 2019-0056 dated 19 March 2019. | This AD supersedes EASA AD 2019-0056 dated 19 March 2019 | this AD retains the requirements of EASA AD 2019-0056, which is superseded",False
2020-0085R1,5ced2074d6402f32,2017-0251,2017-0251,supersedes_candidate,"Supersedure: This AD revises EASA AD 2020-0085 dated 06 April 2020, which superseded EASA AD 2017-0251 dated 15 December 2017.",False
2020-0092,b410676740006019,2019-0027,2019-0027,supersedes_candidate,"Supersedure: This AD supersedes EASA AD 2019-0027 dated 04 February 2019. | This AD supersedes EASA AD 2019-0027 dated 04 February 2019 | this AD retains the requirement of EASA AD 2019-0027, which is superseded",False
2020-0093,ac439557b562572b,2019-0314,2019-0314,supersedes_candidate,"Supersedure: This AD supersedes EASA AD 2019-0314 dated 20 December 2019. | This AD supersedes EASA AD 2019-0314 dated 20 December 2019 | this AD, which supersedes EASA AD 2019-0314, requires repetitive replacement of the four screws attaching the manual valve of each affected part having P/N 70902-3 or P/N 70902-4 and, if a GSM P/N 70902-5 has manual valve installed with screws NAS1101-3H8, replacement of the four screws",False
2020-0125,ac0cb36b6a004e7a,2019-0189,2019-0189,supersedes_candidate,"Supersedure: This AD supersedes EASA AD 2019-0189 dated 31 July 2019. | This AD supersedes EASA AD 2019-0189 dated 31 July 2019 | this AD retains the requirements of EASA AD 2019-0189, which is superseded",False
2020-0129,301a45c34505f90c,2018-0100,2018-0100,supersedes_candidate,"Supersedure: This AD supersedes EASA AD 2018-0100 dated 25 April 2018. | This AD supersedes EASA AD 2018-0100 dated 25 April 2018 | this AD retains the requirements of EASA AD 2018-0100, which is superseded",False
2020-0145,b77d87f3aa8b5680,2018-0170,2018-0170,supersedes_candidate,"Supersedure: This AD supersedes EASA AD 2018-0170 dated 06 August 2018. | This AD supersedes EASA AD 2018-0170 dated 06 August 2018 | this AD retains the requirements of EASA AD 2018-0170, which is superseded",False
2020-0153,19b0b74ef657a975,2014-0177,2014-0177,supersedes_candidate,Supersedure: This AD supersedes EASA AD 2014-0177 dated 25 July 2014. | This AD supersedes EASA AD 2014-0177 dated 25 July 2014,False
2020-0157,eb85663ac0f8e4ec,2019-0123R1,2019-0123,supersedes_candidate,"Supersedure: This AD supersedes EASA AD 2019-0123R1 dated 18 June 2019. | This AD supersedes EASA AD 2019-0123R1 dated 18 June 2019 | this AD retains the requirements of EASA AD 2019-0123R1, which is superseded",False
2020-0172,29758375553d8b12,2019-0297R1,2019-0297,supersedes_candidate,Supersedure: This AD supersedes EASA AD 2019-0297R1 dated 16 January 2020. | This AD supersedes EASA AD 2019-0297R1 dated 16 January 2020,False
2020-0174,7a2a0163b09abacc,2019-0012,2019-0012,supersedes_candidate,"Supersedure: This AD supersedes EASA AD 2019-0012 dated 24 January 2019. | This AD supersedes EASA AD 2019-0012 dated 24 January 2019 | this AD retains the requirements of EASA AD 2019-0012, which is superseded",False
2020-0183,cb49d2ac6f555947,2020-0009,2020-0009,supersedes_candidate,"Supersedure: This AD supersedes EASA AD 2020-0009 dated 23 January 2020. | This AD supersedes EASA AD 2020-0009 dated 23 January 2020 | this AD retains the requirements of EASA AD 2020-0009, which is superseded",False
2020-0203,2120860d3609d09c,2020-0090R1,2020-0090,supersedes_candidate,Supersedure: This AD supersedes EASA AD 2020-0090R1 dated 21 July 2020. | This AD supersedes EASA AD 2020-0090R1 dated 21 July 2020,False
2020-0210,ac27f4e5abd5dc34,2017-0027,2017-0027,supersedes_candidate,"Supersedure: This AD supersedes EASA AD 2017-0027 dated 15 February 2017. | This AD supersedes EASA AD 2017-0027 dated 15 February 2017 | this AD retains the requirements of EASA AD 2017-0027, which is superseded",False
2020-0211,60e0ffde66b7e239,2017-0030,2017-0030,supersedes_candidate,"Supersedure: This AD supersedes EASA AD 2017-0030 dated 15 February 2017. | This AD supersedes EASA AD 2017-0030 dated 15 February 2017 | this AD retains the requirements of EASA AD 2017-0030, which is superseded",False
2020-0232,ce408a2f2517ff83,2019-0216,2019-0216,supersedes_candidate,Supersedure: This AD supersedes EASA AD 2019-0216 dated 02 September 2019. | This AD supersedes EASA AD 2019-0216 dated 02 September 2019,False
2020-0239,4eda8e9a3448ff71,2018-0116,2018-0116,supersedes_candidate,"Supersedure: This AD supersedes EASA AD 2018-0116 dated 29 May 2018. | This AD supersedes EASA AD 2018-0116 dated 29 May 2018 | this AD retains the requirements of EASA AD 2018-0116, which is superseded",False
2020-0245,4ca817a1f097f544,2019-0093,2019-0093,supersedes_candidate,Supersedure: This AD supersedes EASA AD 2019-0093 dated 26 April 2019. | This AD supersedes EASA AD 2019-0093 dated 26 April 2019,False
2020-0258,f60e41c72c630f9b,2018-0136,2018-0136,supersedes_candidate,"Supersedure: This AD supersedes EASA AD 2018-0136 dated 26 June 2018. | This AD supersedes EASA AD 2018-0136 dated 26 June 2018 | this AD retains the requirements of EASA AD 2018-0136, which is superseded",False
2020-0270,b36094c4ddd7fad0,2015-0080,2015-0080,supersedes_candidate,"Supersedure: This AD supersedes EASA AD 2015-0080 dated 07 May 2015. | This AD supersedes EASA AD 2015-0080 dated 07 May 2015 | this AD supersedes EASA AD 2015-0080, and requires accomplishment of the actions specified in the Variation",False
2020-0280,7369e2a913a898e2,2014-0278,2014-0278,supersedes_candidate,"Supersedure: This AD supersedes EASA AD 2014-0278 dated 19 December 2014. | This AD supersedes EASA AD 2014-0278 dated 19 December 2014 | this AD retains the requirements of EASA AD 2014-0278, which is superseded",False
2020-0283,f8abdf4633005d3d,2019-0291R1,2019-0291,supersedes_candidate,"Supersedure: This AD supersedes EASA AD 2019-0291R1 dated 04 March 2020. | This AD supersedes EASA AD 2019-0291R1 dated 04 March 2020 | this AD retains the requirements of EASA AD 2019-0291R1, which is superseded",False
2020-0285,6aefbd16e385bee7,2012-0010,2012-0010,supersedes_candidate,"Supersedure: This AD supersedes EASA AD 2012-0010 dated 18 January 2012. | This AD supersedes EASA AD 2012-0010 dated 18 January 2012 | this AD supersedes EASA AD 2012-0010, the requirements of which have become redundant, and requires installation of serviceable SW",False
2020-0286,e03c02a3953be361,2020-0162,2020-0162,supersedes_candidate,"Supersedure: This AD supersedes EASA AD 2020-0162 dated 21 July 2020. | This AD supersedes EASA AD 2020-0162 dated 21 July 2020 | this AD retains the requirements of EASA AD 2020-0162, which is superseded",False
2021-0045,8e30bb6136073250,2012-0134,2012-0134,supersedes_candidate,"Supersedure: This AD supersedes EASA AD 2012-0134 dated 18 July 2012. | This AD supersedes EASA AD 2012-0134 dated 18 July 2012 | this AD supersedes EASA AD 2012-0134, expands the Applicability and requires new repetitive inspections",False
2021-0049,7d0cbe9875f0b0d2,2020-0133,2020-0133,supersedes_candidate,"Supersedure: This AD supersedes EASA AD 2020-0133 dated 10 June 2020. | This AD supersedes EASA AD 2020-0133 dated 10 June 2020 | this AD retains the requirements of EASA AD 2020-0133, which is superseded",False
2021-0051,0864a4d14dbbdd34,2019-0310R1,2019-0310,supersedes_candidate,"Supersedure: This AD supersedes EASA AD 2019-0310R1 dated 20 April 2020. | This AD supersedes EASA AD 2019-0310R1 dated 20 April 2020 | this AD retains the requirements of the EASA AD 2019-0310R1, which is superseded",False
2021-0085,7e558add0bd59d4c,2021-0018,2021-0018,supersedes_candidate,"Supersedure: This AD supersedes EASA AD 2021-0018 dated 15 January 2021. | This AD supersedes EASA AD 2021-0018 dated 15 January 2021 | this AD retains the requirements of EASA AD 2021-0018, which is superseded",False
2021-0100,7ff7d177d281f37a,2015-0236,2015-0236,supersedes_candidate,"Supersedure: This AD supersedes EASA AD 2015-0236 dated 16 December 2015. | This AD supersedes EASA AD 2015-0236 dated 16 December 2015 | this AD retains the requirements of EASA AD 2015-0236, which is superseded",False
2021-0141,246041f7dbe810f1,2019-0206,2019-0206,supersedes_candidate,"Supersedure: This AD supersedes EASA AD 2019-0206 dated 20 August 2019. | This AD supersedes EASA AD 2019-0206 dated 20 August 2019 | this AD retains the requirements of EASA AD 2019-0206, which is superseded",False
2021-0167,231043e21a8330b4,2017-0117,2017-0117,supersedes_candidate,"Supersedure: This AD supersedes EASA AD 2017-0117 dated 07 July 2017. | This AD supersedes EASA AD 2017-0117 dated 07 July 2017 | this AD retains the requirements of EASA AD 2017-0117, which is superseded",False
2021-0172,bd46d1979c510d9d,2021-0045,2021-0045,supersedes_candidate,"Supersedure: This AD supersedes AD 2021-0045 dated 16 February 2021. | This AD supersedes AD 2021-0045 dated 16 February 2021 | this AD retains the requirement of EASA AD 2021-0045, which is superseded",False
2021-0173,0f0256e198fe0159,2019-0215,2019-0215,supersedes_candidate,"Supersedure: This AD supersedes EASA AD 2019-0215 dated 04 September 2019. | This AD supersedes EASA AD 2019-0215 dated 04 September 2019 | this AD retains the requirements of EASA AD 2019-0215, which is superseded",False
2021-0175,8fb6ec6fef4f69f7,2020-0258,2020-0258,supersedes_candidate,"Supersedure: This AD supersedes EASA AD 2020-0258 dated 18 November 2020, including its Correction dated 19 November 2020. | This AD supersedes EASA AD 2020-0258 dated 18 November 2020, including its Correction dated 19 November 2020 | this AD retains the requirements of EASA AD 2020-0258, which is superseded",False
2021-0206,29a8916a7339cb75,2020-0091,2020-0091,supersedes_candidate,"Supersedure: This AD supersedes EASA AD 2020-0091 dated 22 April 2020. | This AD supersedes EASA AD 2020-0091 dated 22 April 2020 | this AD retains the requirements of EASA AD 2020-0091, which is superseded",False
2021-0207,9795f089bcfe6ea9,2020-0210,2020-0210,supersedes_candidate,"Supersedure: This AD supersedes EASA AD 2020-0210 dated 05 October 2020. | This AD supersedes EASA AD 2020-0210 dated 05 October 2020 | this AD retains the requirements of EASA AD 2020-0210, which is superseded",False
2021-0208,15b6ce056d5305e0,2020-0211,2020-0211,supersedes_candidate,"Supersedure: This AD supersedes EASA AD 2020-0211 dated 05 October 2020 and AD 2021-0026 dated 20 January 2021. | This AD supersedes EASA AD 2020-0211 dated 05 October 2020 and AD 2021-0026 dated 20 January 2021 | this AD retains the requirements of EASA AD 2020-0211 and AD 2021-0026, which are superseded",False
2021-0208,15b6ce056d5305e0,2021-0026,2021-0026,supersedes_candidate,"Supersedure: This AD supersedes EASA AD 2020-0211 dated 05 October 2020 and AD 2021-0026 dated 20 January 2021. | This AD supersedes EASA AD 2020-0211 dated 05 October 2020 and AD 2021-0026 dated 20 January 2021 | this AD retains the requirements of EASA AD 2020-0211 and AD 2021-0026, which are superseded",False
2021-0209,5442aea8a535a25d,2020-0268,2020-0268,supersedes_candidate,"Supersedure: This AD supersedes EASA AD 2020-0268 dated 04 December 2020. | This AD supersedes EASA AD 2020-0268 dated 04 December 2020 | this AD retains the requirements of EASA AD 2020-0268, which is superseded",False
2021-0226,9c5093f0a3b490d1,2019-0220R1,2019-0220,supersedes_candidate,Supersedure: This AD supersedes EASA AD 2019-0220R1 dated 17 December 2019. | This AD supersedes EASA AD 2019-0220R1 dated 17 December 2019,False
2021-0228,92dbe1604af189f7,2018-0218,2018-0218,supersedes_candidate,"Supersedure: This AD supersedes EASA AD 2018-0218 issued 11 October 2018, including its Correction dated 26 October 2018. | This AD supersedes EASA AD 2018-0218 issued 11 October 2018, including its Correction dated 26 October 2018",False
2021-0229,ebd83eb52781b90e,2020-0174,2020-0174,supersedes_candidate,"Supersedure: This AD supersedes EASA AD 2020-0174 dated 05 August 2020. | This AD supersedes EASA AD 2020-0174 dated 05 August 2020 | this AD retains the requirements of AD 2020-0174, which is superseded",False
2021-0241,062afde73fd4b9f3,2017-0099,2017-0099,supersedes_candidate,"Supersedure: This AD supersedes EASA AD 2017-0099 dated 08 June 2017. | This AD supersedes EASA AD 2017-0099 dated 08 June 2017 | this AD retains the requirements of EASA AD 2017-0099, which is superseded",False
2021-0242,3d05d4995d986ef5,2016-0238,2016-0238,supersedes_candidate,"Supersedure: This AD supersedes EASA AD 2016-0238 dated 02 December 2016, including its Correction dated 04 January 2017. | This AD supersedes EASA AD 2016-0238 dated 02 December 2016, including its Correction dated 04 January 2017 | this AD retains the requirements of EASA AD 2016-0238, which is superseded",False
2021-0248R1,3a1014a97788d0d2,2019-0049,2019-0049,supersedes_candidate,"this AD retains the requirements of EASA AD 2019-0049, which is superseded",False
2021-0249R1,9a2f3f7d54295475,2019-0050,2019-0050,supersedes_candidate,"this AD retains the requirements of EASA AD 2019-0050, which is superseded",False
2021-0250R1,2aafc1723a2d4753,2019-0047,2019-0047,supersedes_candidate,"this AD retains the requirements of EASA AD 2019-0047, which is superseded",False
2021-0251R1,2e29fd792199f332,2019-0048,2019-0048,supersedes_candidate,"this AD retains the requirements of EASA AD 2019-0048 and AD 2021-0068, which are superseded",False
2021-0251R1,2e29fd792199f332,2021-0068,2021-0068,supersedes_candidate,"this AD retains the requirements of EASA AD 2019-0048 and AD 2021-0068, which are superseded",False
2021-0254,b650598b0af9d732,2020-0183,2020-0183,supersedes_candidate,"Supersedure: This AD supersedes EASA AD 2020-0183 dated 17 August 2020. | This AD supersedes EASA AD 2020-0183 dated 17 August 2020 | this AD retains the requirements of EASA AD 2020-0183, which is superseded",False
2021-0261,f1260676af1ea310,2019-0059,2019-0059,supersedes_candidate,"Supersedure: This AD supersedes EASA AD 2019-0059 dated 20 March 2019. | This AD supersedes EASA AD 2019-0059 dated 20 March 2019 | this AD retains the requirements of EASA AD 2019-0059, which is superseded",False
2021-0262,3a3631c6268434c8,2016-0152R1,2016-0152,supersedes_candidate,"Supersedure: This AD supersedes EASA AD 2016-0152R1 dated 26 March 2018. | This AD supersedes EASA AD 2016-0152R1 dated 26 March 2018 | this AD retains the requirements of EASA AD 2016-0152R1, which is superseded",False
2021-0275,0d9b09f550693d09,2021-0053R1,2021-0053,supersedes_candidate,Supersedure: This AD supersedes EASA AD 2021-0053R1 dated 19 April 2021. | This AD supersedes EASA AD 2021-0053R1 dated 19 April 2021,False
2022-0001,64ee8c60f6187ca5,2019-0038,2019-0038,supersedes_candidate,"Supersedure: This AD supersedes EASA AD 2019-0038 dated 19 February 2019. | This AD supersedes EASA AD 2019-0038 dated 19 February 2019 | this AD retains the requirements of EASA AD 2019-0038, which is superseded",False
2022-0011,eef6c30f969a7d72,2020-0220,2020-0220,supersedes_candidate,"Supersedure: This AD supersedes EASA AD 2020-0220 dated 13 October 2020. | This AD supersedes EASA AD 2020-0220 dated 13 October 2020 | this AD retains the requirements of EASA AD 2020-0220, which is superseded",False
2022-0019,4ccbb2989b2861b6,2019-0223,2019-0223,supersedes_candidate,"Supersedure: This AD supersedes EASA AD 2019-0223 dated 06 September 2019. | This AD supersedes EASA AD 2019-0223 dated 06 September 2019 | this AD retains the requirements of EASA AD 2019-0223, which is superseded",False
2022-0022,c95fb3fec3545c92,2021-0285,2021-0285,supersedes_candidate,"Supersedure: This AD supersedes EASA AD 2021-0285 dated 21 December 2021. | This AD supersedes EASA AD 2021-0285 dated 21 December 2021 | this AD retains the requirements of EASA AD 2021-0285, which is superseded",False
2022-0026,2003cabcfcd8976a,2018-0255,2018-0255,supersedes_candidate,"Supersedure: This AD supersedes EASA AD 2018-0255 dated 27 November 2018 and EASA AD 2019-0106 dated 15 May 2019. | This AD supersedes EASA AD 2018-0255 dated 27 November 2018 and EASA AD 2019-0106 dated 15 May 2019 | this AD retains the requirements of EASA AD 2018-0255 and AD 2019-0106, which are superseded",False
2022-0026,2003cabcfcd8976a,2019-0106,2019-0106,supersedes_candidate,"Supersedure: This AD supersedes EASA AD 2018-0255 dated 27 November 2018 and EASA AD 2019-0106 dated 15 May 2019. | This AD supersedes EASA AD 2018-0255 dated 27 November 2018 and EASA AD 2019-0106 dated 15 May 2019 | this AD retains the requirements of EASA AD 2018-0255 and AD 2019-0106, which are superseded",False
2022-0028,75a78c7d61f4f1fd,2021-0150,2021-0150,supersedes_candidate,"Supersedure: This AD supersedes EASA AD 2021-0150 dated 21 June 2021, including its correction dated 25 June 2021. | This AD supersedes EASA AD 2021-0150 dated 21 June 2021, including its correction dated 25 June 2021 | this AD retains the requirements of EASA AD 2021-0150, which is superseded",False
2022-0054,7f0a8b287bb291cb,2022-0045,2022-0045,supersedes_candidate,"Supersedure: This AD supersedes EASA AD 2022-0045 dated 16 March 2022. | This AD supersedes EASA AD 2022-0045 dated 16 March 2022 | this AD supersedes AD 2022-0045, requires amending the applicable AFM to a later revision, and to operate the aeroplane accordingly",False
2022-0078,bd2dfe54bf7349f9,2014-0202R1,2014-0202,supersedes_candidate,"Supersedure: This AD supersedes EASA AD 2014-0202R1 dated 19 September 2014. | This AD supersedes EASA AD 2014-0202R1 dated 19 September 2014 | this AD retains the requirements of EASA AD 2014-0202R1, which is superseded",False
2022-0082,357c72bcd8673aec,2020-0080,2020-0080,supersedes_candidate,"Supersedure: This AD supersedes EASA AD 2020-0080 dated 01 April 2020. | This AD supersedes EASA AD 2020-0080 dated 01 April 2020 | this AD retains the requirements of EASA AD 2020-0080, which is superseded",False
2022-0085,b61aadb299548790,2020-0036R1,2020-0036,supersedes_candidate,"Supersedure: This AD supersedes EASA AD 2020-0036R1 dated 24 June 2020 and EASA AD 2021-0140 dated 14 June 2021. | This AD supersedes EASA AD 2020-0036R1 dated 24 June 2020 and EASA AD 2021-0140 dated 14 June 2021 | this AD retains the requirements of EASA AD 2020-0036R1 and EASA AD 2021-0140, which are superseded",False
2022-0085,b61aadb299548790,2021-0140,2021-0140,supersedes_candidate,"Supersedure: This AD supersedes EASA AD 2020-0036R1 dated 24 June 2020 and EASA AD 2021-0140 dated 14 June 2021. | This AD supersedes EASA AD 2020-0036R1 dated 24 June 2020 and EASA AD 2021-0140 dated 14 June 2021 | this AD retains the requirements of EASA AD 2020-0036R1 and EASA AD 2021-0140, which are superseded",False
2022-0091,1cd8c1910825aeb0,2020-0067,2020-0067,supersedes_candidate,"Supersedure: This AD supersedes EASA AD 2020-0067 dated 23 March 2020, EASA AD 2020-0219 dated 12 October 2020 and EASA AD 2021-0108 dated 20 April 2021. | This AD supersedes EASA AD 2020-0067 dated 23 March 2020, EASA AD 2020-0219 dated 12 October 2020 and EASA AD 2021-0108 dated 20 April 2021 | this AD retains the requirements of EASA AD 2020-0067, AD 2020- 0219 and AD 2021-0108, which are superseded",False
2022-0091,1cd8c1910825aeb0,2020-0219,2020-0219,supersedes_candidate,"Supersedure: This AD supersedes EASA AD 2020-0067 dated 23 March 2020, EASA AD 2020-0219 dated 12 October 2020 and EASA AD 2021-0108 dated 20 April 2021. | This AD supersedes EASA AD 2020-0067 dated 23 March 2020, EASA AD 2020-0219 dated 12 October 2020 and EASA AD 2021-0108 dated 20 April 2021 | this AD retains the requirements of EASA AD 2020-0067, AD 2020- 0219 and AD 2021-0108, which are superseded",False
2022-0091,1cd8c1910825aeb0,2021-0108,2021-0108,supersedes_candidate,"Supersedure: This AD supersedes EASA AD 2020-0067 dated 23 March 2020, EASA AD 2020-0219 dated 12 October 2020 and EASA AD 2021-0108 dated 20 April 2021. | This AD supersedes EASA AD 2020-0067 dated 23 March 2020, EASA AD 2020-0219 dated 12 October 2020 and EASA AD 2021-0108 dated 20 April 2021 | this AD retains the requirements of EASA AD 2020-0067, AD 2020- 0219 and AD 2021-0108, which are superseded",False
2022-0094,50759d7bf0c41f9d,2019-0251,2019-0251,supersedes_candidate,"Supersedure: This AD supersedes EASA AD 2019-0251 dated 09 October 2019. | This AD supersedes EASA AD 2019-0251 dated 09 October 2019 | this AD retains the requirements of EASA AD 2019-0251, which is superseded",False
2022-0096R2,07a22f3869aa3bfd,2020-0118,2020-0118,supersedes_candidate,Supersedure: This AD revises EASA AD 2022-0096 R1 dated 23 November 2022. The original issue of this AD superseded EASA AD 2020-0118 dated 22 May 2020.,False
2022-0098,339e72b808c5377b,2022-0079-E,2022-0079,supersedes_candidate,"Supersedure: This AD supersedes EASA Emergency AD 2022-0079-E dated 05 May 2022. | This AD supersedes EASA Emergency AD 2022-0079-E dated 05 May 2022 | this AD retains the requirements of EASA AD 2022-0079-E, which is superseded",False
2022-0100,4232791736b3dfca,2019-0222,2019-0222,supersedes_candidate,"Supersedure: This AD supersedes EASA AD 2019-0222 dated 06 September 2019. | This AD supersedes EASA AD 2019-0222 dated 06 September 2019 | this AD retains the requirements of EASA AD 2019-0222, which is superseded",False
2022-0102,ef376f13ba864d4f,2020-0034,2020-0034,supersedes_candidate,"Supersedure: This AD supersedes EASA AD 2020-0034 dated 25 February 2020 and EASA AD 2020-0270 dated 07 December 2020. | This AD supersedes EASA AD 2020-0034 dated 25 February 2020 and EASA AD 2020-0270 dated 07 December 2020 | this AD retains the requirements of EASA AD 2020-0034 and AD 2020-0270, which are superseded",False
2022-0102,ef376f13ba864d4f,2020-0270,2020-0270,supersedes_candidate,"Supersedure: This AD supersedes EASA AD 2020-0034 dated 25 February 2020 and EASA AD 2020-0270 dated 07 December 2020. | This AD supersedes EASA AD 2020-0034 dated 25 February 2020 and EASA AD 2020-0270 dated 07 December 2020 | this AD retains the requirements of EASA AD 2020-0034 and AD 2020-0270, which are superseded",False
2022-0105,93b423afb6c45361,2019-0217,2019-0217,supersedes_candidate,"Supersedure: This AD supersedes EASA AD 2019-0217 dated 02 September 2019 and EASA AD 2020-0198 dated 15 September 2020. | This AD supersedes EASA AD 2019-0217 dated 02 September 2019 and EASA AD 2020-0198 dated 15 September 2020 | this AD retains the requirements of EASA AD 2019-0217 and AD 2020-0198, which are superseded",False
2022-0105,93b423afb6c45361,2020-0198,2020-0198,supersedes_candidate,"Supersedure: This AD supersedes EASA AD 2019-0217 dated 02 September 2019 and EASA AD 2020-0198 dated 15 September 2020. | This AD supersedes EASA AD 2019-0217 dated 02 September 2019 and EASA AD 2020-0198 dated 15 September 2020 | this AD retains the requirements of EASA AD 2019-0217 and AD 2020-0198, which are superseded",False
2022-0106,e53b73a279c4f616,2020-0232,2020-0232,supersedes_candidate,"Supersedure: This AD supersedes EASA AD 2020-0232 dated 26 October 2020 and EASA AD 2021-0147 dated 21 June 2021. | This AD supersedes EASA AD 2020-0232 dated 26 October 2020 and EASA AD 2021-0147 dated 21 June 2021 | this AD retains the requirements of EASA AD 2020-0232 and AD 2021-0147, which are superseded",False
2022-0106,e53b73a279c4f616,2021-0147,2021-0147,supersedes_candidate,"Supersedure: This AD supersedes EASA AD 2020-0232 dated 26 October 2020 and EASA AD 2021-0147 dated 21 June 2021. | This AD supersedes EASA AD 2020-0232 dated 26 October 2020 and EASA AD 2021-0147 dated 21 June 2021 | this AD retains the requirements of EASA AD 2020-0232 and AD 2021-0147, which are superseded",False
2022-0112,03b1b0cbf72365fc,2020-0031,2020-0031,supersedes_candidate,"Supersedure: This AD supersedes EASA AD 2020-0031 dated 18 February 2020. | This AD supersedes EASA AD 2020-0031 dated 18 February 2020 | this AD retains the requirements of EASA AD 2020-0031, which is superseded",False
2022-0115,7ae137ac732a1018,2018-0233R1,2018-0233,supersedes_candidate,"Supersedure: This AD supersedes EASA AD 2018-0233R1 dated 28 November 2018. | This AD supersedes EASA AD 2018-0233R1 dated 28 November 2018 | this AD retains the requirements of EASA AD 2018-0233R1, which is superseded",False
2022-0124,752a6ed02a36d731,2021-0206,2021-0206,supersedes_candidate,"Supersedure: This AD supersedes EASA AD 2021-0206 dated 15 September 2021. | This AD supersedes EASA AD 2021-0206 dated 15 September 2021 | this AD retains the requirements of EASA AD 2021-0206, which is superseded",False
2022-0125,1dfcc555fa32cd7b,2021-0207,2021-0207,supersedes_candidate,"Supersedure: This AD supersedes EASA AD 2021-0207 dated 15 September 2021. | This AD supersedes EASA AD 2021-0207 dated 15 September 2021 | this AD retains the requirements of EASA AD 2021-0207, which is superseded",False
2022-0126,41265d208b0fc542,2019-0288,2019-0288,supersedes_candidate,"Supersedure: This AD supersedes EASA AD 2019-0288 dated 28 November 2019. | This AD supersedes EASA AD 2019-0288 dated 28 November 2019 | this AD retains the requirements of EASA AD 2019-0288, which is superseded",False
2022-0127,beba6da05c3e27dd,2021-0208,2021-0208,supersedes_candidate,"Supersedure: This AD supersedes EASA AD 2021-0208 dated 15 September 2021. | This AD supersedes EASA AD 2021-0208 dated 15 September 2021 | this AD retains the requirements of EASA AD 2021-0208, which is superseded",False
2022-0151,cd39d6f340897019,2019-0067R1,2019-0067,supersedes_candidate,Supersedure: This AD supersedes EASA AD 2019-0067R1 dated 11 September 2019. | This AD supersedes EASA AD 2019-0067R1 dated 11 September 2019,False
2022-0156,be47c6ea1726cdbf,2020-0169R1,2020-0169,supersedes_candidate,"Supersedure: This AD supersedes EASA AD 2020-0169R1 dated 19 August 2020. | This AD supersedes EASA AD 2020-0169R1 dated 19 August 2020 | this AD retains the requirements of EASA AD 2020-0169R1, which is superseded",False
2022-0179,8d7d18c2e03b2743,2021-0136,2021-0136,supersedes_candidate,"Supersedure: This AD supersedes EASA AD 2021-0136 dated 04 June 2021. | This AD supersedes EASA AD 2021-0136 dated 04 June 2021 | this AD retains the requirements of EASA AD 2021-0136, which is superseded",False
2022-0181,aad21c146a5b3b85,2022-0170-E,2022-0170,supersedes_candidate,"Supersedure: This AD supersedes EASA Emergency AD 2022-0170-E dated 17 August 2022. | This AD supersedes EASA Emergency AD 2022-0170-E dated 17 August 2022 | this AD supersedes AD 2022-0170-E, and requires accomplishment of maintenance actions, including repetitive replacement of the HPV clips; amendment of the applicable AFM; and implementation of the MMEL update",False
2022-0187,0d4c181fcf6e5600,2021-0261,2021-0261,supersedes_candidate,"Supersedure: This AD supersedes EASA AD 2021-0261 dated 22 November 2021. | This AD supersedes EASA AD 2021-0261 dated 22 November 2021 | this AD retains the requirements of EASA AD 2021-0261, which is superseded",False
2022-0188,e4040e173dad48eb,2021-0262,2021-0262,supersedes_candidate,"Supersedure: This AD supersedes EASA AD 2021-0262 dated 13 December 2021. | This AD supersedes EASA AD 2021-0262 dated 13 December 2021 | this AD retains the requirements of EASA AD 2021-0262, which is superseded",False
2022-0189,83549cb202e2ee0c,2016-0231,2016-0231,supersedes_candidate,"Supersedure: This AD supersedes EASA AD 2016-0231 dated 22 November 2016. | This AD supersedes EASA AD 2016-0231 dated 22 November 2016 | this AD retains the requirement of EASA AD 2016-0231, which is superseded",False
2022-0197,2f70e87899358165,2020-0283,2020-0283,supersedes_candidate,"Supersedure: This AD supersedes EASA AD 2020-0283 dated 17 December 2020, including its correction dated 24 December 2020. | This AD supersedes EASA AD 2020-0283 dated 17 December 2020, including its correction dated 24 December 2020 | this AD retains the requirements of EASA AD 2020-0283, which is superseded",False
2022-0222,55c13dd9ffb65867,2018-0148R1,2018-0148,supersedes_candidate,"Supersedure: This AD supersedes EASA AD 2018-0148R1 dated 05 April 2019. | This AD supersedes EASA AD 2018-0148R1 dated 05 April 2019 | this AD retains the requirements of EASA AD 2018-0148R1, which is superseded",False
2022-0227,8ae3774de0a70ac9,2022-0181,2022-0181,supersedes_candidate,Supersedure: This AD supersedes EASA AD 2022-0181 dated 29 August 2022. | This AD supersedes EASA AD 2022-0181 dated 29 August 2022,False
2022-0238,3867483b28b134df,2020-0032,2020-0032,supersedes_candidate,"Supersedure: This AD supersedes EASA AD 2020-0032 dated 18 February 2020. | This AD supersedes EASA AD 2020-0032 dated 18 February 2020 | this AD retains the requirements of EASA AD 2020-0032, which is superseded",False
2022-0250,7b3b1e4940317c2e,2022-0011,2022-0011,supersedes_candidate,"Supersedure: This AD supersedes EASA AD 2022-0011 dated 21 January 2022. | This AD supersedes EASA AD 2022-0011 dated 21 January 2022 | this AD retains the requirements of EASA AD 2022-0011, which is superseded",False
2022-0253,5a24a9a9548aa5cf,2021-0198,2021-0198,supersedes_candidate,Supersedure: This AD supersedes EASA AD 2021-0198 dated 27 August 2021. | This AD supersedes EASA AD 2021-0198 dated 27 August 2021,False
2022-0262,a803959b94af79e0,2022-0174R1,2022-0174,supersedes_candidate,"Supersedure: This AD supersedes EASA AD 2022-0174R1 dated 31 August 2022. | This AD supersedes EASA AD 2022-0174R1 dated 31 August 2022 | this AD retains the requirements of EASA AD 2022-0174R1, which is superseded",False
2022-0266,0dbaac7225705af5,2018-0131,2018-0131,supersedes_candidate,"Supersedure: This AD supersedes EASA AD 2018-0131 dated 19 June 2018. | This AD supersedes EASA AD 2018-0131 dated 19 June 2018 | this AD retains the requirements of EASA AD 2018-0131, which is superseded",False
2023-0009,562095a198ec98cb,2019-0173,2019-0173,supersedes_candidate,"Supersedure: This AD supersedes EASA AD 2019-0173 dated 18 July 2019. | This AD supersedes EASA AD 2019-0173 dated 18 July 2019 | this AD retains the requirements of EASA AD 2019-0173, which is superseded",False
2023-0029,3930f7d015ce758d,2022-0026,2022-0026,supersedes_candidate,"Supersedure: This AD supersedes EASA AD 2022-0026 dated 16 February 2022. | This AD supersedes EASA AD 2022-0026 dated 16 February 2022 | this AD retains the requirements of EASA AD 2022-0026, which is superseded",False
2023-0031,0e4f71db407836cb,2022-0075,2022-0075,supersedes_candidate,"Supersedure: This AD supersedes EASA AD 2022-0075 dated 28 April 2022. | This AD supersedes EASA AD 2022-0075 dated 28 April 2022 | this AD retains the requirements of EASA AD 2022-0075, which is superseded",False
2023-0068,8fef18145850509b,2020-0123,2020-0123,supersedes_candidate,"Supersedure: This AD supersedes EASA AD 2020-0123 dated 29 May 2020. | This AD supersedes EASA AD 2020-0123 dated 29 May 2020 | this AD retains the requirements of EASA AD 2020-0123, which is superseded",False
2023-0093R1,f8c89a351f146b17,2022-0032R1,2022-0032,supersedes_candidate,"Supersedure: This AD revises EASA AD 2023-0093 dated 05 May 2023, which superseded EASA AD 2022-0032R1 dated 29 July 2022.",False
2023-0098R1,ed343acd45dc30dc,2022-0262,2022-0262,supersedes_candidate,"this AD retains the requirements of EASA AD 2022-0262, which is superseded",False
2023-0104,ad270133db6a84fe,2021-0134,2021-0134,supersedes_candidate,Supersedure: This AD supersedes EASA AD 2021-0134 dated 01 June 2021. | This AD supersedes EASA AD 2021-0134 dated 01 June 2021,False
2023-0112,dbcbf3fabd9485a8,2022-0106,2022-0106,supersedes_candidate,"Supersedure: This AD supersedes EASA AD 2022-0106 dated 10 June 2022 and AD 2023-0024 dated 26 January 2023. | This AD supersedes EASA AD 2022-0106 dated 10 June 2022 and AD 2023-0024 dated 26 January 2023 | this AD retains the requirements of EASA AD 2022-0106 and AD 2023-0024, which are superseded",False
2023-0112,dbcbf3fabd9485a8,2023-0024,2023-0024,supersedes_candidate,"Supersedure: This AD supersedes EASA AD 2022-0106 dated 10 June 2022 and AD 2023-0024 dated 26 January 2023. | This AD supersedes EASA AD 2022-0106 dated 10 June 2022 and AD 2023-0024 dated 26 January 2023 | this AD retains the requirements of EASA AD 2022-0106 and AD 2023-0024, which are superseded",False
2023-0117,4eb222e754fd59c4,2018-0266,2018-0266,supersedes_candidate,"Supersedure: This AD supersedes EASA AD 2018-0266 dated 11 December 2018. | This AD supersedes EASA AD 2018-0266 dated 11 December 2018 | this AD retains the requirements of EASA AD 2018-0266, which is superseded",False
2023-0124,55aa5d770e51de56,2023-0031,2023-0031,supersedes_candidate,"Supersedure: This AD supersedes EASA AD 2023-0031 dated 08 February 2023. | This AD supersedes EASA AD 2023-0031 dated 08 February 2023 | this AD retains the requirements of EASA AD 2023-0031, which is superseded",False
2023-0150,ca85c8f4d93bbd12,2016-0139,2016-0139,supersedes_candidate,"Supersedure: This AD supersedes EASA AD 2016-0139 dated 14 July 2016. | This AD supersedes EASA AD 2016-0139 dated 14 July 2016 | this AD retains the requirements of EASA AD 2016-0139, which is superseded",False
2023-0157,8e0c2959469ea44e,2021-0130R1,2021-0130,supersedes_candidate,"Supersedure: This AD supersedes EASA 2021-0130R1 dated 17 June 2021 and EASA AD 2022-0127 dated 28 June 2022. | This AD supersedes EASA 2021-0130R1 dated 17 June 2021 and EASA AD 2022-0127 dated 28 June 2022 | this AD retains the requirements of EASA AD 2022-0127, which is superseded",False
2023-0157,8e0c2959469ea44e,2022-0127,2022-0127,supersedes_candidate,"Supersedure: This AD supersedes EASA 2021-0130R1 dated 17 June 2021 and EASA AD 2022-0127 dated 28 June 2022. | This AD supersedes EASA 2021-0130R1 dated 17 June 2021 and EASA AD 2022-0127 dated 28 June 2022 | this AD retains the requirements of EASA AD 2022-0127, which is superseded",False
2023-0158,0015b1efad39c8f5,2023-0056,2023-0056,supersedes_candidate,"Supersedure: This AD supersedes EASA AD 2023-0056 dated 16 March 2023. | This AD supersedes EASA AD 2023-0056 dated 16 March 2023 | this AD retains the requirements of EASA AD 2023-0056, which is superseded",False
2023-0162,15bab39eb5146017,2021-0209,2021-0209,supersedes_candidate,"Supersedure: This AD supersedes EASA AD 2021-0209 dated 15 September 2021. | This AD supersedes EASA AD 2021-0209 dated 15 September 2021 | this AD retains the requirements of EASA AD 2021-0209, which is superseded",False
2023-0179,d70e47420eaf2bf6,2023-0153,2023-0153,supersedes_candidate,"Supersedure: This AD supersedes EASA AD 2023-0153 dated 26 July 2023. | This AD supersedes EASA AD 2023-0153 dated 26 July 2023 | this AD retains the requirements of EASA AD 2023-0153, which is superseded",False
2023-0196,231f2788e12a7665,2020-0274,2020-0274,supersedes_candidate,"Supersedure: This AD supersedes EASA AD 2020-0274 dated 10 December 2020. | This AD supersedes EASA AD 2020-0274 dated 10 December 2020 | this AD supersedes EASA AD 2020-0274, extends the Applicability, and requires replacement of certain affected parts with serviceable parts as a precondition for return to service of aeroplanes from storage or parking",False
2023-0198,2eff223016a83667,2023-0098R1,2023-0098,supersedes_candidate,Supersedure: This AD supersedes EASA AD 2023-0098R1 dated 15 May 2023. | This AD supersedes EASA AD 2023-0098R1 dated 15 May 2023,False
2023-0199,e96c7f215ec451a9,2020-0054,2020-0054,supersedes_candidate,Supersedure: This AD supersedes EASA AD 2020-0054 dated 11 March 2020 and EASA AD 2021-0248R1 dated 12 October 2022. | This AD supersedes EASA AD 2020-0054 dated 11 March 2020 and EASA AD 2021-0248R1 dated 12 October 2022,False
2023-0199,e96c7f215ec451a9,2021-0248R1,2021-0248,supersedes_candidate,Supersedure: This AD supersedes EASA AD 2020-0054 dated 11 March 2020 and EASA AD 2021-0248R1 dated 12 October 2022. | This AD supersedes EASA AD 2020-0054 dated 11 March 2020 and EASA AD 2021-0248R1 dated 12 October 2022,False
2023-0200,9df9f009b3fe2160,2021-0249R1,2021-0249,supersedes_candidate,Supersedure: This AD supersedes EASA AD 2021-0249R1 dated 12 October 2022. | This AD supersedes EASA AD 2021-0249R1 dated 12 October 2022,False
2023-0205,35abef528cd6b9e4,2021-0241,2021-0241,supersedes_candidate,"Supersedure: This AD supersedes EASA AD 2021-0241 dated 08 November 2021. | This AD supersedes EASA AD 2021-0241 dated 08 November 2021 | this AD retains the requirements of EASA AD 2021-0241, which is superseded",False
2023-0212,f125b1c221e9d3ac,2021-0227,2021-0227,supersedes_candidate,"Supersedure: This AD supersedes EASA AD 2021-0227 dated 11 October 2021. | This AD supersedes EASA AD 2021-0227 dated 11 October 2021 | this AD retains the requirements of EASA AD 2021-0227, which is superseded",False
2023-0215,791adb12a5b8d699,2021-0260,2021-0260,supersedes_candidate,Supersedure: This AD supersedes EASA AD 2021-0260 dated 18 November 2021. | This AD supersedes EASA AD 2021-0260 dated 18 November 2021,False
2024-0005,0f710e4d825d9c69,2022-0125,2022-0125,supersedes_candidate,"Supersedure: This AD supersedes EASA AD 2022-0125 dated 28 June 2022 and EASA AD 2023-0004 dated 06 January 2023. | This AD supersedes EASA AD 2022-0125 dated 28 June 2022 and EASA AD 2023-0004 dated 06 January 2023 | this AD retains the requirements of EASA 2022-0125 and AD 2023-0004, which are superseded",False
2024-0005,0f710e4d825d9c69,2023-0004,2023-0004,supersedes_candidate,"Supersedure: This AD supersedes EASA AD 2022-0125 dated 28 June 2022 and EASA AD 2023-0004 dated 06 January 2023. | This AD supersedes EASA AD 2022-0125 dated 28 June 2022 and EASA AD 2023-0004 dated 06 January 2023 | this AD retains the requirements of EASA 2022-0125 and AD 2023-0004, which are superseded",False
2024-0008,d64d0ef846ed6517,2017-0207,2017-0207,supersedes_candidate,"Supersedure: This AD supersedes EASA AD 2017-0207 dated 12 October 2017, EASA AD 2020- 0110R1 dated 27 May 2020, EASA AD 2021-0181 dated 30 July 2021 and EASA AD 2023-0104 dated 24 May 2023. | This AD supersedes EASA AD 2017-0207 dated 12 October 2017, EASA AD 2020- 0110R1 dated 27 May 2020, EASA AD 2021-0181 dated 30 July 2021 and EASA AD 2023-0104 dated 24 May 2023 | this AD retains the requirements of EASA AD 2017-0207, AD 2020- 0110R1, AD 2021-0181 and AD 2023-0104, which are superseded",False
2024-0008,d64d0ef846ed6517,2021-0181,2021-0181,supersedes_candidate,"Supersedure: This AD supersedes EASA AD 2017-0207 dated 12 October 2017, EASA AD 2020- 0110R1 dated 27 May 2020, EASA AD 2021-0181 dated 30 July 2021 and EASA AD 2023-0104 dated 24 May 2023. | This AD supersedes EASA AD 2017-0207 dated 12 October 2017, EASA AD 2020- 0110R1 dated 27 May 2020, EASA AD 2021-0181 dated 30 July 2021 and EASA AD 2023-0104 dated 24 May 2023 | this AD retains the requirements of EASA AD 2017-0207, AD 2020- 0110R1, AD 2021-0181 and AD 2023-0104, which are superseded",False
2024-0008,d64d0ef846ed6517,2023-0104,2023-0104,supersedes_candidate,"Supersedure: This AD supersedes EASA AD 2017-0207 dated 12 October 2017, EASA AD 2020- 0110R1 dated 27 May 2020, EASA AD 2021-0181 dated 30 July 2021 and EASA AD 2023-0104 dated 24 May 2023. | This AD supersedes EASA AD 2017-0207 dated 12 October 2017, EASA AD 2020- 0110R1 dated 27 May 2020, EASA AD 2021-0181 dated 30 July 2021 and EASA AD 2023-0104 dated 24 May 2023 | this AD retains the requirements of EASA AD 2017-0207, AD 2020- 0110R1, AD 2021-0181 and AD 2023-0104, which are superseded",False
2024-0009,cf72a2b0d60b46e9,2019-0090,2019-0090,supersedes_candidate,"Supersedure: This AD supersedes EASA AD 2019-0090 dated 26 April 2019, EASA AD 2020- 0111R2 dated 16 June 2020, EASA AD 2021-0093 dated 30 March 2021, EASA AD 2021-0204 dated 14 September 2021, EASA AD 2021-0258 dated 17 November 2021, EASA AD 2022-0192 dated 23 September 2022 and EASA AD 2023-0091 dated 05 May 2023. | This AD supersedes EASA AD 2019-0090 dated 26 April 2019, EASA AD 2020- 0111R2 dated 16 June 2020, EASA AD 2021-0093 dated 30 March 2021, EASA AD 2021-0204 dated 14 September 2021, EASA AD 2021-0258 dated 17 November 2021, EASA AD 2022-0192 dated 23 September 2022 and EASA AD 2023-0091 dated 05 May 2023 | this AD retains the requirements of EASA AD 2019-0090, AD 2020- 0111R2, AD 2021-0093, AD 2021-0204, AD 2021-0258, AD 2022-0192 and AD 2023-0091, which are superseded",False
2024-0009,cf72a2b0d60b46e9,2021-0093,2021-0093,supersedes_candidate,"Supersedure: This AD supersedes EASA AD 2019-0090 dated 26 April 2019, EASA AD 2020- 0111R2 dated 16 June 2020, EASA AD 2021-0093 dated 30 March 2021, EASA AD 2021-0204 dated 14 September 2021, EASA AD 2021-0258 dated 17 November 2021, EASA AD 2022-0192 dated 23 September 2022 and EASA AD 2023-0091 dated 05 May 2023. | This AD supersedes EASA AD 2019-0090 dated 26 April 2019, EASA AD 2020- 0111R2 dated 16 June 2020, EASA AD 2021-0093 dated 30 March 2021, EASA AD 2021-0204 dated 14 September 2021, EASA AD 2021-0258 dated 17 November 2021, EASA AD 2022-0192 dated 23 September 2022 and EASA AD 2023-0091 dated 05 May 2023 | this AD retains the requirements of EASA AD 2019-0090, AD 2020- 0111R2, AD 2021-0093, AD 2021-0204, AD 2021-0258, AD 2022-0192 and AD 2023-0091, which are superseded",False
2024-0009,cf72a2b0d60b46e9,2021-0204,2021-0204,supersedes_candidate,"Supersedure: This AD supersedes EASA AD 2019-0090 dated 26 April 2019, EASA AD 2020- 0111R2 dated 16 June 2020, EASA AD 2021-0093 dated 30 March 2021, EASA AD 2021-0204 dated 14 September 2021, EASA AD 2021-0258 dated 17 November 2021, EASA AD 2022-0192 dated 23 September 2022 and EASA AD 2023-0091 dated 05 May 2023. | This AD supersedes EASA AD 2019-0090 dated 26 April 2019, EASA AD 2020- 0111R2 dated 16 June 2020, EASA AD 2021-0093 dated 30 March 2021, EASA AD 2021-0204 dated 14 September 2021, EASA AD 2021-0258 dated 17 November 2021, EASA AD 2022-0192 dated 23 September 2022 and EASA AD 2023-0091 dated 05 May 2023 | this AD retains the requirements of EASA AD 2019-0090, AD 2020- 0111R2, AD 2021-0093, AD 2021-0204, AD 2021-0258, AD 2022-0192 and AD 2023-0091, which are superseded",False
2024-0009,cf72a2b0d60b46e9,2021-0258,2021-0258,supersedes_candidate,"Supersedure: This AD supersedes EASA AD 2019-0090 dated 26 April 2019, EASA AD 2020- 0111R2 dated 16 June 2020, EASA AD 2021-0093 dated 30 March 2021, EASA AD 2021-0204 dated 14 September 2021, EASA AD 2021-0258 dated 17 November 2021, EASA AD 2022-0192 dated 23 September 2022 and EASA AD 2023-0091 dated 05 May 2023. | This AD supersedes EASA AD 2019-0090 dated 26 April 2019, EASA AD 2020- 0111R2 dated 16 June 2020, EASA AD 2021-0093 dated 30 March 2021, EASA AD 2021-0204 dated 14 September 2021, EASA AD 2021-0258 dated 17 November 2021, EASA AD 2022-0192 dated 23 September 2022 and EASA AD 2023-0091 dated 05 May 2023 | this AD retains the requirements of EASA AD 2019-0090, AD 2020- 0111R2, AD 2021-0093, AD 2021-0204, AD 2021-0258, AD 2022-0192 and AD 2023-0091, which are superseded",False
2024-0009,cf72a2b0d60b46e9,2022-0192,2022-0192,supersedes_candidate,"Supersedure: This AD supersedes EASA AD 2019-0090 dated 26 April 2019, EASA AD 2020- 0111R2 dated 16 June 2020, EASA AD 2021-0093 dated 30 March 2021, EASA AD 2021-0204 dated 14 September 2021, EASA AD 2021-0258 dated 17 November 2021, EASA AD 2022-0192 dated 23 September 2022 and EASA AD 2023-0091 dated 05 May 2023. | This AD supersedes EASA AD 2019-0090 dated 26 April 2019, EASA AD 2020- 0111R2 dated 16 June 2020, EASA AD 2021-0093 dated 30 March 2021, EASA AD 2021-0204 dated 14 September 2021, EASA AD 2021-0258 dated 17 November 2021, EASA AD 2022-0192 dated 23 September 2022 and EASA AD 2023-0091 dated 05 May 2023 | this AD retains the requirements of EASA AD 2019-0090, AD 2020- 0111R2, AD 2021-0093, AD 2021-0204, AD 2021-0258, AD 2022-0192 and AD 2023-0091, which are superseded",False
2024-0009,cf72a2b0d60b46e9,2023-0091,2023-0091,supersedes_candidate,"Supersedure: This AD supersedes EASA AD 2019-0090 dated 26 April 2019, EASA AD 2020- 0111R2 dated 16 June 2020, EASA AD 2021-0093 dated 30 March 2021, EASA AD 2021-0204 dated 14 September 2021, EASA AD 2021-0258 dated 17 November 2021, EASA AD 2022-0192 dated 23 September 2022 and EASA AD 2023-0091 dated 05 May 2023. | This AD supersedes EASA AD 2019-0090 dated 26 April 2019, EASA AD 2020- 0111R2 dated 16 June 2020, EASA AD 2021-0093 dated 30 March 2021, EASA AD 2021-0204 dated 14 September 2021, EASA AD 2021-0258 dated 17 November 2021, EASA AD 2022-0192 dated 23 September 2022 and EASA AD 2023-0091 dated 05 May 2023 | this AD retains the requirements of EASA AD 2019-0090, AD 2020- 0111R2, AD 2021-0093, AD 2021-0204, AD 2021-0258, AD 2022-0192 and AD 2023-0091, which are superseded",False
2024-0010,85bc41bd8105da9e,2019-0091,2019-0091,supersedes_candidate,"Supersedure: This AD supersedes EASA AD 2019-0091 dated 26 April 2019, EASA AD 2020- 0112R1 dated 27 May 2020, EASA AD 2021-0205 dated 14 September 2021, EASA AD 2021-0257 dated 17 November 2021, EASA AD 2022-0193 dated 23 September 2022 and EASA AD 2023-0092 dated 05 May 2023. | This AD supersedes EASA AD 2019-0091 dated 26 April 2019, EASA AD 2020- 0112R1 dated 27 May 2020, EASA AD 2021-0205 dated 14 September 2021, EASA AD 2021-0257 dated 17 November 2021, EASA AD 2022-0193 dated 23 September 2022 and EASA AD 2023-0092 dated 05 May 2023 | this AD retains the requirements of EASA AD 2019-0091, AD 2020-0112R1, AD 2021-0205, AD 2021-0257, AD 2022-0193 and AD 2023-0092, which are superseded",False
2024-0010,85bc41bd8105da9e,2020-0112R1,2020-0112,supersedes_candidate,"Supersedure: This AD supersedes EASA AD 2019-0091 dated 26 April 2019, EASA AD 2020- 0112R1 dated 27 May 2020, EASA AD 2021-0205 dated 14 September 2021, EASA AD 2021-0257 dated 17 November 2021, EASA AD 2022-0193 dated 23 September 2022 and EASA AD 2023-0092 dated 05 May 2023. | This AD supersedes EASA AD 2019-0091 dated 26 April 2019, EASA AD 2020- 0112R1 dated 27 May 2020, EASA AD 2021-0205 dated 14 September 2021, EASA AD 2021-0257 dated 17 November 2021, EASA AD 2022-0193 dated 23 September 2022 and EASA AD 2023-0092 dated 05 May 2023 | this AD retains the requirements of EASA AD 2019-0091, AD 2020-0112R1, AD 2021-0205, AD 2021-0257, AD 2022-0193 and AD 2023-0092, which are superseded",False
2024-0010,85bc41bd8105da9e,2021-0205,2021-0205,supersedes_candidate,"Supersedure: This AD supersedes EASA AD 2019-0091 dated 26 April 2019, EASA AD 2020- 0112R1 dated 27 May 2020, EASA AD 2021-0205 dated 14 September 2021, EASA AD 2021-0257 dated 17 November 2021, EASA AD 2022-0193 dated 23 September 2022 and EASA AD 2023-0092 dated 05 May 2023. | This AD supersedes EASA AD 2019-0091 dated 26 April 2019, EASA AD 2020- 0112R1 dated 27 May 2020, EASA AD 2021-0205 dated 14 September 2021, EASA AD 2021-0257 dated 17 November 2021, EASA AD 2022-0193 dated 23 September 2022 and EASA AD 2023-0092 dated 05 May 2023 | this AD retains the requirements of EASA AD 2019-0091, AD 2020-0112R1, AD 2021-0205, AD 2021-0257, AD 2022-0193 and AD 2023-0092, which are superseded",False
2024-0010,85bc41bd8105da9e,2021-0257,2021-0257,supersedes_candidate,"Supersedure: This AD supersedes EASA AD 2019-0091 dated 26 April 2019, EASA AD 2020- 0112R1 dated 27 May 2020, EASA AD 2021-0205 dated 14 September 2021, EASA AD 2021-0257 dated 17 November 2021, EASA AD 2022-0193 dated 23 September 2022 and EASA AD 2023-0092 dated 05 May 2023. | This AD supersedes EASA AD 2019-0091 dated 26 April 2019, EASA AD 2020- 0112R1 dated 27 May 2020, EASA AD 2021-0205 dated 14 September 2021, EASA AD 2021-0257 dated 17 November 2021, EASA AD 2022-0193 dated 23 September 2022 and EASA AD 2023-0092 dated 05 May 2023 | this AD retains the requirements of EASA AD 2019-0091, AD 2020-0112R1, AD 2021-0205, AD 2021-0257, AD 2022-0193 and AD 2023-0092, which are superseded",False
2024-0010,85bc41bd8105da9e,2022-0193,2022-0193,supersedes_candidate,"Supersedure: This AD supersedes EASA AD 2019-0091 dated 26 April 2019, EASA AD 2020- 0112R1 dated 27 May 2020, EASA AD 2021-0205 dated 14 September 2021, EASA AD 2021-0257 dated 17 November 2021, EASA AD 2022-0193 dated 23 September 2022 and EASA AD 2023-0092 dated 05 May 2023. | This AD supersedes EASA AD 2019-0091 dated 26 April 2019, EASA AD 2020- 0112R1 dated 27 May 2020, EASA AD 2021-0205 dated 14 September 2021, EASA AD 2021-0257 dated 17 November 2021, EASA AD 2022-0193 dated 23 September 2022 and EASA AD 2023-0092 dated 05 May 2023 | this AD retains the requirements of EASA AD 2019-0091, AD 2020-0112R1, AD 2021-0205, AD 2021-0257, AD 2022-0193 and AD 2023-0092, which are superseded",False
2024-0010,85bc41bd8105da9e,2023-0092,2023-0092,supersedes_candidate,"Supersedure: This AD supersedes EASA AD 2019-0091 dated 26 April 2019, EASA AD 2020- 0112R1 dated 27 May 2020, EASA AD 2021-0205 dated 14 September 2021, EASA AD 2021-0257 dated 17 November 2021, EASA AD 2022-0193 dated 23 September 2022 and EASA AD 2023-0092 dated 05 May 2023. | This AD supersedes EASA AD 2019-0091 dated 26 April 2019, EASA AD 2020- 0112R1 dated 27 May 2020, EASA AD 2021-0205 dated 14 September 2021, EASA AD 2021-0257 dated 17 November 2021, EASA AD 2022-0193 dated 23 September 2022 and EASA AD 2023-0092 dated 05 May 2023 | this AD retains the requirements of EASA AD 2019-0091, AD 2020-0112R1, AD 2021-0205, AD 2021-0257, AD 2022-0193 and AD 2023-0092, which are superseded",False
2024-0011,7e98fab971fb75c0,2022-0187,2022-0187,supersedes_candidate,"Supersedure: This AD supersedes EASA AD 2022-0187 dated 13 September 2022 and EASA AD 2023-0015 dated 19 January 2023. | This AD supersedes EASA AD 2022-0187 dated 13 September 2022 and EASA AD 2023-0015 dated 19 January 2023 | this AD retains the requirements of EASA AD 2022-0187 and EASA AD 2023-0015, which are superseded",False
2024-0011,7e98fab971fb75c0,2023-0015,2023-0015,supersedes_candidate,"Supersedure: This AD supersedes EASA AD 2022-0187 dated 13 September 2022 and EASA AD 2023-0015 dated 19 January 2023. | This AD supersedes EASA AD 2022-0187 dated 13 September 2022 and EASA AD 2023-0015 dated 19 January 2023 | this AD retains the requirements of EASA AD 2022-0187 and EASA AD 2023-0015, which are superseded",False
2024-0012,94fb2ae935a7d0ca,2022-0188,2022-0188,supersedes_candidate,"Supersedure: This AD supersedes EASA AD 2022-0188 dated 13 September 2022 and EASA AD 2023-0016 dated 19 January 2023. | This AD supersedes EASA AD 2022-0188 dated 13 September 2022 and EASA AD 2023-0016 dated 19 January 2023 | this AD retains the requirements of EASA AD 2022-0188 and EASA AD 2023-0016, which are superseded",False
2024-0012,94fb2ae935a7d0ca,2023-0016,2023-0016,supersedes_candidate,"Supersedure: This AD supersedes EASA AD 2022-0188 dated 13 September 2022 and EASA AD 2023-0016 dated 19 January 2023. | This AD supersedes EASA AD 2022-0188 dated 13 September 2022 and EASA AD 2023-0016 dated 19 January 2023 | this AD retains the requirements of EASA AD 2022-0188 and EASA AD 2023-0016, which are superseded",False
2024-0013,0d642370be0a86bc,2021-0247R1,2021-0247,supersedes_candidate,"Supersedure: This AD supersedes EASA AD 2021-0247R1 dated 12 October 2022. | This AD supersedes EASA AD 2021-0247R1 dated 12 October 2022 | this AD retains the requirements of EASA AD 2021-0247R1, which is superseded",False
2024-0014,1a16ee8f0de8470b,2021-0250R1,2021-0250,supersedes_candidate,"Supersedure: This AD supersedes EASA AD 2021-0250R1 dated 12 October 2022. | This AD supersedes EASA AD 2021-0250R1 dated 12 October 2022 | this AD retains the requirements of EASA AD 2021-0250R1, which is superseded",False
2024-0015,a494dc12d0cdac0d,2021-0251R1,2021-0251,supersedes_candidate,"Supersedure: This AD supersedes EASA AD 2021-0251R1 dated 12 October 2022. | This AD supersedes EASA AD 2021-0251R1 dated 12 October 2022 | this AD retains the requirements of EASA AD 2021-0251R1, which is superseded",False
2024-0016,e1a91af8401c198c,2022-0039,2022-0039,supersedes_candidate,"Supersedure: This AD supersedes EASA AD 2022-0039 dated 08 March 2022. | This AD supersedes EASA AD 2022-0039 dated 08 March 2022 | this AD retains the requirements of EASA AD 2022-0039, which is superseded",False
2024-0027,9ce9ebe8f9c5c9fa,2021-0256,2021-0256,supersedes_candidate,"Supersedure: This AD supersedes EASA AD 2021-0256 dated 16 November 2021. | This AD supersedes EASA AD 2021-0256 dated 16 November 2021 | this AD retains the requirements of EASA AD 2021-0256, which is superseded",False
2024-0030,f4ce3ee4da01fb5f,2022-0091,2022-0091,supersedes_candidate,"Supersedure: This AD supersedes EASA AD 2022-0091 dated 20 May 2022 and EASA AD 2023-0138 dated 13 July 2023. | This AD supersedes EASA AD 2022-0091 dated 20 May 2022 and EASA AD 2023-0138 dated 13 July 2023 | this AD retains the requirements of EASA AD 2022-0091 and AD 2023-0138, which are superseded",False
2024-0030,f4ce3ee4da01fb5f,2023-0138,2023-0138,supersedes_candidate,"Supersedure: This AD supersedes EASA AD 2022-0091 dated 20 May 2022 and EASA AD 2023-0138 dated 13 July 2023. | This AD supersedes EASA AD 2022-0091 dated 20 May 2022 and EASA AD 2023-0138 dated 13 July 2023 | this AD retains the requirements of EASA AD 2022-0091 and AD 2023-0138, which are superseded",False
2024-0031,05bf9540acc0d045,2022-0085,2022-0085,supersedes_candidate,"Supersedure: This AD supersedes EASA AD 2022-0085 dated 12 May 2022, EASA AD 2023-0008 dated 16 January 2023, and EASA AD 2023-0151 dated 25 July 2023. | This AD supersedes EASA AD 2022-0085 dated 12 May 2022, EASA AD 2023-0008 dated 16 January 2023, and EASA AD 2023-0151 dated 25 July 2023 | this AD retains the requirements of EASA AD 2022-0085, AD 2023-0008 and EASA AD 2023-0151, which are superseded",False
2024-0031,05bf9540acc0d045,2023-0008,2023-0008,supersedes_candidate,"Supersedure: This AD supersedes EASA AD 2022-0085 dated 12 May 2022, EASA AD 2023-0008 dated 16 January 2023, and EASA AD 2023-0151 dated 25 July 2023. | This AD supersedes EASA AD 2022-0085 dated 12 May 2022, EASA AD 2023-0008 dated 16 January 2023, and EASA AD 2023-0151 dated 25 July 2023 | this AD retains the requirements of EASA AD 2022-0085, AD 2023-0008 and EASA AD 2023-0151, which are superseded",False
2024-0031,05bf9540acc0d045,2023-0151,2023-0151,supersedes_candidate,"Supersedure: This AD supersedes EASA AD 2022-0085 dated 12 May 2022, EASA AD 2023-0008 dated 16 January 2023, and EASA AD 2023-0151 dated 25 July 2023. | This AD supersedes EASA AD 2022-0085 dated 12 May 2022, EASA AD 2023-0008 dated 16 January 2023, and EASA AD 2023-0151 dated 25 July 2023 | this AD retains the requirements of EASA AD 2022-0085, AD 2023-0008 and EASA AD 2023-0151, which are superseded",False
2024-0038,db594c767fc8f98e,2021-0183R1,2021-0183,supersedes_candidate,Supersedure: This AD supersedes EASA AD 2021-0183R1 dated 20 September 2021. | This AD supersedes EASA AD 2021-0183R1 dated 20 September 2021,False
2024-0046,5dd14460725d1b9c,2022-0102,2022-0102,supersedes_candidate,Supersedure: This AD supersedes EASA AD 2022-0102 dated 08 June 2022. | This AD supersedes EASA AD 2022-0102 dated 08 June 2022 | this AD supersedes EASA AD 2022-0102 and requires accomplishment of the actions specified in the ALS,False
2024-0047,95e61c10252c4f44,2018-0231,2018-0231,supersedes_candidate,"Supersedure: This AD supersedes EASA AD 2018-0231 dated 25 October 2018. | This AD supersedes EASA AD 2018-0231 dated 25 October 2018 | this AD supersedes EASA AD 2018-0231, expands the Applicability and requires accomplishment of the actions specified in the ALS",False
2024-0057,1da59f375fc7b82b,2024-0048,2024-0048,supersedes_candidate,Supersedure: This AD supersedes EASA AD 2024-0048 dated 16 February 2024. | This AD supersedes EASA AD 2024-0048 dated 16 February 2024,False
2024-0066,ba48244fee04bf71,2022-0082,2022-0082,supersedes_candidate,"Supersedure: This AD supersedes EASA AD 2022-0082 dated 10 May 2022. | This AD supersedes EASA AD 2022-0082 dated 10 May 2022 | this AD retains the requirements of EASA AD 2022-0082, which is superseded",False
2024-0068,67f5dbf4368e2746,2022-0151,2022-0151,supersedes_candidate,"Supersedure: This AD supersedes EASA AD 2022-0151 dated 26 July 2022. | This AD supersedes EASA AD 2022-0151 dated 26 July 2022 | this AD retains the requirements of EASA AD 2022-0151, which is superseded",False
2024-0077,f03c2af10d966546,2016-0206,2016-0206,supersedes_candidate,"This AD supersedes EASA AD 2016-0206 dated 13 October 2016, including its Correction dated 14 October 2016 | this AD retains the requirements of EASA AD 2016-0206, which is superseded",False
2024-0078,1cab43716e3d337d,2022-0196,2022-0196,supersedes_candidate,"Supersedure: This AD supersedes EASA AD 2022-0196 dated 20 September 2022. | This AD supersedes EASA AD 2022-0196 dated 20 September 2022 | this AD retains the requirements of the EASA AD 2022-0196, which is superseded",False
2024-0079,6dfba01b254142d0,2023-0124,2023-0124,supersedes_candidate,"Supersedure: This AD supersedes EASA AD 2023-0124 dated 16 June 2023. | This AD supersedes EASA AD 2023-0124 dated 16 June 2023 | this AD retains the requirements of EASA AD 2023-0124, which is superseded",False
2024-0128,60ce42b72cc89457,2016-0105R2,2016-0105,supersedes_candidate,"Supersedure: This AD supersedes EASA AD 2016-0105R2 dated 08 October 2021. | This AD supersedes EASA AD 2016-0105R2 dated 08 October 2021 | this AD retains the requirements of EASA AD 2016-0105R2, which is superseded",False
2024-0129,e4eec853d51ee45b,2024-0098,2024-0098,supersedes_candidate,"Supersedure: This AD supersedes EASA AD 2024-0098 dated 02 May 2024. | This AD supersedes EASA AD 2024-0098 dated 02 May 2024 | this AD retains the requirements of EASA AD 2024-0098, which is superseded",False
2024-0145,50f8ce10118e7fad,2021-0190,2021-0190,supersedes_candidate,"Supersedure: This AD supersedes EASA AD 2021-0190 dated 17 August 2021. | This AD supersedes EASA AD 2021-0190 dated 17 August 2021 | this AD retains the requirements of EASA AD 2021-0190, which is superseded",False
2024-0155,bff3caefbf67528f,2022-0250,2022-0250,supersedes_candidate,"Supersedure: This AD supersedes EASA AD 2022-0250 dated 14 December 2022. | This AD supersedes EASA AD 2022-0250 dated 14 December 2022 | this AD retains the requirements of EASA AD 2022-0250, which is superseded",False
2024-0161,96f4afaff90c5eb8,2022-0080,2022-0080,supersedes_candidate,"Supersedure: This AD supersedes EASA AD 2022-0080 dated 09 May 2022. | This AD supersedes EASA AD 2022-0080 dated 09 May 2022 | this AD retains the requirements of EASA AD 2022-0080, which is superseded",False
2024-0164,ca4e74cf2da31f87,2022-0173,2022-0173,supersedes_candidate,Supersedure: This AD supersedes EASA AD 2022-0173 dated 24 August 2022. | This AD supersedes EASA AD 2022-0173 dated 24 August 2022 | this AD supersedes EASA AD 2022-0173 and requires accomplishment of the actions and limitations specified in the ALS,False
2024-0165,0f1af9bd1a2a4c8a,2022-0172,2022-0172,supersedes_candidate,Supersedure: This AD supersedes EASA AD 2022-0172 dated 22 August 2022 and EASA AD 2023-0173 dated 20 September 2023. | This AD supersedes EASA AD 2022-0172 dated 22 August 2022 and EASA AD 2023-0173 dated 20 September 2023 | this AD supersedes EASA AD 2022-0172 and EASA AD 2023-0173 and requires accomplishment of the actions and limitations specified in the ALS,False
2024-0165,0f1af9bd1a2a4c8a,2023-0173,2023-0173,supersedes_candidate,Supersedure: This AD supersedes EASA AD 2022-0172 dated 22 August 2022 and EASA AD 2023-0173 dated 20 September 2023. | This AD supersedes EASA AD 2022-0172 dated 22 August 2022 and EASA AD 2023-0173 dated 20 September 2023 | this AD supersedes EASA AD 2022-0172 and EASA AD 2023-0173 and requires accomplishment of the actions and limitations specified in the ALS,False
2024-0170,596049acc79c1f06,2017-0023,2017-0023,supersedes_candidate,"Supersedure: This AD supersedes EASA AD 2017-0023 dated 10 February 2017. | This AD supersedes EASA AD 2017-0023 dated 10 February 2017 | this AD retains the requirements of EASA AD 2017-0023, which is superseded",False
2024-0186,3e00ce16b46a9dcb,2019-0168,2019-0168,supersedes_candidate,"Supersedure: This AD supersedes EASA AD 2019-0168 dated 16 July 2019. | This AD supersedes EASA AD 2019-0168 dated 16 July 2019 | this AD retains the requirements of EASA AD 2019-0168, which is superseded",False
2024-0189,4c7794225561beb2,2022-0124,2022-0124,supersedes_candidate,Supersedure: This AD supersedes EASA AD 2022-0124 dated 28 June 2022. | This AD supersedes EASA AD 2022-0124 dated 28 June 2022,False
2024-0191,ebc9c773083a1d6b,2023-0198,2023-0198,supersedes_candidate,"Supersedure: This AD supersedes EASA AD 2023-0198 dated 16 November 2023. | This AD supersedes EASA AD 2023-0198 dated 16 November 2023 | this AD retains the requirements of EASA AD 2023-0198, which is superseded",False
2024-0196,91f5dd1f9cb5cc42,2022-0147,2022-0147,supersedes_candidate,"Supersedure: This AD supersedes EASA AD 2022-0147 issued 14 July 2022, including its correction issued 17 August 2022. | This AD supersedes EASA AD 2022-0147 issued 14 July 2022, including its correction issued 17 August 2022 | this AD supersedes EASA AD 2022-0147, and extends the Applicability to the A321-253NY aeroplanes to prohibit installation of affected parts on those aeroplanes in service",False
2024-0197,4edcf14b30c6d076,2023-0094,2023-0094,supersedes_candidate,"Supersedure: This AD supersedes EASA AD 2023-0094 dated 08 May 2023. | This AD supersedes EASA AD 2023-0094 dated 08 May 2023 | this AD supersedes EASA AD 2023-0094, and extends the Applicability to the A321-253NY aeroplanes to prohibit installation of affected parts on those aeroplanes in service",False
2024-0198,2574652a6b6cdcff,2023-0209,2023-0209,supersedes_candidate,"Supersedure: This AD supersedes EASA AD 2023-0209 dated 22 November 2023. | This AD supersedes EASA AD 2023-0209 dated 22 November 2023 | this AD supersedes EASA AD 2023-0209, and extends the Applicability to the A321-253NY aeroplanes to prohibit installation of affected parts on those aeroplanes in service",False
2024-0199,504336317366da36,2024-0106,2024-0106,supersedes_candidate,"Supersedure: This AD supersedes EASA AD 2024-0106 dated 31 May 2024. | This AD supersedes EASA AD 2024-0106 dated 31 May 2024 | this AD supersedes EASA AD 2024-0106, extends the Applicability to the A321-253NY aeroplanes and updates the list of the Panasonic SB in the Ref",False
2024-0203,b163c7717954ff97,2020-0073,2020-0073,supersedes_candidate,"Supersedure: This AD supersedes EASA AD 2020-0073 dated 26 March 2020. | This AD supersedes EASA AD 2020-0073 dated 26 March 2020 | this AD supersedes EASA AD 2020-0073, and extends the Applicability to the A321-253NY aeroplanes to prohibit installation of affected parts on those aeroplanes in service",False
2024-0213,44180521361f0e9b,2021-0246R1,2021-0246,supersedes_candidate,"Supersedure: This AD supersedes EASA AD 2021-0246R1 dated 12 October 2022. | This AD supersedes EASA AD 2021-0246R1 dated 12 October 2022 | this AD retains the requirements of EASA AD 2021-0246R1, which is superseded",False
2024-0214,9d4128423399d126,2024-0013,2024-0013,supersedes_candidate,"Supersedure: This AD supersedes EASA AD 2024-0013 dated 10 January 2024. | This AD supersedes EASA AD 2024-0013 dated 10 January 2024 | this AD retains the requirements of EASA AD 2024-0013, which is superseded",False
2024-0217,bf7b5f763711da83,2023-0212,2023-0212,supersedes_candidate,"Supersedure: This AD supersedes EASA AD 2023-0212 dated 06 December 2023. | This AD supersedes EASA AD 2023-0212 dated 06 December 2023 | this AD retains the requirements of EASA AD 2023-0212, which is superseded",False
2024-0220,2e0b12c4c569825c,2019-0210,2019-0210,supersedes_candidate,"Supersedure: This AD supersedes EASA AD 2019-0210 dated 26 August 2019. | This AD supersedes EASA AD 2019-0210 dated 26 August 2019 | this AD retains the requirements of EASA AD 2019-0210, which is superseded",False
2024-0230,bbb164d217c1ce72,2024-0027,2024-0027,supersedes_candidate,"Supersedure: This AD supersedes EASA AD 2024-0027 dated 25 January 2024. | This AD supersedes EASA AD 2024-0027 dated 25 January 2024 | this AD retains the requirements of EASA AD 2024-0027, which is superseded",False
2025-0012,60a832e98e27df52,2023-0199,2023-0199,supersedes_candidate,"Supersedure: This AD supersedes EASA AD 2023-0199 dated 17 November 2023. | This AD supersedes EASA AD 2023-0199 dated 17 November 2023 | this AD retains the requirements of EASA AD 2023-0199, which is superseded",False
2025-0015,36dafadb60af0208,2024-0011,2024-0011,supersedes_candidate,"Supersedure: This AD supersedes EASA AD 2024-0011 dated 10 January 2024. | This AD supersedes EASA AD 2024-0011 dated 10 January 2024 | this AD retains the requirements of EASA AD 2024-0011, which is superseded",False
2025-0016,bc3e6a23cb84eb02,2024-0012,2024-0012,supersedes_candidate,"Supersedure: This AD supersedes EASA AD 2024-0012 dated 10 January 2024. | This AD supersedes EASA AD 2024-0012 dated 10 January 2024 | this AD retains the requirements of EASA AD 2024-0012, which is superseded",False
2025-0030,fdd2c6e6327b3317,2024-0031,2024-0031,supersedes_candidate,"Supersedure: This AD supersedes the EASA AD 2024-0031 dated 31 January 2024, including its Correction dated 01 February 2024, and EASA AD 2024-0208 dated 25 October 2024. | This AD supersedes the EASA AD 2024-0031 dated 31 January 2024, including its Correction dated 01 February 2024, and EASA AD 2024-0208 dated 25 October 2024 | this AD retains the requirements of EASA AD 2024-0031 and AD 2024-0208, which are superseded",False
2025-0030,fdd2c6e6327b3317,2024-0208,2024-0208,supersedes_candidate,"Supersedure: This AD supersedes the EASA AD 2024-0031 dated 31 January 2024, including its Correction dated 01 February 2024, and EASA AD 2024-0208 dated 25 October 2024. | This AD supersedes the EASA AD 2024-0031 dated 31 January 2024, including its Correction dated 01 February 2024, and EASA AD 2024-0208 dated 25 October 2024 | this AD retains the requirements of EASA AD 2024-0031 and AD 2024-0208, which are superseded",False
2025-0031,1034412b61b9c302,2024-0030,2024-0030,supersedes_candidate,"Supersedure: This AD supersedes EASA AD 2024-0030 dated 31 January 2024. | This AD supersedes EASA AD 2024-0030 dated 31 January 2024 | this AD retains the requirements of EASA AD 2024-0030, which is superseded",False
2025-0032,4dbb47843d2841c6,2024-0046,2024-0046,supersedes_candidate,"Supersedure: This AD supersedes EASA AD 2024-0046 dated 19 February 2024. | This AD supersedes EASA AD 2024-0046 dated 19 February 2024 | this AD retains the requirements of EASA AD 2024-0046, which is superseded",False
2025-0033,ab8f92ebfc1502ca,2024-0047,2024-0047,supersedes_candidate,"Supersedure: This AD supersedes EASA AD 2024-0047 dated 19 February 2024. | This AD supersedes EASA AD 2024-0047 dated 19 February 2024 | this AD retains the requirements of EASA AD 2024-0047, which is superseded",False
2025-0041,b1454d1e33bf6ba5,2024-0247,2024-0247,supersedes_candidate,"Supersedure: This AD supersedes EASA AD 2024-0247 dated 18 December 2024. | This AD supersedes EASA AD 2024-0247 dated 18 December 2024 | this AD retains the requirements of EASA AD 2024-0247, which is superseded",False
2025-0057,f784cb5ddff1130e,2024-0014,2024-0014,supersedes_candidate,"Supersedure: This AD supersedes EASA AD 2024-0014 dated 10 January 2024. | This AD supersedes EASA AD 2024-0014 dated 10 January 2024 | this AD retains the requirements of EASA AD 2024-0014, which is superseded",False
2025-0068,6e80e67e640ba6d1,2024-0038,2024-0038,supersedes_candidate,"Supersedure: This AD supersedes EASA AD 2024-0038 dated 05 February 2024. | This AD supersedes EASA AD 2024-0038 dated 05 February 2024 | this AD retains the requirements of EASA AD 2024-0038, which is superseded",False
2025-0073,0cadf09b261e217a,2020-0139R1,2020-0139,supersedes_candidate,"Supersedure: This AD supersedes EASA AD 2020-0139R1 dated 03 July 2020. | This AD supersedes EASA AD 2020-0139R1 dated 03 July 2020 | this AD supersedes EASA AD 2020-0139R1, requires repetitive inspections as specified in the inspection SB, and expands the applicability",False
2025-0074,6fdfe7f81c08a938,2024-0141,2024-0141,supersedes_candidate,"Supersedure: This AD supersedes EASA AD 2024-0141 dated 16 July 2024. | This AD supersedes EASA AD 2024-0141 dated 16 July 2024 | this AD retains the requirements of EASA AD 2024-0141, which is superseded",False
2025-0100,dfb0e53bb396dcec,2022-0040,2022-0040,supersedes_candidate,"Supersedure: This AD supersedes EASA AD 2022-0040 dated 08 March 2022. | This AD supersedes EASA AD 2022-0040 dated 08 March 2022 | this AD retains the requirements of EASA AD 2022-0040, which is superseded",False
2025-0107,5e072469811a708a,2016-0146R2,2016-0146,supersedes_candidate,"Supersedure: This AD supersedes EASA AD 2016-0146R2 dated 14 June 2021. | This AD supersedes EASA AD 2016-0146R2 dated 14 June 2021 | this AD retains the requirements of EASA AD 2016-0146R2, which is superseded",False
2025-0111,4ed47552b2384bda,2018-0289R1,2018-0289,supersedes_candidate,"Supersedure: This AD supersedes EASA AD 2018-0289R1 dated 10 February 2021. | This AD supersedes EASA AD 2018-0289R1 dated 10 February 2021 | this AD retains the requirements of EASA AD 2018-0289R1, which is superseded",False
2025-0115,8b2792a3b8d34a80,2022-0218,2022-0218,supersedes_candidate,"Supersedure: This AD supersedes EASA AD 2022-0218 dated 08 November 2022, and EASA AD 2024-0099 dated 06 May 2024. | This AD supersedes EASA AD 2022-0218 dated 08 November 2022, and EASA AD 2024-0099 dated 06 May 2024",False
2025-0115,8b2792a3b8d34a80,2024-0099,2024-0099,supersedes_candidate,"Supersedure: This AD supersedes EASA AD 2022-0218 dated 08 November 2022, and EASA AD 2024-0099 dated 06 May 2024. | This AD supersedes EASA AD 2022-0218 dated 08 November 2022, and EASA AD 2024-0099 dated 06 May 2024",False
2025-0117,0cbeec359ae9532a,2025-0109,2025-0109,supersedes_candidate,Supersedure: This AD supersedes EASA AD 2025-0109 dated 16 May 2025. | This AD supersedes EASA AD 2025-0109 dated 16 May 2025,False
2025-0120,76568b9b541d5f12,2024-0199,2024-0199,supersedes_candidate,Supersedure: This AD supersedes EASA AD 2024-0199 dated 18 October 2024. | This AD supersedes EASA AD 2024-0199 dated 18 October 2024 | this AD supersedes EASA AD 2024-0199 and extends the Applicability to A321-271NY aeroplanes,False
2025-0121,8ebdf40fbccfab56,2022-0105,2022-0105,supersedes_candidate,"Supersedure: This AD supersedes EASA AD 2022-0105 dated 10 June 2022, and AD 2024-0163 dated 20 August 2024. | This AD supersedes EASA AD 2022-0105 dated 10 June 2022, and AD 2024-0163 dated 20 August 2024 | this AD retains the requirements of EASA AD 2022-0105 and AD 2024-0163, which are superseded",False
2025-0121,8ebdf40fbccfab56,2024-0163,2024-0163,supersedes_candidate,"Supersedure: This AD supersedes EASA AD 2022-0105 dated 10 June 2022, and AD 2024-0163 dated 20 August 2024. | This AD supersedes EASA AD 2022-0105 dated 10 June 2022, and AD 2024-0163 dated 20 August 2024 | this AD retains the requirements of EASA AD 2022-0105 and AD 2024-0163, which are superseded",False
2025-0129,37c7e0abdc3d89cb,2025-0099,2025-0099,supersedes_candidate,"Supersedure: This AD supersedes EASA AD 2025-0099 dated 30 April 2025. | This AD supersedes EASA AD 2025-0099 dated 30 April 2025 | this AD retains the requirements of EASA AD 2025-0099, which is superseded",False
2025-0139,bdcf1376d3cc86f5,2025-0035,2025-0035,supersedes_candidate,"Supersedure: This AD supersedes EASA AD 2025-0035 dated 12 February 2025. | This AD supersedes EASA AD 2025-0035 dated 12 February 2025 | this AD retains the requirements of EASA AD 2025-0035, which is superseded",False
2025-0150,d08c9f0cec607641,2025-0095,2025-0095,supersedes_candidate,Supersedure: This AD supersedes EASA AD 2025-0095 dated 25 April 2025. | This AD supersedes EASA AD 2025-0095 dated 25 April 2025,False
2025-0169,d6fde671a6d39044,2024-0016,2024-0016,supersedes_candidate,"Supersedure: This AD supersedes EASA AD 2024-0016 dated 11 January 2024. | This AD supersedes EASA AD 2024-0016 dated 11 January 2024 | this AD retains the requirements of EASA AD 2024-0016, which is superseded",False
2025-0189,087ae00c8ad8b5f8,2024-0097R2,2024-0097,supersedes_candidate,"Supersedure: This AD supersedes EASA AD 2024-0097R2 dated 12 July 2024. | This AD supersedes EASA AD 2024-0097R2 dated 12 July 2024 | this AD retains the requirements of EASA AD 2024-0097R2, which is superseded",False
2025-0203,f3d5a0ca5888e368,2023-0157,2023-0157,supersedes_candidate,"Supersedure: This AD supersedes EASA AD 2023-0157 dated 31 July 2023. | This AD supersedes EASA AD 2023-0157 dated 31 July 2023 | this AD retains the requirements of EASA AD 2023-0157, which is superseded",False
2025-0204,181fdb0048aa0d9d,2024-0005,2024-0005,supersedes_candidate,Supersedure: This AD supersedes EASA AD 2024-0005 dated 05 January 2024. | This AD supersedes EASA AD 2024-0005 dated 05 January 2024,False
2025-0214,d556dab6084ec386,2024-0009,2024-0009,supersedes_candidate,EASA AD 2024-0009 nor AD 2024-0083 are superseded by this AD,False
2025-0214,d556dab6084ec386,2024-0083,2024-0083,supersedes_candidate,EASA AD 2024-0009 nor AD 2024-0083 are superseded by this AD,False
2025-0216,bd5f8a264948c8dd,2022-0179,2022-0179,supersedes_candidate,"Supersedure: This AD supersedes EASA AD 2022-0179 dated 26 August 2022. | This AD supersedes EASA AD 2022-0179 dated 26 August 2022 | this AD retains the requirements of EASA AD 2022-0179, which is superseded",False
2025-0236,08f43b18005dcdd5,2015-0217,2015-0217,supersedes_candidate,"Supersedure: This AD supersedes EASA AD 2015-0217 dated 30 October 2015. | This AD supersedes EASA AD 2015-0217 dated 30 October 2015 | this AD retains the requirements of EASA AD 2015-0217, which is superseded",False
2025-0237R1,6e28103a96f2ffaa,2022-0120R2,2022-0120,supersedes_candidate,"Supersedure: This AD revises EASA AD 2025-0237 dated 27 October 2025, which superseded EASA AD 2022-0120R2 dated 28 July 2023.",False
2025-0244,926266ea5bc5cf3a,2025-0192,2025-0192,supersedes_candidate,"Supersedure: This AD supersedes EASA AD 2025-0192 dated 08 September 2025. | This AD supersedes EASA AD 2025-0192 dated 08 September 2025 | this AD retains the requirements of EASA AD 2025-0192, which is superseded",False
2025-0253,ee54c271e808c9ca,2025-0234,2025-0234,supersedes_candidate,"Supersedure: This AD supersedes EASA AD 2025-0234 dated 23 October 2025. | This AD supersedes EASA AD 2025-0234 dated 23 October 2025 | this AD retains the requirements of EASA AD 2025-0234, which is superseded",False
2025-0259,60ed09045f1baa83,2023-0189R1,2023-0189,supersedes_candidate,Supersedure: This AD supersedes EASA AD 2023-0189R1 dated 26 November 2024. | This AD supersedes EASA AD 2023-0189R1 dated 26 November 2024,False
2025-0276,4eee2159f602eabb,2025-0074,2025-0074,supersedes_candidate,"Supersedure: This AD supersedes EASA AD 2025-0074 dated 07 April 2025. | This AD supersedes EASA AD 2025-0074 dated 07 April 2025 | this AD retains the requirements of EASA AD 2025-0074, which is superseded",False
2025-0283,69eb27dbfecf2e08,2024-0060R1,2024-0060,supersedes_candidate,"Supersedure: This AD supersedes EASA AD 2024-0060R1 dated 16 April 2024. | This AD supersedes EASA AD 2024-0060R1 dated 16 April 2024 | this AD retains the requirements of EASA AD 2024-0060R1, which is superseded",False
2025-0286,99b2dd45f842e7ce,2025-0043R1,2025-0043,supersedes_candidate,"Supersedure: This AD supersedes EASA AD 2025-0043R1, including its Correction, dated 31 July 2025. | This AD supersedes EASA AD 2025-0043R1, including its Correction, dated 31 July 2025 | this AD retains the requirements of EASA AD 2025-0043R1, which is superseded",False
2026-0007,2bc08bdaff5ec98a,2017-0145,2017-0145,supersedes_candidate,Supersedure: This AD supersedes EASA AD 2017-0145 dated 31 August 2017. | This AD supersedes EASA AD 2017-0145 dated 31 August 2017,False
2026-0017,1f3af1a66dad0ea4,2025-0068,2025-0068,supersedes_candidate,"Supersedure: This AD supersedes EASA AD 2025-0068 dated 28 March 2025. | This AD supersedes EASA AD 2025-0068 dated 28 March 2025 | this AD retains the requirements of EASA AD 2025-0068, which is superseded",False
2026-0025,33e266e554b6b4a4,2025-0015,2025-0015,supersedes_candidate,Supersedure: This AD supersedes EASA AD 2025-0015 dated 13 January 2025. | This AD supersedes EASA AD 2025-0015 dated 13 January 2025,False
2026-0026,4b7ce1602affa155,2025-0016,2025-0016,supersedes_candidate,Supersedure: This AD supersedes EASA AD 2025-0016 dated 13 January 2025. | This AD supersedes EASA AD 2025-0016 dated 13 January 2025,False
2026-0028,633f5029346c44d9,2025-0030,2025-0030,supersedes_candidate,"Supersedure: This AD supersedes EASA AD 2025-0030 dated 10 February 2025. | This AD supersedes EASA AD 2025-0030 dated 10 February 2025 | this AD retains the requirements of EASA AD 2025-0030, which is superseded",False
2026-0035,76bdc6caa0007aa4,2025-0049,2025-0049,supersedes_candidate,"Supersedure: This AD supersedes EASA AD 2025-0049 dated 24 February 2025 and EASA AD 2025-0219 dated 06 October 2025. | This AD supersedes EASA AD 2025-0049 dated 24 February 2025 and EASA AD 2025-0219 dated 06 October 2025 | this AD retains the requirements of EASA AD 2025-0049 and AD 2025-0219, which are superseded",False
2026-0035,76bdc6caa0007aa4,2025-0219,2025-0219,supersedes_candidate,"Supersedure: This AD supersedes EASA AD 2025-0049 dated 24 February 2025 and EASA AD 2025-0219 dated 06 October 2025. | This AD supersedes EASA AD 2025-0049 dated 24 February 2025 and EASA AD 2025-0219 dated 06 October 2025 | this AD retains the requirements of EASA AD 2025-0049 and AD 2025-0219, which are superseded",False
2026-0036,63fb2250f10a313c,2024-0080,2024-0080,supersedes_candidate,"Supersedure: This AD supersedes EASA AD 2024-0080 dated 26 March 2024. | This AD supersedes EASA AD 2024-0080 dated 26 March 2024 | this AD retains the requirements of EASA AD 2024-0080, which is superseded",False
2026-0042,9983feda2593fb68,2024-0213,2024-0213,supersedes_candidate,"Supersedure: This AD supersedes EASA AD 2024-0213 dated 14 November 2024. | This AD supersedes EASA AD 2024-0213 dated 14 November 2024 | this AD retains the requirements of EASA AD 2024-0213, which is superseded",False
2026-0047,535ab2570d0a0ae6,2022-0078,2022-0078,supersedes_candidate,Supersedure: This AD supersedes EASA AD 2022-0078 dated 04 May 2022. | This AD supersedes EASA AD 2022-0078 dated 04 May 2022 | this AD supersedes EASA AD 2022-0078 and requires accomplishment of the repetitive HFEC inspections within reduced initial compliance time,False
2026-0059,550ac6fd47d07ea1,2025-0057,2025-0057,supersedes_candidate,"Supersedure: This AD supersedes EASA AD 2025-0057 dated 17 March 2025. | This AD supersedes EASA AD 2025-0057 dated 17 March 2025 | this AD retains the requirements of EASA AD 2025-0057, which is superseded",False
2026-0061,739501c0984f9451,2025-0031,2025-0031,supersedes_candidate,"Supersedure: This AD supersedes EASA AD 2025-0031 dated 10 February 2025. | This AD supersedes EASA AD 2025-0031 dated 10 February 2025 | this AD retains the requirements of EASA AD 2025-0031, which is superseded",False
2026-0062,177fa79687165100,2025-0033,2025-0033,supersedes_candidate,"Supersedure: This AD supersedes EASA AD 2025-0033 dated 10 February 2025. | This AD supersedes EASA AD 2025-0033 dated 10 February 2025 | this AD retains the requirements of EASA AD 2025-0033, which is superseded",False
2026-0063,b2bf42131b3bc9ab,2024-0066,2024-0066,supersedes_candidate,"Supersedure: This AD supersedes EASA AD 2024-0066 dated 08 March 2024. | This AD supersedes EASA AD 2024-0066 dated 08 March 2024 | this AD retains the requirements of EASA AD 2024-0066, which is superseded",False
2026-0064,fa779a43260460bf,2016-0184,2016-0184,supersedes_candidate,"Supersedure: This AD supersedes EASA AD 2016-0184 dated 13 September 2016 and AD 2025-0032 dated 10 February 2025. | This AD supersedes EASA AD 2016-0184 dated 13 September 2016 and AD 2025-0032 dated 10 February 2025 | this AD retains the requirements of EASA AD 2025-0032 and AD 2016-0184, which are superseded",False
2026-0064,fa779a43260460bf,2025-0032,2025-0032,supersedes_candidate,"Supersedure: This AD supersedes EASA AD 2016-0184 dated 13 September 2016 and AD 2025-0032 dated 10 February 2025. | This AD supersedes EASA AD 2016-0184 dated 13 September 2016 and AD 2025-0032 dated 10 February 2025 | this AD retains the requirements of EASA AD 2025-0032 and AD 2016-0184, which are superseded",False
2026-0074,68fe60ea3d5c2f17,2025-0139,2025-0139,supersedes_candidate,"Supersedure: This AD supersedes EASA AD 2025-0139 dated 16 July 2025. | This AD supersedes EASA AD 2025-0139 dated 16 July 2025 | this AD retains the requirements of EASA AD 2025-0139, which is superseded",False
2026-0084,4aef51837278b16c,2019-0243,2019-0243,supersedes_candidate,"Supersedure: This AD supersedes EASA AD 2019-0243 dated 30 September 2019. | This AD supersedes EASA AD 2019-0243 dated 30 September 2019 | this AD retains the requirements of EASA AD 2019-0243, which is superseded",False
2026-0085,9d740abe49695c55,2018-0147,2018-0147,supersedes_candidate,"Supersedure: This AD supersedes EASA AD 2018-0147 dated 13 July 2018. | This AD supersedes EASA AD 2018-0147 dated 13 July 2018 | this AD retains the requirements of EASA AD 2018-0147, which is superseded",False
2026-0130,6e85777e1582121d,2017-0161R1,2017-0161,supersedes_candidate,"Supersedure: This AD supersedes EASA AD 2017-0161R1 dated 20 September 2017. | This AD supersedes EASA AD 2017-0161R1 dated 20 September 2017 | this AD retains the requirements of EASA AD 2017-0161R1, which is superseded",False
2026-0134,1e7c8fcdf9e9f0c3,2025-0268-E,2025-0268,supersedes_candidate,"Supersedure: This AD supersedes EASA AD 2025-0268-E dated 28 November 2025. | This AD supersedes EASA AD 2025-0268-E dated 28 November 2025 | this AD retains the requirements of EASA AD 2025-0268-E, which is superseded",False
2026-0136,486619c8cfc8dd51,2012-0175R2,2012-0175,supersedes_candidate,"Supersedure: This AD supersedes EASA AD 2012-0175R2 dated 02 February 2016. | This AD supersedes EASA AD 2012-0175R2 dated 02 February 2016 | this AD retains the requirements of EASA AD 2012-0175R2, which is superseded",False
