base_ad_number,version_order,ad_number,version_label,issue_date,is_emergency,is_correction,correction_date,previous_version,next_version,latest_version,is_latest_version,file_instance_id,relative_path
2006-0046,1,2006-0046,2006-0046,2006-02-16,False,False,,,,2006-0046,True,baaca6e62ed95a28,2006-0046__AD_2006-0046_1__easa_ad_2006_0046.pdf
2006-0047,1,2006-0047,2006-0047,2006-02-16,False,False,,,,2006-0047,True,8dd9dd9099deb529,2006-0047__AD_2006-0047_1__easa_ad_2006_0047_superseded.pdf
2006-0048,1,2006-0048,2006-0048,2006-02-16,False,False,,,,2006-0048,True,a4111eba9f62edec,2006-0048__AD_2006-0048_1__easa_ad_2006_0048.pdf
2006-0049,1,2006-0049,2006-0049,2006-02-17,False,False,,,,2006-0049,True,c85701ac7a74770f,2006-0049__AD_2006-0049_1__easa_ad_2006_0049.pdf
2006-0050,1,2006-0050,2006-0050,2006-02-17,False,False,,,,2006-0050,True,f057ce975eeb909b,2006-0050__AD_2006-0050_1__easa_ad_2006_0050.pdf
2006-0066,1,2006-0066,2006-0066,2006-03-24,False,False,,,,2006-0066,True,5d8e9ea1c22002ff,2006-0066__AD_2006-0066_1__easa_ad_2006_0066_superseded.pdf
2006-0069,1,2006-0069R1,2006-0069R1,2006-04-07,False,False,,,,2006-0069R1,True,44fbd7a945080684,2006-0069R1__AD_2006-0069R1_1__easa_ad_2006_0069_R1_superseded.pdf
2006-0071,1,2006-0071,2006-0071,2006-03-30,False,False,,,,2006-0071,True,a8cb316065af8b6d,2006-0071__AD_2006-0071_1__easa_ad_2006_0071_superseded.pdf
2006-0074,1,2006-0074,2006-0074,2006-04-03,False,False,,,,2006-0074,True,2e0014ccea3f3ccc,2006-0074__AD_2006-0074_1__easa_ad_2006_0074.pdf
2006-0075,1,2006-0075R2,2006-0075R2,2007-01-04,False,False,,,,2006-0075R2,True,0252ec253119aff8,2006-0075R2__AD_2006-0075R2_1__easa_ad_2006_0075_R2_superseded.pdf
2006-0076,1,2006-0076,2006-0076,2006-04-03,False,False,,,,2006-0076,True,cc7fbcb2b779ce66,2006-0076__AD_2006-0076_1__easa_ad_2006_0076.pdf
2006-0077,1,2006-0077,2006-0077,2006-04-03,False,False,,,,2006-0077,True,d5877768ebe69914,2006-0077__AD_2006-0077_1__easa_ad_2006_0077.pdf
2006-0107,1,2006-0107,2006-0107,2006-05-12,False,False,,,,2006-0107,True,2865cb9e4c2193b2,2006-0107__AD_2006-0107_1__easa_ad_2006_0107_superseded.pdf
2006-0108,1,2006-0108,2006-0108,2006-05-03,False,False,,,,2006-0108,True,adfd17bbe3639870,2006-0108__AD_2006-0108_1__easa_ad_2006_0108_superseded.pdf
2006-0111,1,2006-0111R1,2006-0111R1,2009-08-26,False,False,,,,2006-0111R1,True,8511c74c1948957b,2006-0111R1__AD_2006-0111R1_1__easa_ad_2006_0111_R1.pdf
2006-0112,1,2006-0112R1,2006-0112R1,2008-10-17,False,False,,,,2006-0112R1,True,e45a96abc76372b9,2006-0112R1__AD_2006-0112R1_1__easa_ad_2006_0112_R1_superseded.pdf
2006-0122,1,2006-0122,2006-0122,2006-05-16,False,False,,,,2006-0122,True,721d376ebedb17bc,2006-0122__AD_2006-0122_1__easa_ad_2006_0122.pdf
2006-0124,1,2006-0124,2006-0124,2006-05-16,False,False,,,,2006-0124,True,f2047a693d1a9da0,2006-0124__AD_2006-0124_1__easa_ad_2006_0124.pdf
2006-0125,1,2006-0125,2006-0125,2006-05-31,False,False,,,,2006-0125,True,915d39565748f8e6,2006-0125__AD_2006-0125_1__easa_ad_2006_0125_Superseded.pdf
2006-0129,1,2006-0129,2006-0129,2006-05-22,False,False,,,,2006-0129,True,38fabef2e536b8ff,2006-0129__AD_2006-0129_1__easa_ad_2006_0129_superseded.pdf
2006-0130,1,2006-0130,2006-0130,2006-05-22,False,False,,,,2006-0130,True,d9c58cedf2f4ee6e,2006-0130__AD_2006-0130_1__easa_ad_2006_0130_superseded.pdf
2006-0135,1,2006-0135,2006-0135,2022-11-23,False,False,,,,2006-0135,True,a64be17329918ae4,2006-0135-CN__AD_2006-0135-CN_1__EASA_AD_2006_0135_CN.pdf
2006-0136,1,2006-0136,2006-0136,2006-05-22,False,False,,,,2006-0136,True,aab80183be75c350,2006-0136__AD_2006-0136_1__easa_ad_2006_0136.pdf
2006-0153,1,2006-0153R2,2006-0153R2,2007-06-12,False,False,,,,2006-0153R2,True,65e9cb77116acfad,2006-0153R2__AD_2006-0153R2_2__easa_ad_2006_0153_R2_superseded.pdf
2006-0155,1,2006-0155,2006-0155,2006-06-01,False,False,,,,2006-0155,True,e30d5cabe97bc280,2006-0155__AD_2006-0155_1__easa_ad_2006_0155_superseded.pdf
2006-0158,1,2006-0158,2006-0158,2006-06-07,False,False,,,,2006-0158,True,a6ee352bafcda01b,2006-0158__AD_2006-0158_1__easa_ad_2006_0158_superseded.pdf
2006-0159,1,2006-0159,2006-0159,2006-06-07,False,False,,,,2006-0159,True,e6ef0c8f06f83f76,2006-0159__AD_2006-0159_1__easa_ad_2006_0159_superseded.pdf
2006-0161,1,2006-0161,2006-0161,2006-06-08,False,False,,,,2006-0161,True,7098c5a2813a2039,2006-0161__AD_2006-0161_1__easa_ad_2006_0161.pdf
2006-0162,1,2006-0162,2006-0162,2006-06-08,False,False,,,,2006-0162,True,78873d96726a867c,2006-0162__AD_2006-0162_1__easa_ad_2006_0162_superseded.pdf
2006-0165,1,2006-0165,2006-0165,2006-06-13,False,False,,,,2006-0165,True,b7c9aecfb155d2e2,2006-0165__AD_2006-0165_1__easa_ad_2006_0165_superseded.pdf
2006-0174,1,2006-0174,2006-0174,2006-06-21,False,False,,,,2006-0174,True,fb4d92821324dce5,2006-0174__AD_2006-0174_2__easa_ad_2006_0174_superseded.pdf
2006-0176,1,2006-0176,2006-0176,2006-06-26,False,False,,,,2006-0176,True,dd3a551bb986c4e8,2006-0176__AD_2006-0176_1__easa_ad_2006_0176.pdf
2006-0177,1,2006-0177,2006-0177,2006-06-26,False,False,,,,2006-0177,True,8f43a952d519222f,2006-0177__AD_2006-0177_1__easa_ad_2006_0177.pdf
2006-0178,1,2006-0178R1,2006-0178R1,2007-01-04,False,False,,,,2006-0178R1,True,129ddf21d99c0b79,2006-0178R1__AD_2006-0178R1_2__easa_ad_2006_0178_R1.pdf
2006-0179,1,2006-0179,2006-0179,2006-06-26,False,False,,,,2006-0179,True,9075defc61c0ac0e,2006-0179__AD_2006-0179_1__easa_ad_2006_0179.pdf
2006-0184,1,2006-0184,2006-0184,2006-07-03,False,False,,,,2006-0184,True,1b5cfa59edd0604f,2006-0184__AD_2006-0184_1__easa_ad_2006_0184_superseded.pdf
2006-0187,1,2006-0187,2006-0187,2006-07-05,False,False,,,,2006-0187,True,ec8c20ed7b63b8da,2006-0187__AD_2006-0187_2__easa_ad_2006_0187_superseded.pdf
2006-0191,1,2006-0191,2006-0191,2006-07-10,False,False,,,,2006-0191,True,7826a2ea7d26148d,2006-0191__AD_2006-0191_2__easa_ad_2006_0191_superseded.pdf
2006-0196,1,2006-0196,2006-0196,2006-07-10,False,False,,,,2006-0196,True,e7b1495904660d83,2006-0196__AD_2006-0196_1__easa_ad_2006_0196.pdf
2006-0200,1,2006-0200,2006-0200,2006-07-11,False,False,,,,2006-0200,True,9caa3e76bef830e4,2006-0200__AD_2006-0200_1__easa_ad_2006_0200_superseded.pdf
2006-0201,1,2006-0201,2006-0201,2006-07-11,False,False,,,,2006-0201,True,f61c1ace40b41c40,2006-0201__AD_2006-0201_1__easa_ad_2006_0201_superseded.pdf
2006-0202,1,2006-0202,2006-0202,2006-07-11,False,False,,,,2006-0202,True,44d6e4ba1e6cb8dd,2006-0202__AD_2006-0202_1__easa_ad_2006_0202_superseded.pdf
2006-0203,1,2006-0203,2006-0203,2006-07-11,False,False,,,,2006-0203,True,3f06142fece93304,2006-0203__AD_2006-0203_1__easa_ad_2006_0203_superseded.pdf
2006-0204,1,2006-0204,2006-0204,2006-07-11,False,False,,,,2006-0204,True,ef74b7370637e852,2006-0204__AD_2006-0204_1__easa_ad_2006_0204_superseded.pdf
2006-0205,1,2006-0205,2006-0205,2006-07-11,False,False,,,,2006-0205,True,3c8b13cbaea4fd87,2006-0205__AD_2006-0205_1__easa_ad_2006_0205_superseded.pdf
2006-0222,1,2006-0222,2006-0222,2006-07-20,False,False,,,,2006-0222,True,f6c92b5628853bb5,2006-0222__AD_2006-0222_1__easa_ad_2006_0222_superseded.pdf
2006-0223,1,2006-0223,2006-0223,2006-07-21,False,False,,,,2006-0223,True,534a498c16524a91,2006-0223__AD_2006-0223_1__easa_ad_2006_0223_superseded.pdf
2006-0224,1,2006-0224,2006-0224,2006-07-27,False,False,,,,2006-0224,True,44523ca582c19a26,2006-0224__AD_2006-0224_1__easa_ad_2006_0224_superseded.pdf
2006-0225,1,2006-0225,2006-0225,2006-07-21,False,False,,,,2006-0225,True,784ed2179a8055d3,2006-0225__AD_2006-0225_2__easa_ad_2006_0225_superseded.pdf
2006-0232,1,2006-0232,2006-0232,2006-08-07,False,False,,,,2006-0232,True,836bf566f4f8b16c,2006-0232__AD_2006-0232_1__easa_ad_2006_0232.pdf
2006-0236,1,2006-0236R1,2006-0236R1,2007-03-09,False,False,,,,2006-0236R1,True,acf50e5fc21e7c6e,2006-0236R1__AD_2006-0236R1_1__easa_ad_2006_0236_R1.pdf
2006-0257,1,2006-0257,2006-0257,2006-08-24,False,False,,,,2006-0257,True,8fccbd12eb0aeace,2006-0257__AD_2006-0257_1__easa_ad_2006_0257_Superseded.pdf
2006-0260,1,2006-0260,2006-0260,2006-08-25,False,False,,,,2006-0260,True,628bdb70fd06eea5,2006-0260__AD_2006-0260_1__easa_ad_2006_0260_superseded.pdf
2006-0262,1,2006-0262,2006-0262,2006-08-25,False,False,,,,2006-0262,True,649a2c1805dc3eb1,2006-0262__AD_2006-0262_1__easa_ad_2006_0262.pdf
2006-0266,1,2006-0266,2006-0266,2006-08-30,False,False,,,,2006-0266,True,9a7578af306139c7,2006-0266__AD_2006-0266_1__easa_ad_2006_0266_Superseded.pdf
2006-0280,1,2006-0280,2006-0280,2006-09-12,False,False,,,,2006-0280,True,70199aef7e99a8d3,2006-0280__AD_2006-0280_1__easa_ad_2006_0280_superseded.pdf
2006-0282,1,2006-0282,2006-0282,2006-09-12,False,False,,,,2006-0282,True,f6947b5d97b6d139,2006-0282__AD_2006-0282_1__easa_ad_2006_0282_superseded.pdf
2006-0284,1,2006-0284R1,2006-0284R1,2007-02-13,False,False,,,,2006-0284R1,True,efce4e90de051966,2006-0284R1__AD_2006-0284R1_2__easa_ad_2006_0284_R1.pdf
2006-0285,1,2006-0285R1,2006-0285R1,2006-11-13,False,False,,,,2006-0285R1,True,8a1fc9c569e6d07b,2006-0285R1__AD_2006-0285R1_1__easa_ad_2006_0285_R1.pdf
2006-0287,1,2006-0287,2006-0287,2006-09-15,False,False,,,,2006-0287,True,778e676be212c6ef,2006-0287__AD_2006-0287_1__easa_ad_2006_0287.pdf
2006-0289,1,2006-0289,2006-0289,2006-11-02,False,False,,,,2006-0289,True,2a33a3926d4766bf,2006-0289__AD_2006-0289_1__easa_ad_2006_0289.pdf
2006-0291,1,2006-0291,2006-0291,2006-09-21,False,False,,,,2006-0291,True,668d1128b684a00e,2006-0291__AD_2006-0291_2__easa_ad_2006_0291.pdf
2006-0297,1,2006-0297,2006-0297,2006-09-29,False,False,,,,2006-0297,True,786f3bcd6b999586,2006-0297__AD_2006-0297_1__easa_ad_2006_0297.pdf
2006-0298,1,2006-0298R1,2006-0298R1,2009-04-27,False,False,,,,2006-0298R1,True,2597c670e4df8327,2006-0298R1__AD_2006-0298R1_2__easa_ad_2006_0298_R1_superseded.pdf
2006-0301,1,2006-0301R2,2006-0301R2,2009-09-10,False,False,,,,2006-0301R2,True,bef6d452e1a7bdd5,2006-0301R2__AD_2006-0301R2_1__easa_ad_2006_0301_R2_superseded.pdf
2006-0302,1,2006-0302R1,2006-0302R1,2009-09-10,False,False,,,,2006-0302R1,True,2c3f7f845a6e949e,2006-0302R1__AD_2006-0302R1_1__easa_ad_2006_0302_R1_superseded.pdf
2006-0307,1,2006-0307,2006-0307,2006-10-10,False,False,,,,2006-0307,True,5b321796d656f4da,2006-0307__AD_2006-0307_1__easa_ad_2006_0307.pdf
2006-0308,1,2006-0308,2006-0308,2006-10-10,False,False,,,,2006-0308,True,0c298b8ba2a12508,2006-0308__AD_2006-0308_1__easa_ad_2006_0308_superseded.pdf
2006-0309,1,2006-0309R1,2006-0309R1,2006-11-21,False,False,,,,2006-0309R1,True,30365f9c93b5d3a6,2006-0309R1__AD_2006-0309R1_1__easa_ad_2006_0309_R1.pdf
2006-0313,1,2006-0313,2006-0313,2006-10-13,False,False,,,,2006-0313,True,0ccdae2414f06077,2006-0313__AD_2006-0313_2__easa_ad_2006_0313.pdf
2006-0314,1,2006-0314,2006-0314,2006-10-13,False,False,,,,2006-0314,True,86161c30a6ca5bee,2006-0314__AD_2006-0314_1__easa_ad_2006_0314_superseded.pdf
2006-0315,1,2006-0315R1,2006-0315R1,2006-10-26,False,False,,,,2006-0315R1,True,598c905989e128c1,2006-0315R1__AD_2006-0315R1_1__easa_ad_2006_0315_R1_Superseded.pdf
2006-0322,1,2006-0322,2006-0322,2006-10-18,False,False,,,,2006-0322,True,cce47745d5f4045c,2006-0322__AD_2006-0322_1__easa_ad_2006_0322.pdf
2006-0325,1,2006-0325R2,2006-0325R2,2010-09-30,False,False,,,,2006-0325R2,True,5af563314d1a395b,2006-0325R2__AD_2006-0325R2_1__easa_ad_2006_0325_R2.pdf
2006-0332,1,2006-0332,2006-0332,2006-10-27,False,False,,,,2006-0332,True,8600d7199fdfdba3,2006-0332__AD_2006-0332_1__easa_ad_2006_0332.pdf
2006-0333,1,2006-0333,2006-0333,2006-10-27,False,False,,,,2006-0333,True,8db8c648697f57be,2006-0333__AD_2006-0333_2__easa_ad_2006_0333.pdf
2006-0354,1,2006-0354,2006-0354,2006-11-28,False,False,,,,2006-0354,True,9f502befb7cac450,2006-0354__AD_2006-0354_2__easa_ad_2006_0354_Corrected.pdf
2006-0367,1,2006-0367,2006-0367,2006-12-05,False,False,,,,2006-0367,True,58c61e40a6c0e576,2006-0367__AD_2006-0367_1__easa_ad_2006_0367.pdf
2006-0369,1,2006-0369,2006-0369,2006-12-12,False,False,,,,2006-0369,True,79abaa96bd88bce1,2006-0369__AD_2006-0369_1__easa_ad_2006_0369.pdf
2006-0370,1,2006-0370,2006-0370,2006-12-12,False,False,,,,2006-0370,True,4dfef36a9847aa52,2006-0370__AD_2006-0370_1__easa_ad_2006_0370.pdf
2006-0374,1,2006-0374,2006-0374,2006-12-15,False,False,,,,2006-0374,True,b85b2e4c55cbcc13,2006-0374__AD_2006-0374_1__easa_ad_2006_0374_superseded.pdf
2007-0005,1,2007-0005,2007-0005,2007-01-08,False,False,,,,2007-0005,True,13b37f2d86cb4b77,2007-0005__AD_2007-0005_1__easa_ad_2007_0005.pdf
2007-0008,1,2007-0008,2007-0008,2007-01-09,False,False,,,,2007-0008,True,1f1461093a763c00,2007-0008__AD_2007-0008_1__easa_ad_2007_0008_superseded.pdf
2007-0009,1,2007-0009,2007-0009,2007-01-09,False,False,,,,2007-0009,True,59f05d3475b82d21,2007-0009__AD_2007-0009_1__easa_ad_2007_0009_superseded.pdf
2007-0011,1,2007-0011,2007-0011,2007-01-09,False,False,,,,2007-0011,True,ff6881fb5f2e526c,2007-0011__AD_2007-0011_1__easa_ad_2007_0011.pdf
2007-0022,1,2007-0022,2007-0022,2007-01-22,False,False,,,,2007-0022,True,cdccd0ff024c4b72,2007-0022__AD_2007-0022_1__easa_ad_2007_0022.pdf
2007-0023,1,2007-0023,2007-0023,2007-01-25,False,False,,,,2007-0023,True,6d1a84db46ccf4e5,2007-0023__AD_2007-0023_2__easa_ad_2007_0023_superseded.pdf
2007-0024,1,2007-0024,2007-0024,2007-01-25,False,False,,,,2007-0024,True,dfe98835dcecc9ef,2007-0024__AD_2007-0024_1__easa_ad_2007_0024.pdf
2007-0029,1,2007-0029,2007-0029,2007-02-05,False,False,,,,2007-0029,True,8e3ee3726d00d380,2007-0029__AD_2007-0029_1__easa_ad_2007_0029.pdf
2007-0036,1,2007-0036R1,2007-0036R1,2007-02-27,False,False,,,,2007-0036R1,True,48be2cef555296bf,2007-0036R1__AD_2007-0036R1_1__easa_ad_2007_0036R1.pdf
2007-0037,1,2007-0037,2007-0037,2007-02-15,False,False,,,,2007-0037,True,0f17264bb46488c1,2007-0037__AD_2007-0037_1__easa_ad_2007_0037.pdf
2007-0053,1,2007-0053R3,2007-0053R3,2009-12-17,False,False,,,,2007-0053R3,True,80a6c21c0b843ccc,2007-0053R3__AD_2007-0053R3_1__easa_ad_2007_0053_R3.pdf
2007-0062,1,2007-0062,2007-0062,2007-03-07,False,False,,,,2007-0062,True,9e8bb1b31825ebe4,2007-0062__AD_2007-0062_1__easa_ad_2007_0062.pdf
2007-0064,1,2007-0064R1,2007-0064R1,2007-09-21,False,False,,,,2007-0064R1,True,bed66a6928bf5b33,2007-0064R1__AD_2007-0064R1_1__easa_ad_2007_0064R1.pdf
2007-0065,1,2007-0065R2,2007-0065R2,2011-02-28,False,False,,,,2007-0065R2,True,6651ee8378341685,2007-0065R2__AD_2007-0065R2_1__easa_ad_2007_0065_R2_Correction.pdf
2007-0066,1,2007-0066,2007-0066,2007-03-13,False,False,,,,2007-0066,True,4d05657fc20b4ee3,2007-0066__AD_2007-0066_1__easa_ad_2007_0066_superseded.pdf
2007-0068,1,2007-0068,2007-0068,2007-03-14,False,False,,,,2007-0068,True,1ecc24d5585ec3a2,2007-0068__AD_2007-0068_2__easa_ad_2007_0068.pdf
2007-0069,1,2007-0069R1,2007-0069R1,2010-11-25,False,False,,,,2007-0069R1,True,d78e18ee02362e19,2007-0069R1__AD_2007-0069R1_2__easa_ad_2007_0069_R1.pdf
2007-0070,1,2007-0070R1,2007-0070R1,2010-11-25,False,False,,,,2007-0070R1,True,38e02ec2cd5da664,2007-0070R1__AD_2007-0070R1_1__easa_ad_2007_0070_R1.pdf
2007-0080,1,2007-0080R1,2007-0080R1,2007-04-13,False,False,,,,2007-0080R1,True,80b3446e8d0c23cb,2007-0080R1__AD_2007-0080R1_1__easa_ad_2007_0080R1.pdf
2007-0081,1,2007-0081,2007-0081,2007-03-26,False,False,,,,2007-0081,True,04238ec59a3eef8a,2007-0081__AD_2007-0081_1__easa_ad_2007_0081.pdf
2007-0091,1,2007-0091,2007-0091 [Corrected: 2008-06-23],2007-04-10,False,True,2008-06-23,,,2007-0091 [Corrected: 2008-06-23],True,aa0a4d7295499ceb,2007-0091__AD_2007-0091_1__easa_ad_2007_0091_Correction_Superseded.pdf
2007-0092,1,2007-0092,2007-0092,2007-04-10,False,False,,,,2007-0092,True,445e9da629add987,2007-0092__AD_2007-0092_1__easa_ad_2007_0092_superseded.pdf
2007-0093,1,2007-0093R1,2007-0093R1,2007-04-17,False,False,,,,2007-0093R1,True,183f938652fa8863,2007-0093R1__AD_2007-0093R1_2__easa_ad_2007_0093_R1.pdf
2007-0094,1,2007-0094R1,2007-0094R1,2007-05-02,False,False,,,,2007-0094R1,True,d2634930615937f3,2007-0094R1__AD_2007-0094R1_1__easa_ad_2007_0094_R1_superseded.pdf
2007-0095,1,2007-0095R1,2007-0095R1,2007-05-02,False,False,,,,2007-0095R1,True,f0bda9003de88c1b,2007-0095R1__AD_2007-0095R1_2__easa_ad_2007_0095_R1_superseded.pdf
2007-0096,1,2007-0096R1,2007-0096R1,2007-05-02,False,False,,,,2007-0096R1,True,ed2fd67f72804773,2007-0096R1__AD_2007-0096R1_2__easa_ad_2007_0096_R1_superseded.pdf
2007-0097,1,2007-0097,2007-0097,2007-04-11,False,False,,,,2007-0097,True,90c0fe7eb934670b,2007-0097__AD_2007-0097_1__easa_ad_2007_0097_superseded.pdf
2007-0102,1,2007-0102,2007-0102,2007-04-18,False,False,,,,2007-0102,True,d7879e6d9eed0df4,2007-0102__AD_2007-0102_1__easa_ad_2007_0102_superseded.pdf
2007-0103,1,2007-0103,2007-0103,2007-04-18,False,False,,,,2007-0103,True,06513cc991e1d7f2,2007-0103__AD_2007-0103_1__easa_ad_2007_0103_superseded.pdf
2007-0111,1,2007-0111,2007-0111,2007-04-25,False,False,,,,2007-0111,True,7623bbd8a50a4fcd,2007-0111__AD_2007-0111_1__easa_ad_2007_0111.pdf
2007-0124,1,2007-0124,2007-0124,2007-05-04,False,False,,,,2007-0124,True,fc8bdeb8367b8e32,2007-0124__AD_2007-0124_1__easa_ad_2007_0124.pdf
2007-0125,1,2007-0125,2007-0125,2007-05-04,False,False,,,,2007-0125,True,f511db8e762462a8,2007-0125__AD_2007-0125_2__easa_ad_2007_0125.pdf
2007-0133,1,2007-0133,2007-0133,2007-05-11,False,False,,,,2007-0133,True,61d5edfb8933c6ed,2007-0133__AD_2007-0133_1__easa_ad_2007_0133_superseded.pdf
2007-0140,1,2007-0140,2007-0140,2007-05-16,False,False,,,,2007-0140,True,de42f29e6a3b92f6,2007-0140__AD_2007-0140_1__easa_ad_2007_0140.pdf
2007-0146,1,2007-0146,2007-0146,2007-05-22,False,False,,,,2007-0146,True,a2fd7bf3428f0584,2007-0146__AD_2007-0146_1__easa_ad_2007_0146.pdf
2007-0148,1,2007-0148,2007-0148,2007-05-22,False,False,,,,2007-0148,True,29489df912441533,2007-0148__AD_2007-0148_1__easa_ad_2007_0148.pdf
2007-0149,1,2007-0149,2007-0149,2007-05-22,False,False,,,,2007-0149,True,42d982e7eccb410c,2007-0149__AD_2007-0149_1__easa_ad_2007_0149_superseded.pdf
2007-0150,1,2007-0150,2007-0150 [Corrected: 2007-05-23],2007-05-22,False,True,2007-05-23,,,2007-0150 [Corrected: 2007-05-23],True,e3ab94b8dd2ab5c3,2007-0150__AD_2007-0150_1__easa_ad_2007_0150_Corrected.pdf
2007-0151,1,2007-0151,2007-0151,2007-05-22,False,False,,,,2007-0151,True,b1b894e9e7e25bcc,2007-0151__AD_2007-0151_2__easa_ad_2007_0151.pdf
2007-0154,1,2007-0154,2007-0154,2007-05-29,False,False,,,,2007-0154,True,62201cc4232d29b6,2007-0154__AD_2007-0154_1__easa_ad_2007_0154.pdf
2007-0157,1,2007-0157,2007-0157,2007-06-04,False,False,,,,2007-0157,True,bdc26752ee6eb51f,2007-0157__AD_2007-0157_1__easa_ad_2007_0157_superseded.pdf
2007-0158,1,2007-0158,2007-0158,2007-06-04,False,False,,,,2007-0158,True,48d63e7ba2d01c5d,2007-0158__AD_2007-0158_1__easa_ad_2007_0158_Superseded.pdf
2007-0161,1,2007-0161,2007-0161,2007-06-11,False,False,,,,2007-0161,True,61f685a01603171d,2007-0161__AD_2007-0161_1__easa_ad_2007_0161_superseded.pdf
2007-0162,1,2007-0162,2007-0162,2007-06-12,False,False,,,,2007-0162,True,2d4725457b85575b,2007-0162__AD_2007-0162_1__EASA_AD_2007_0162_superseded.pdf
2007-0163,1,2007-0163R1,2007-0163R1,2013-12-19,False,False,,,,2007-0163R1,True,325f3ec0848d0046,2007-0163R1__AD_2007-0163R1_1__easa_ad_2007_0163_R1.pdf
2007-0166,1,2007-0166,2007-0166,2007-06-15,False,False,,,,2007-0166,True,ae89749f78a8ff10,2007-0166__AD_2007-0166_1__easa_ad_2007_0166.pdf
2007-0173,1,2007-0173,2007-0173,2007-06-18,False,False,,,,2007-0173,True,3ce5544043070665,2007-0173__AD_2007-0173_2__easa_ad_2007_0173.pdf
2007-0178,1,2007-0178,2007-0178,2007-06-22,False,False,,,,2007-0178,True,1a4036487173c76e,2007-0178__AD_2007-0178_1__easa_ad_2007_0178_superseded.pdf
2007-0184,1,2007-0184,2007-0184,2007-07-03,False,False,,,,2007-0184,True,9ae5cedba94b198c,2007-0184__AD_2007-0184_1__easa_ad_2007_0184.pdf
2007-0187,1,2007-0187,2007-0187,2007-07-11,False,False,,,,2007-0187,True,0d4ca478055a1176,2007-0187__AD_2007-0187_1__easa_ad_2007_0187.pdf
2007-0188,1,2007-0188R1,2007-0188R1,2007-07-24,False,False,,,,2007-0188R1,True,3a91d00e66b151eb,2007-0188R1__AD_2007-0188R1_1__easa_ad_2007_0188_R1.pdf
2007-0195,1,2007-0195,2007-0195,2007-07-19,False,False,,,,2007-0195,True,75ce3c799a081964,2007-0195__AD_2007-0195_1__easa_ad_2007_0195_superseded.pdf
2007-0207,1,2007-0207R1,2007-0207R1,2007-11-07,False,False,,,,2007-0207R1,True,bb1aea0232381d8c,2007-0207R1__AD_2007-0207R1_1__easa_ad_2007_0207_R1.pdf
2007-0213,1,2007-0213,2007-0213,2007-08-07,False,False,,,,2007-0213,True,d78b23728139cabf,2007-0213__AD_2007-0213_1__easa_ad_2007_0213_superseded.pdf
2007-0214,1,2007-0214,2007-0214,2007-08-07,False,False,,,,2007-0214,True,b9d9ad09b3a43d00,2007-0214__AD_2007-0214_1__easa_ad_2007_0214.pdf
2007-0215,1,2007-0215,2007-0215,2007-08-08,False,False,,,,2007-0215,True,c0a798651d6b6765,2007-0215__AD_2007-0215_1__easa_ad_2007_0215.pdf
2007-0217,1,2007-0217,2007-0217,2007-08-09,False,False,,,,2007-0217,True,e25ccf02e5aa05fe,2007-0217__AD_2007-0217_1__easa_ad_2007_0217.pdf
2007-0218,1,2007-0218R2,2007-0218R2,2014-10-10,False,False,,,,2007-0218R2,True,4d519daa711ea219,2007-0218R2__AD_2007-0218R2_1__easa_ad_2007_0218_R2_superseded.pdf
2007-0230,1,2007-0230,2007-0230,2007-08-15,False,False,,,,2007-0230,True,b4bd78caea3c5ee5,2007-0230__AD_2007-0230_1__easa_ad_2007_0230_Superseded.pdf
2007-0233,1,2007-0233,2007-0233,2007-08-27,False,False,,,,2007-0233,True,6709856e6d674df1,2007-0233__AD_2007-0233_1__easa_ad_2007_0233_superseded.pdf
2007-0238,1,2007-0238R1,2007-0238R1,2008-03-26,False,False,,,,2007-0238R1,True,7b2ff9b5cff364c6,2007-0238R1__AD_2007-0238R1_1__easa_ad_2007_0238_R1_superseded.pdf
2007-0239,1,2007-0239,2007-0239,2007-09-03,False,False,,,,2007-0239,True,bbd3b5cb668dc308,2007-0239__AD_2007-0239_1__easa_ad_2007_0239.pdf
2007-0240,1,2007-0240,2007-0240,2007-09-04,False,False,,,,2007-0240,True,fec796b143043157,2007-0240__AD_2007-0240_1__easa_ad_2007_0240_Superseded.pdf
2007-0242,1,2007-0242R1,2007-0242R1,,False,False,,,,2007-0242R1,True,f16fb7ea94024457,2007-0242R1__AD_2007-0242R1_2__EASA_AD_2007_0242_R1.pdf
2007-0243,1,2007-0243R1,2007-0243R1,,False,False,,,,2007-0243R1,True,438d1c8c09a1e739,2007-0243R1__AD_2007-0243R1_1__EASA_AD_2007_0243_R1.pdf
2007-0245,1,2007-0245,2007-0245,2007-09-05,False,False,,,,2007-0245,True,ce1d0a6b0435f8bb,2007-0245__AD_2007-0245_2__easa_ad_2007_0245_superseded.pdf
2007-0246,1,2007-0246,2007-0246,2007-09-05,False,False,,,,2007-0246,True,d2e0416eed91b685,2007-0246__AD_2007-0246_2__easa_ad_2007_0246.pdf
2007-0249,1,2007-0249,2007-0249,2007-09-24,False,False,,,,2007-0249,True,7a239ec5c306fa6d,2007-0249__AD_2007-0249_1__easa_ad_2007_0249.pdf
2007-0266,1,2007-0266,2007-0266,2007-10-08,False,False,,,,2007-0266,True,1c5c1a0172e31787,2007-0266__AD_2007-0266_1__easa_ad_2007_0266.pdf
2007-0269,1,2007-0269R1,2007-0269R1,2007-10-15,False,False,,,,2007-0269R1,True,93fbf4df0a89dee5,2007-0269R1__AD_2007-0269R1_2__easa_ad_2007_0269R1_superseded.pdf
2007-0273,1,2007-0273,2007-0273,2007-10-23,False,False,,,,2007-0273,True,1e1daa955af58131,2007-0273__AD_2007-0273_1__easa_ad_2007_0273.pdf
2007-0276,1,2007-0276R1,2007-0276R1,2010-03-18,False,False,,,,2007-0276R1,True,5b9cdf86316600ff,2007-0276R1__AD_2007-0276R1_1__easa_ad_2007_0276_R1_superseded.pdf
2007-0278,1,2007-0278,2007-0278 [Corrected: 2007-11-08],2007-11-05,False,True,2007-11-08,,,2007-0278 [Corrected: 2007-11-08],True,0b6a17dbe6f95907,2007-0278__AD_2007-0278_1__easa_ad_2007_0278_Corrected_Superseded.pdf
2007-0279,1,2007-0279,2007-0279,2007-11-05,False,False,,,,2007-0279,True,32b8286164b15973,2007-0279__AD_2007-0279_1__easa_ad_2007_0279.pdf
2007-0280,1,2007-0280,2007-0280,2007-11-06,False,False,,,,2007-0280,True,cfaa6ebe6b9421cd,2007-0280__AD_2007-0280_1__easa_ad_2007_0280.pdf
2007-0281,1,2007-0281,2007-0281,2007-11-06,False,False,,,,2007-0281,True,463f0c6c76caa662,2007-0281__AD_2007-0281_1__easa_ad_2007_0281.pdf
2007-0282,1,2007-0282,2007-0282,2007-11-06,False,False,,,,2007-0282,True,e684863e2b99bfc0,2007-0282__AD_2007-0282_1__easa_ad_2007_0282.pdf
2007-0283,1,2007-0283,2007-0283,2007-11-08,False,False,,,,2007-0283,True,a65eb8de30c55000,2007-0283__AD_2007-0283_1__easa_ad_2007_0283_superseded.pdf
2007-0284,1,2007-0284,2007-0284,2007-11-12,False,False,,,,2007-0284,True,496fc740a56d6496,2007-0284__AD_2007-0284_1__easa_ad_2007_0284_superseded.pdf
2007-0286,1,2007-0286,2007-0286,2007-11-14,False,False,,,,2007-0286,True,dfe3cff9f49deed2,2007-0286__AD_2007-0286_1__easa_ad_2007_0286.pdf
2007-0291,1,2007-0291,2007-0291,2007-11-27,False,False,,,,2007-0291,True,1f3c185878f33564,2007-0291__AD_2007-0291_1__easa_ad_2007_0291.pdf
2007-0292,1,2007-0292,2007-0292,2007-11-27,False,False,,,,2007-0292,True,4f25a3b94bef9ddf,2007-0292__AD_2007-0292_2__easa_ad_2007_0292.pdf
2007-0293,1,2007-0293,2007-0293,2007-11-29,False,False,,,,2007-0293,True,3650f968ae3d331a,2007-0293__AD_2007-0293_1__easa_ad_2007_0293_superseded.pdf
2007-0297,1,2007-0297R1,2007-0297R1,2008-09-17,False,False,,,,2007-0297R1,True,a1a7d53204a19892,2007-0297R1__AD_2007-0297R1_1__easa_ad_2007_0297_R1.pdf
2007-0299,1,2007-0299R2,2007-0299R2,2008-10-28,False,False,,,,2007-0299R2,True,0678f05a78df79b2,2007-0299R2__AD_2007-0299R2_1__easa_ad_2007_0299_R2.pdf
2007-0300,1,2007-0300,2007-0300,2007-12-13,False,False,,,,2007-0300,True,db7ad94e15306b67,2007-0300__AD_2007-0300_1__easa_ad_2007_0300_Superseded.pdf
2007-0302,1,2007-0302,2007-0302,2007-12-14,False,False,,,,2007-0302,True,20ed7791c087599d,2007-0302__AD_2007-0302_1__easa_ad_2007_0302.pdf
2007-0308,1,2007-0308,2007-0308,2007-12-18,False,False,,,,2007-0308,True,5236a78197742392,2007-0308__AD_2007-0308_1__easa_ad_2007_0308_superseded.pdf
2007-0309,1,2007-0309,2007-0309,2007-12-18,False,False,,,,2007-0309,True,09c061be90c296b3,2007-0309__AD_2007-0309_1__easa_ad_2007_0309_superseded.pdf
2007-0314,1,2007-0314R1,2007-0314R1,2008-01-31,False,False,,,,2007-0314R1,True,84b37bc3e16371fe,2007-0314R1__AD_2007-0314R1_1__easa_ad_2007_0314_R1_superseded.pdf
2008-0001,1,2008-0001,2008-0001,2008-01-03,False,False,,,,2008-0001,True,9cd0df20494b95d4,2008-0001__AD_2008-0001_1__easa_ad_2008_0001_Superseded.pdf
2008-0002,1,2008-0002,2008-0002,2008-01-07,False,False,,,,2008-0002,True,1feafeb85a05b09a,2008-0002__AD_2008-0002_1__easa_ad_2008_0002.pdf
2008-0008,1,2008-0008,2008-0008 [Corrected: 2009-09-10],2008-01-11,False,True,2009-09-10,,,2008-0008 [Corrected: 2009-09-10],True,ddc6ce36fb4396b1,2008-0008__AD_2008-0008_1__easa_ad_2008_0008_superseded.pdf
2008-0010,1,2008-0010R1,2008-0010R1,2008-10-07,False,False,,,,2008-0010R1,True,bf89458c9a013cee,2008-0010R1__AD_2008-0010R1_1__easa_ad_2008_0010_R1_Superseded.pdf
2008-0012,1,2008-0012,2008-0012,2008-01-14,False,False,,,,2008-0012,True,f2112ddc18baa008,2008-0012__AD_2008-0012_1__easa_ad_2008_0012.pdf
2008-0017,1,2008-0017R1,2008-0017R1,2008-06-17,False,False,,,,2008-0017R1,True,3c5d39bc7ec79a90,2008-0017R1__AD_2008-0017R1_1__easa_ad_2008_0017_R1_Superseded.pdf
2008-0019,1,2008-0019,2008-0019,2008-01-28,False,False,,,,2008-0019,True,7406f956e50a5ef3,2008-0019__AD_2008-0019_1__easa_ad_2008_0019_superseded.pdf
2008-0023,1,2008-0023,2008-0023,2008-02-06,False,False,,,,2008-0023,True,ae9d47a3330c62cd,2008-0023__AD_2008-0023_1__easa_ad_2008_0023_Superseded.pdf
2008-0026,1,2008-0026,2008-0026,2008-02-12,False,False,,,,2008-0026,True,52417979974c4833,2008-0026__AD_2008-0026_2__easa_ad_2008_0026_superseded.pdf
2008-0032,1,2008-0032,2008-0032,2008-02-21,False,False,,,,2008-0032,True,df82056763d4556f,2008-0032__AD_2008-0032_1__easa_ad_2008_0032.pdf
2008-0034,1,2008-0034R1,2008-0034R1,2010-05-18,False,False,,,,2008-0034R1,True,64dec44f4b562677,2008-0034R1__AD_2008-0034R1_1__easa_ad_2008_0034_R1.pdf
2008-0048,1,2008-0048,2008-0048,2008-02-28,False,False,,,,2008-0048,True,25fe05f681d7ccb5,2008-0048__AD_2008-0048_1__easa_ad_2008_0048.pdf
2008-0050,1,2008-0050,2008-0050,2008-03-04,False,False,,,,2008-0050,True,fad8f06d4541710a,2008-0050__AD_2008-0050_1__easa_ad_2008_0050_superseded.pdf
2008-0051,1,2008-0051R1,2008-0051R1,2010-04-14,False,False,,,,2008-0051R1,True,4e73a98b736f50ac,2008-0051R1__AD_2008-0051R1_1__easa_ad_2008_0051_R1_superseded.pdf
2008-0052,1,2008-0052R1,2008-0052R1,2008-06-30,False,False,,,,2008-0052R1,True,aa7aa83c9bbf4d97,2008-0052R1__AD_2008-0052R1_1__easa_ad_2008_0052_R1.pdf
2008-0055,1,2008-0055,2008-0055,2008-03-05,False,False,,,,2008-0055,True,2185cce7ef6c13b8,2008-0055__AD_2008-0055_2__easa_ad_2008_0055_superseded.pdf
2008-0058,1,2008-0058,2008-0058,2015-10-13,False,False,,,,2008-0058,True,4df1c3531c674c38,2008-0058-CN__AD_2008-0058-CN_1__AD_2008_0058_CN1_.pdf
2008-0066,1,2008-0066,2008-0066,2008-03-31,False,False,,,,2008-0066,True,843fc74e8a4f44c0,2008-0066__AD_2008-0066_1__easa_ad_2008_0066.pdf
2008-0073,1,2008-0073,2008-0073,2008-04-22,False,False,,,,2008-0073,True,908be83aaa40ed5f,2008-0073__AD_2008-0073_1__easa_ad_2008_0073.pdf
2008-0074,1,2008-0074,2008-0074,2008-04-22,False,False,,,,2008-0074,True,9552102f205ad4fe,2008-0074__AD_2008-0074_1__easa_ad_2008_0074_superseded.pdf
2008-0093,1,2008-0093,2008-0093,2008-05-20,False,False,,,,2008-0093,True,63c205608463b7e9,2008-0093__AD_2008-0093_1__easa_ad_2008_0093_superseded.pdf
2008-0101,1,2008-0101,2008-0101,2008-05-26,False,False,,,,2008-0101,True,e90f8015b019a572,2008-0101__AD_2008-0101_1__easa_ad_2008_0101_superseded.pdf
2008-0111,1,2008-0111,2008-0111 [Corrected: 2008-06-16],2008-06-10,False,True,2008-06-16,,,2008-0111 [Corrected: 2008-06-16],True,87b3854fdf5a6d1b,2008-0111__AD_2008-0111_2__easa_ad_2008_0111_superseded.pdf
2008-0112,1,2008-0112,2008-0112,2008-06-10,False,False,,,,2008-0112,True,972df169e3058679,2008-0112__AD_2008-0112_1__easa_ad_2008_0112.pdf
2008-0117,1,2008-0117,2008-0117,2008-06-23,False,False,,,,2008-0117,True,b82c903e675a218a,2008-0117__AD_2008-0117_1__easa_ad_2008_0117_superseded.pdf
2008-0131,1,2008-0131,2008-0131,2008-07-16,False,False,,,,2008-0131,True,5fc4bc2a48698d1e,2008-0131__AD_2008-0131_1__easa_ad_2008_0131_Superseded.pdf
2008-0138,1,2008-0138,2008-0138,2008-07-23,False,False,,,,2008-0138,True,8d998bd85a76d99d,2008-0138__AD_2008-0138_1__easa_ad_2008_0138_Superseded.pdf
2008-0140,1,2008-0140,2008-0140,2008-07-28,False,False,,,,2008-0140,True,c12c3a8931c9684a,2008-0140__AD_2008-0140_1__easa_ad_2008_0140_superseded.pdf
2008-0149,1,2008-0149,2008-0149,2008-08-05,False,False,,,,2008-0149,True,8bedfbd3d4e3550b,2008-0149__AD_2008-0149_1__easa_ad_2008_0149_superseded.pdf
2008-0150,1,2008-0150,2008-0150,2008-08-05,False,False,,,,2008-0150,True,5037779904395fb4,2008-0150__AD_2008-0150_1__easa_ad_2008_0150_superseded.pdf
2008-0151,1,2008-0151,2008-0151,2008-08-05,False,False,,,,2008-0151,True,5b3576fbfaf06bf5,2008-0151__AD_2008-0151_1__easa_ad_2008_0151.pdf
2008-0152,1,2008-0152,2008-0152,2008-08-08,False,False,,,,2008-0152,True,1dd9e3081a68133f,2008-0152__AD_2008-0152_1__easa_ad_2008_0152_Superseded.pdf
2008-0153,1,2008-0153,2008-0153,2008-08-08,False,False,,,,2008-0153,True,69074a4679bd3b9c,2008-0153__AD_2008-0153_1__easa_ad_2008_0153.pdf
2008-0154,1,2008-0154,2008-0154,2008-08-08,False,False,,,,2008-0154,True,29b45f0f6976c2bc,2008-0154__AD_2008-0154_1__easa_ad_2008_0154_Superseded.pdf
2008-0160,1,2008-0160,2008-0160,2008-08-22,False,False,,,,2008-0160,True,4f4842112d162017,2008-0160__AD_2008-0160_1__easa_ad_2008_0160_superseded.pdf
2008-0161,1,2008-0161R1,2008-0161R1,2009-03-23,False,False,,,,2008-0161R1,True,ebd9403bb1351bd5,2008-0161R1__AD_2008-0161R1_1__easa_ad_2008_0161_R1.pdf
2008-0166,1,2008-0166,2008-0166 [Corrected: 2008-10-30],2008-10-29,False,True,2008-10-30,,,2008-0166 [Corrected: 2008-10-30],True,99127f868c7500ea,2008-0166-CN__AD_2008-0166-CN_1__easa_ad_2008_0166_CN_Corrected.pdf
2008-0173,1,2008-0173R1,2008-0173R1,2010-10-22,False,False,,,,2008-0173R1,True,2cbbe51832b8072d,2008-0173R1__AD_2008-0173R1_1__easa_ad_2008_0173_R1.pdf
2008-0181,1,2008-0181,2008-0181,2008-10-01,False,False,,,,2008-0181,True,e8a1a1f6b65a8066,2008-0181__AD_2008-0181_2__easa_ad_2008_0181_superseded.pdf
2008-0187,1,2008-0187,2008-0187,2008-10-10,False,False,,,,2008-0187,True,91043705c4394d55,2008-0187__AD_2008-0187_1__easa_ad_2008_0187.pdf
2008-0188,1,2008-0188,2008-0188,2008-10-10,False,False,,,,2008-0188,True,3d90bcaccd3a63c6,2008-0188__AD_2008-0188_2__easa_ad_2008_0188_superseded.pdf
2008-0196,1,2008-0196,2008-0196,2008-10-27,False,False,,,,2008-0196,True,8658a9a6fb1dd7fa,2008-0196__AD_2008-0196_1__easa_ad_2008_0196.pdf
2008-0198,1,2008-0198,2008-0198,2008-11-04,False,False,,,,2008-0198,True,15bd7707d512ad9e,2008-0198__AD_2008-0198_1__easa_ad_2008_0198.pdf
2008-0199,1,2008-0199R1,2008-0199R1,2010-06-21,False,False,,,,2008-0199R1,True,3165ba1d57de5913,2008-0199R1__AD_2008-0199R1_1__easa_ad_2008_0199_R1.pdf
2008-0201,1,2008-0201R1,2008-0201R1,2012-03-09,False,False,,,,2008-0201R1,True,0fdf734c272d8ad9,2008-0201R1__AD_2008-0201R1_1__easa_ad_2008_0201_R1.pdf
2008-0207,1,2008-0207,2008-0207,2008-11-25,False,False,,,,2008-0207,True,39d1b4586f82a48f,2008-0207__AD_2008-0207_1__easa_ad_2008_0207.pdf
2008-0208,1,2008-0208R2,2008-0208R2,2013-09-24,False,False,,,,2008-0208R2,True,5993ce1ecd06e8b0,2008-0208R2__AD_2008-0208R2_1__easa_ad_2008_0208_R2.pdf
2008-0209,1,2008-0209,2008-0209,2008-11-27,False,False,,,,2008-0209,True,982cc8222a7ee5ab,2008-0209__AD_2008-0209_1__easa_ad_2008_0209_superseded.pdf
2008-0210,1,2008-0210,2008-0210,2008-12-03,False,False,,,,2008-0210,True,7c87d6813a39efd4,2008-0210__AD_2008-0210_1__easa_ad_2008_0210.pdf
2008-0211,1,2008-0211,2008-0211,2008-12-04,False,False,,,,2008-0211,True,f7f0a74db18ddd02,2008-0211__AD_2008-0211_1__easa_ad_2008_0211_superseded.pdf
2008-0212,1,2008-0212,2008-0212,2008-12-04,False,False,,,,2008-0212,True,88d33a9f5ac181ab,2008-0212__AD_2008-0212_1__easa_ad_2008_0212_superseded.pdf
2008-0213,1,2008-0213,2008-0213,2008-12-08,False,False,,,,2008-0213,True,a8357bf138c28436,2008-0213__AD_2008-0213_1__easa_ad_2008_0213_superseded.pdf
2008-0216,1,2008-0216,2008-0216,2008-12-09,False,False,,,,2008-0216,True,df820918d82ee7bc,2008-0216__AD_2008-0216_1__easa_ad_2008_0216_Superseded.pdf
2008-0223,1,2008-0223,2008-0223,2008-12-15,False,False,,,,2008-0223,True,6e87484174c0bac4,2008-0223__AD_2008-0223_1__easa_ad_2008_0223_superseded.pdf
2008-0226,1,2008-0226R1,2008-0226R1,2012-11-16,False,False,,,,2008-0226R1,True,70c6efee6ba65be8,2008-0226R1__AD_2008-0226R1_2__easa_ad_2008_0226_R1.pdf
2009-0001,1,2009-0001,2009-0001,2009-01-08,False,False,,,,2009-0001,True,6708973fceeb652c,2009-0001__AD_2009-0001_1__easa_ad_2009_0001.pdf
2009-0025,1,2009-0025,2009-0025 [Corrected: 2009-02-11],2009-02-10,False,True,2009-02-11,,,2009-0025 [Corrected: 2009-02-11],True,46511578be7115fd,2009-0025__AD_2009-0025_1__easa_ad_2009_0025_Corrected.pdf
2009-0045,1,2009-0045,2009-0045,2009-02-27,False,False,,,,2009-0045,True,4492d540fdd79907,2009-0045__AD_2009-0045_2__easa_ad_2009_0045.pdf
2009-0055,1,2009-0055R1,2009-0055R1,2009-04-28,False,False,,,,2009-0055R1,True,2638d55d371d670b,2009-0055R1__AD_2009-0055R1_2__easa_ad_2009_0055_R1.pdf
2009-0056,1,2009-0056,2009-0056,2009-03-11,False,False,,,,2009-0056,True,e088f4de60797d80,2009-0056__AD_2009-0056_2__easa_ad_2009_0056_superseded.pdf
2009-0057,1,2009-0057,2009-0057,2009-03-13,False,False,,,,2009-0057,True,3498d6f3c9e9e972,2009-0057__AD_2009-0057_2__easa_ad_2009_0057_superseded.pdf
2009-0058,1,2009-0058,2009-0058,2009-03-13,False,False,,,,2009-0058,True,c51d1e253e9e7621,2009-0058__AD_2009-0058_1__easa_ad_2009_0058.pdf
2009-0061,1,2009-0061R1,2009-0061R1,2009-03-26,False,False,,,,2009-0061R1,True,c0c297f36d9c3103,2009-0061R1__AD_2009-0061R1_1__easa_ad_2009_0061_R1.pdf
2009-0063,1,2009-0063,2009-0063 [Corrected: 2009-03-20],2009-03-11,False,True,2009-03-20,,,2009-0063 [Corrected: 2009-03-20],True,f2180c4f1865d4bb,2009-0063__AD_2009-0063_1__easa_ad_2009_0063_Corrected.pdf
2009-0064,1,2009-0064,2009-0064,2009-03-12,False,False,,,,2009-0064,True,8ceef3a1f3a89dae,2009-0064__AD_2009-0064_1__easa_ad_2009_0064.pdf
2009-0066,1,2009-0066,2009-0066,2009-03-19,False,False,,,,2009-0066,True,51d6b6427856df5c,2009-0066__AD_2009-0066_1__easa_ad_2009_0066_superseded.pdf
2009-0075,1,2009-0075,2009-0075,2009-04-06,False,False,,,,2009-0075,True,2ec366d4a688964f,2009-0075__AD_2009-0075_1__easa_ad_2009_0075.pdf
2009-0076,1,2009-0076,2009-0076,2009-04-06,False,False,,,,2009-0076,True,70468ef30b51a399,2009-0076__AD_2009-0076_2__easa_ad_2009_0076.pdf
2009-0077,1,2009-0077,2009-0077,2009-04-06,False,False,,,,2009-0077,True,7021ea349e7136db,2009-0077__AD_2009-0077_1__easa_ad_2009_0077.pdf
2009-0081,1,2009-0081R1,2009-0081R1,2010-07-30,False,False,,,,2009-0081R1,True,0688789ef25f757f,2009-0081R1__AD_2009-0081R1_1__easa_ad_2009_0081_R1_superseded.pdf
2009-0084,1,2009-0084,2009-0084,2009-04-09,False,False,,,,2009-0084,True,0ed83af91b451cf6,2009-0084__AD_2009-0084_1__easa_ad_2009_0084_superseded.pdf
2009-0094,1,2009-0094,2009-0094,2009-04-21,False,False,,,,2009-0094,True,d1d61da65998cb06,2009-0094__AD_2009-0094_1__easa_ad_2009_0094_superseded.pdf
2009-0098,1,2009-0098,2009-0098,2009-04-22,False,False,,,,2009-0098,True,9e38ec9774967b3e,2009-0098__AD_2009-0098_1__easa_ad_2009_0098_Superseded.pdf
2009-0102,1,2009-0102,2009-0102,2009-04-30,False,False,,,,2009-0102,True,f6e5ad373023b5ff,2009-0102__AD_2009-0102_1__easa_ad_2009_0102_superseded.pdf
2009-0108,1,2009-0108,2009-0108,2009-05-05,False,False,,,,2009-0108,True,b7930f075ed9b9db,2009-0108__AD_2009-0108_1__easa_ad_2009_0108.pdf
2009-0111,1,2009-0111,2009-0111,2009-05-13,False,False,,,,2009-0111,True,106103556a3311ec,2009-0111__AD_2009-0111_1__easa_ad_2009_0111.pdf
2009-0113,1,2009-0113,2009-0113,2009-05-27,False,False,,,2009-0113R1,2009-0113R1,False,2e3f0b408c8ee85d,2009-0113R1__AD_2009-0113R1_2__easa_ad_2009_0113_revised.pdf
2009-0113,2,2009-0113R1,2009-0113R1,2010-03-04,False,False,,2009-0113,,2009-0113R1,True,f21c8b15735a9c7a,2009-0113R1__AD_2009-0113R1_1__easa_ad_2009_0113R1.pdf
2009-0115,1,2009-0115,2009-0115,2009-05-29,False,False,,,,2009-0115,True,1550bf0cd8772a3b,2009-0115__AD_2009-0115_1__easa_ad_2009_0115.pdf
2009-0130,1,2009-0130R1,2009-0130R1,2011-02-14,False,False,,,,2009-0130R1,True,1b4cda66019d1826,2009-0130R1__AD_2009-0130R1_1__easa_ad_2009_0130_R1.pdf
2009-0133,1,2009-0133,2009-0133,2009-06-23,False,False,,,,2009-0133,True,fef6c3bb3d97c243,2009-0133__AD_2009-0133_1__easa_ad_2009_0133.pdf
2009-0138,1,2009-0138,2009-0138,2009-06-24,False,False,,,,2009-0138,True,8ddd06323bb47a80,2009-0138__AD_2009-0138_1__easa_ad_2009_0138_superseded.pdf
2009-0139,1,2009-0139,2009-0139,2009-06-25,False,False,,,,2009-0139,True,227a1ddfc7746318,2009-0139__AD_2009-0139_1__easa_ad_2009_0139.pdf
2009-0141,1,2009-0141,2009-0141,2009-07-02,False,False,,,,2009-0141,True,cb57166de0385f86,2009-0141__AD_2009-0141_1__easa_ad_2009_0141_superseded.pdf
2009-0143,1,2009-0143,2009-0143,2009-07-28,False,False,,,,2009-0143,True,f7c3090503be7cf0,2009-0143__AD_2009-0143_1__easa_ad_2009_0143_superseded.pdf
2009-0144,1,2009-0144,2009-0144,2009-07-15,False,False,,,,2009-0144,True,ac5b2e92061fb083,2009-0144-CN__AD_2009-0144-CN_1__easa_ad_2009_0144_CN.pdf
2009-0150,1,2009-0150,2009-0150,2009-07-09,False,False,,,,2009-0150,True,73699e659d53094b,2009-0150__AD_2009-0150_2__easa_ad_2009_0150_superseded.pdf
2009-0152,1,2009-0152,2009-0152,2009-07-14,False,False,,,,2009-0152,True,2988eb9bbd4c6abe,2009-0152__AD_2009-0152_1__easa_ad_2009_0152.pdf
2009-0153,1,2009-0153,2009-0153,2009-07-14,False,False,,,,2009-0153,True,cd3190de2eb3fb39,2009-0153__AD_2009-0153_1__easa_ad_2009_0153_superseded.pdf
2009-0155,1,2009-0155,2009-0155,2009-07-17,False,False,,,,2009-0155,True,2fce48b6620f7575,2009-0155__AD_2009-0155_1__easa_ad_2009_0155_superseded.pdf
2009-0156,1,2009-0156,2009-0156,2009-07-17,False,False,,,,2009-0156,True,de3c66962b52ce60,2009-0156__AD_2009-0156_1__easa_ad_2009_0156_superseded.pdf
2009-0157,1,2009-0157,2009-0157,2009-07-17,False,False,,,,2009-0157,True,1215ea407abe4ceb,2009-0157__AD_2009-0157_1__easa_ad_2009_0157.pdf
2009-0165,1,2009-0165,2009-0165,2009-07-31,False,False,,,,2009-0165,True,0a962f67b6f55213,2009-0165__AD_2009-0165_1__easa_ad_2009_0165.pdf
2009-0166,1,2009-0166,2009-0166,2009-07-31,False,False,,,,2009-0166,True,fc71e7cb8debc19f,2009-0166__AD_2009-0166_1__easa_ad_2009_0166_superseded.pdf
2009-0171,1,2009-0171,2009-0171,2009-08-05,False,False,,,,2009-0171,True,6edf8772870b3a19,2009-0171__AD_2009-0171_1__easa_ad_2009_0171.pdf
2009-0186,1,2009-0186,2009-0186,2009-08-24,False,False,,,,2009-0186,True,d2b4546a6718644f,2009-0186__AD_2009-0186_1__easa_ad_2009_0186.pdf
2009-0188,1,2009-0188,2009-0188,2009-08-26,False,False,,,,2009-0188,True,ad73337484ccfef2,2009-0188__AD_2009-0188_1__easa_ad_2009_0188.pdf
2009-0189,1,2009-0189,2009-0189,2009-08-26,False,False,,,,2009-0189,True,121e2dfa72e81a50,2009-0189__AD_2009-0189_1__easa_ad_2009_0189.pdf
2009-0191,1,2009-0191,2009-0191,2009-08-28,False,False,,,,2009-0191,True,ed40c64081807076,2009-0191__AD_2009-0191_1__easa_ad_2009_0191_Superseded.pdf
2009-0192,1,2009-0192,2009-0192,2009-08-28,False,False,,,,2009-0192,True,6e7ba6f2259ca9ba,2009-0192__AD_2009-0192_1__easa_ad_2009_0192_Superseded.pdf
2009-0195,1,2009-0195,2009-0195,2009-08-31,False,False,,,,2009-0195,True,455abd09bfbbbfee,2009-0195__AD_2009-0195_1__easa_ad_2009_0195.pdf
2009-0201,1,2009-0201,2009-0201,2009-09-10,False,False,,,,2009-0201,True,ee999e458f308c3d,2009-0201__AD_2009-0201_1__easa_ad_2009_0201.pdf
2009-0202,1,2009-0202R1,2009-0202R1,2010-04-15,False,False,,,,2009-0202R1,True,8b5e02971c5e59c9,2009-0202R1__AD_2009-0202R1_1__easa_ad_2009_0202R1_superseded.pdf
2009-0203,1,2009-0203R1,2009-0203R1,2011-02-22,False,False,,,,2009-0203R1,True,639f0f058d656bb7,2009-0203R1__AD_2009-0203R1_1__easa_ad_20090203R1.pdf
2009-0204,1,2009-0204,2009-0204,2009-09-30,False,False,,,,2009-0204,True,7816e79313162c25,2009-0204__AD_2009-0204_1__easa_ad_2009_0204.pdf
2009-0213,1,2009-0213,2009-0213,2009-10-08,False,False,,,,2009-0213,True,7cc102294fbebe76,2009-0213__AD_2009-0213_1__easa_ad_2009_0213_Superseded.pdf
2009-0235,1,2009-0235,2009-0235,2009-10-29,False,False,,,,2009-0235,True,233034025459422d,2009-0235__AD_2009-0235_1__easa_ad_2009_0235.pdf
2009-0240,1,2009-0240,2009-0240,2009-11-05,False,False,,,,2009-0240,True,a67120237d45e098,2009-0240__AD_2009-0240_2__easa_ad_2009_0240.pdf
2009-0255,1,2009-0255,2009-0255,2009-12-01,False,False,,,,2009-0255,True,c8ffcdb7055d5299,2009-0255__AD_2009-0255_1__easa_ad_2009_0255_superseded.pdf
2009-0258,1,2009-0258,2009-0258,2009-12-10,False,False,,,,2009-0258,True,7d6c803198bcd977,2009-0258__AD_2009-0258_1__easa_ad_2009_0258.pdf
2009-0259,1,2009-0259,2009-0259,2009-12-10,False,False,,,,2009-0259,True,9f0a5257c8d3414e,2009-0259__AD_2009-0259_1__easa_ad_2009_0259_superseded.pdf
2009-0260,1,2009-0260,2009-0260,2009-12-10,False,False,,,,2009-0260,True,57a82676a40b85fa,2009-0260__AD_2009-0260_1__easa_ad_2009_0260_Correction.pdf
2009-0265,1,2009-0265,2009-0265,2009-12-16,False,False,,,,2009-0265,True,784b07e0aad788c3,2009-0265__AD_2009-0265_1__easa_ad_2009_0265.pdf
2010-0002,1,2010-0002,2010-0002,2010-01-05,False,False,,,,2010-0002,True,950d5384fb42c8b7,2010-0002__AD_2010-0002_1__easa_ad_2010_0002.pdf
2010-0007,1,2010-0007,2010-0007,2010-01-07,False,False,,,,2010-0007,True,6f117602960fde49,2010-0007__AD_2010-0007_1__easa_ad_2010_0007.pdf
2010-0010,1,2010-0010,2010-0010,2010-01-21,False,False,,,,2010-0010,True,4716a85b0f7ad1ca,2010-0010__AD_2010-0010_1__easa_ad_2010_0010_superseded.pdf
2010-0013,1,2010-0013,2010-0013,2010-01-26,False,False,,,,2010-0013,True,78b14741aeddac87,2010-0013__AD_2010-0013_2__easa_ad_2010_0013.pdf
2010-0016,1,2010-0016R1,2010-0016R1,2010-02-09,False,False,,,,2010-0016R1,True,4e749f6d20daeede,2010-0016R1__AD_2010-0016R1_1__easa_ad_2010_0016_R1_superseded.pdf
2010-0018,1,2010-0018,2010-0018,2010-02-04,False,False,,,,2010-0018,True,88259705895bcb93,2010-0018__AD_2010-0018_2__easa_ad_2010_0018.pdf
2010-0019,1,2010-0019,2010-0019,2010-02-05,False,False,,,,2010-0019,True,031c7e90e2dee82f,2010-0019__AD_2010-0019_1__easa_ad_2010_0019.pdf
2010-0021,1,2010-0021,2010-0021,2010-02-09,False,False,,,,2010-0021,True,d22d7c26ee96aaf5,2010-0021__AD_2010-0021_1__easa_ad_2010_0021.pdf
2010-0024,1,2010-0024,2010-0024,2010-02-12,False,False,,,,2010-0024,True,3cf26301240b0a34,2010-0024__AD_2010-0024_2__easa_ad_2010_0024_superseded.pdf
2010-0027,1,2010-0027,2010-0027,2010-02-19,False,False,,,,2010-0027,True,590fb11d92980612,2010-0027__AD_2010-0027_1__easa_ad_2010_0027.pdf
2010-0028,1,2010-0028R1,2010-0028R1,2012-06-25,False,False,,,,2010-0028R1,True,916e37118535830e,2010-0028R1__AD_2010-0028R1_1__easa_ad_2010_0028_R1_Correction.pdf
2010-0034,1,2010-0034,2010-0034,2010-03-05,False,False,,,,2010-0034,True,510db7347e3e36c7,2010-0034__AD_2010-0034_1__easa_ad_2010_0034_Corrected_superseded.pdf
2010-0036,1,2010-0036,2010-0036,2010-03-08,False,False,,,,2010-0036,True,7a257f81d491830f,2010-0036__AD_2010-0036_1__easa_ad_2010_0036_superseded.pdf
2010-0038,1,2010-0038,2010-0038,2010-04-15,False,False,,,,2010-0038,True,7660688d8676e51a,2010-0038__AD_2010-0038_1__easa_ad_2010_0038.pdf
2010-0044,1,2010-0044R1,2010-0044R1,2013-09-19,False,False,,,,2010-0044R1,True,4dc35594b2b23552,2010-0044R1__AD_2010-0044R1_1__easa_ad_2010_0044_R1.pdf
2010-0046,1,2010-0046R1,2010-0046R1,2012-05-23,False,False,,,,2010-0046R1,True,01372b897c68b6ff,2010-0046R1__AD_2010-0046R1_1__easa_ad_2010_0046_R1_superseded.pdf
2010-0047,1,2010-0047,2010-0047,2010-03-19,False,False,,,,2010-0047,True,1ab1f2f4303bf7e1,2010-0047__AD_2010-0047_1__easa_ad_2010_0047_superseded.pdf
2010-0048,1,2010-0048,2010-0048,2010-03-19,False,False,,,,2010-0048,True,7248dc4ea0ab7a6c,2010-0048__AD_2010-0048_2__easa_ad_2010_0048_superseded.pdf
2010-0056,1,2010-0056,2010-0056,2010-03-29,False,False,,,,2010-0056,True,2472f212c71981f4,2010-0056__AD_2010-0056_1__easa_ad_2010_0056.pdf
2010-0066,1,2010-0066,2010-0066,2010-04-21,False,False,,,,2010-0066,True,4a58c20f3b2ec689,2010-0066__AD_2010-0066_1__easa_ad_2010_0066.pdf
2010-0070,1,2010-0070,2010-0070,2010-04-14,False,False,,,,2010-0070,True,2867a87e436f9741,2010-0070__AD_2010-0070_1__easa_ad_2010_0070.pdf
2010-0071,1,2010-0071R1,2010-0071R1,2010-05-28,False,False,,,,2010-0071R1,True,d2e1e9dd251893b3,2010-0071R1__AD_2010-0071R1_1__easa_ad_2010_0071_R1_superseded.pdf
2010-0074,1,2010-0074,2010-0074,2010-04-16,False,False,,,,2010-0074,True,2e6a58abeb2d8fa9,2010-0074__AD_2010-0074_1__easa_ad_2010_0074.pdf
2010-0081,1,2010-0081R1,2010-0081R1,2014-02-27,False,False,,,,2010-0081R1,True,248839fe650f255a,2010-0081R1__AD_2010-0081R1_1__easa_ad_2010_0081_R1.pdf
2010-0083,1,2010-0083,2010-0083,2010-09-20,False,False,,,,2010-0083,True,287c51a37bcfdd95,2010-0083-CN__AD_2010-0083-CN_1__easa_ad_2010_0083_CN.pdf
2010-0085,1,2010-0085,2010-0085,2010-05-03,False,False,,,,2010-0085,True,01c0442dfb875e1b,2010-0085__AD_2010-0085_1__easa_ad_2010_0085.pdf
2010-0086,1,2010-0086R1,2010-0086R1,2010-06-16,False,False,,,,2010-0086R1,True,1e9bb004b02a72d9,2010-0086R1__AD_2010-0086R1_1__easa_ad_2010_0086_R1.pdf
2010-0089,1,2010-0089,2010-0089,2010-05-10,False,False,,,,2010-0089,True,4556699538990de8,2010-0089__AD_2010-0089_1__easa_ad_2010_0089_superseded.pdf
2010-0091,1,2010-0091R1,2010-0091R1,2010-10-12,False,False,,,,2010-0091R1,True,a5fa5aa9708cbca6,2010-0091R1__AD_2010-0091R1_1__easa_ad_2010_0091_R1_superseded.pdf
2010-0092,1,2010-0092,2010-0092,2010-05-21,False,False,,,,2010-0092,True,c953bd6bfaf85ce2,2010-0092__AD_2010-0092_1__easa_ad_2010_0092.pdf
2010-0102,1,2010-0102,2010-0102,2010-06-08,False,False,,,,2010-0102,True,1fe22ed60c3b950d,2010-0102__AD_2010-0102_1__easa_ad_2010_0102.pdf
2010-0103,1,2010-0103R1,2010-0103R1,2011-04-28,False,False,,,,2010-0103R1,True,5587486e9a653fb9,2010-0103R1__AD_2010-0103R1_2__easa_ad_2010_0103_R1.pdf
2010-0104,1,2010-0104,2010-0104,2010-06-08,False,False,,,,2010-0104,True,daff780f724768cc,2010-0104__AD_2010-0104_1__easa_ad_2010_0104_superseded.pdf
2010-0105,1,2010-0105R2,2010-0105R2,2014-03-05,False,False,,,,2010-0105R2,True,d09cba1c1acbae9c,2010-0105R2__AD_2010-0105R2_1__easa_ad_2010_0105_R2.pdf
2010-0109,1,2010-0109R1,2010-0109R1,2012-06-21,False,False,,,,2010-0109R1,True,4f21c2491c090274,2010-0109R1__AD_2010-0109R1_1__easa_ad_2010_0109_R1.pdf
2010-0120,1,2010-0120,2010-0120,2010-06-21,False,False,,,,2010-0120,True,7550ad3a7b345f9f,2010-0120__AD_2010-0120_1__easa_ad_2010_0120.pdf
2010-0127,1,2010-0127,2010-0127,2010-06-23,False,False,,,,2010-0127,True,d7b1e968f4669228,2010-0127__AD_2010-0127_1__easa_ad_2010_0127.pdf
2010-0131,1,2010-0131,2010-0131,2010-06-28,False,False,,,,2010-0131,True,3a462db79e990af3,2010-0131__AD_2010-0131_1__easa_ad_2010_0131_Superseded.pdf
2010-0132,1,2010-0132,2010-0132,2013-10-14,False,False,,,,2010-0132,True,818f57d60442f63d,2010-0132-CN__AD_2010-0132-CN_1__easa_ad_2010_0132_CN.pdf
2010-0135,1,2010-0135,2010-0135,2010-07-05,False,False,,,,2010-0135,True,e10d5a4fb9040be1,2010-0135__AD_2010-0135_1__easa_ad_2010_0135_superseded.pdf
2010-0144,1,2010-0144,2010-0144,2010-07-16,False,False,,,,2010-0144,True,e4506150ae4ea136,2010-0144__AD_2010-0144_2__easa_ad_2010_0144.pdf
2010-0145,1,2010-0145,2010-0145,2010-07-14,False,False,,,,2010-0145,True,3046524b1455b79a,2010-0145__AD_2010-0145_1__easa_ad_2010_0145_Superseded.pdf
2010-0148,1,2010-0148,2010-0148,2010-07-21,False,False,,,,2010-0148,True,4df49e12fffacca6,2010-0148__AD_2010-0148_1__easa_ad_2010_0148.pdf
2010-0149,1,2010-0149,2010-0149,2010-07-21,False,False,,,,2010-0149,True,3d87fe1908ee9e75,2010-0149__AD_2010-0149_1__easa_ad_2010_0149.pdf
2010-0164,1,2010-0164,2010-0164,2010-08-05,False,False,,,,2010-0164,True,60596be378420b04,2010-0164__AD_2010-0164_1__easa_ad_2010_0164.pdf
2010-0165,1,2010-0165,2010-0165,2011-08-17,False,False,,,,2010-0165,True,ef4b24b32c7d6561,2010-0165-CN__AD_2010-0165-CN_1__easa_ad_2010_0165_CN.pdf
2010-0167,1,2010-0167,2010-0167,2010-08-11,False,False,,,,2010-0167,True,a877744986c5d96c,2010-0167__AD_2010-0167_1__easa_ad_2010_0167_superseded.pdf
2010-0168,1,2010-0168,2010-0168,2010-08-11,False,False,,,,2010-0168,True,bf1eac3b61532f72,2010-0168__AD_2010-0168_1__easa_ad_2010_0168.pdf
2010-0173,1,2010-0173,2010-0173,2010-08-17,False,False,,,,2010-0173,True,8ef659acae9c1fae,2010-0173__AD_2010-0173_1__easa_ad_2010_0173_superseded.pdf
2010-0174,1,2010-0174,2010-0174,2010-08-17,False,False,,,,2010-0174,True,57e83455fc7c8a71,2010-0174__AD_2010-0174_1__easa_ad_2010_0174_superseded.pdf
2010-0175,1,2010-0175,2010-0175,2010-08-18,False,False,,,,2010-0175,True,e00fd1f3e8268ab3,2010-0175__AD_2010-0175_1__easa_ad_2010_0175.pdf
2010-0177,1,2010-0177,2010-0177,2010-08-30,False,False,,,,2010-0177,True,7883eee47e03ed6d,2010-0177__AD_2010-0177_1__easa_ad_2010_0177.pdf
2010-0178,1,2010-0178R1,2010-0178R1,2011-05-20,False,False,,,,2010-0178R1,True,7119274ed20a36d8,2010-0178R1__AD_2010-0178R1_1__easa_ad_2010_0178_R1.pdf
2010-0187,1,2010-0187R1,2010-0187R1,,False,False,,,,2010-0187R1,True,21db01d91a4c44f1,2010-0187R1__AD_2010-0187R1_1__EASA_AD_2010_0187_R1.pdf
2010-0191,1,2010-0191,2010-0191,2010-09-27,False,False,,,,2010-0191,True,4a0b683951ca8d9e,2010-0191__AD_2010-0191_2__easa_ad_2010_0191_Corrected.pdf
2010-0192,1,2010-0192,2010-0192,2010-09-29,False,False,,,,2010-0192,True,ae9c5b19ab905d47,2010-0192__AD_2010-0192_1__easa_ad_2010_0192_Corrected_superseded.pdf
2010-0193,1,2010-0193,2010-0193,2010-09-29,False,False,,,,2010-0193,True,5c27148852b7aa53,2010-0193__AD_2010-0193_1__easa_ad_2010_0193_Corrected_superseded.pdf
2010-0199,1,2010-0199,2010-0199,2010-09-30,False,False,,,,2010-0199,True,ef5c7be9192cac74,2010-0199__AD_2010-0199_1__easa_ad_2010_0199.pdf
2010-0205,1,2010-0205,2010-0205,2010-10-08,False,False,,,,2010-0205,True,4bcc104c06ef5981,2010-0205__AD_2010-0205_1__easa_ad_2010_0205_superseded.pdf
2010-0209,1,2010-0209,2010-0209,2010-10-14,False,False,,,,2010-0209,True,beb2038da2f58ea5,2010-0209__AD_2010-0209_1__easa_ad_2010_0209.pdf
2010-0210,1,2010-0210,2010-0210 [Corrected: 2010-10-27],2010-10-21,False,True,2010-10-27,,,2010-0210 [Corrected: 2010-10-27],True,4920a535d53a0211,2010-0210__AD_2010-0210_1__easa_ad_2010_0210_superseded.pdf
2010-0211,1,2010-0211R1,2010-0211R1,2010-12-06,False,False,,,,2010-0211R1,True,b60d24c4aa1562a6,2010-0211R1__AD_2010-0211R1_1__easa_ad_2010_0211_R1_Superseded.pdf
2010-0214,1,2010-0214,2010-0214,2010-11-02,False,False,,,,2010-0214,True,28c73330559d767a,2010-0214__AD_2010-0214_1__easa_ad_2010_0214.pdf
2010-0218,1,2010-0218,2010-0218,2010-10-22,False,False,,,,2010-0218,True,1324a180ad40d3a8,2010-0218__AD_2010-0218_1__easa_ad_2010_0218.pdf
2010-0224,1,2010-0224,2010-0224,2010-11-04,False,False,,,,2010-0224,True,ba39564fe7ce3c1a,2010-0224__AD_2010-0224_1__easa_ad_2010_0224.pdf
2010-0225,1,2010-0225,2010-0225,2010-11-05,False,False,,,,2010-0225,True,4e74a22d7e11108a,2010-0225__AD_2010-0225_1__easa_ad_2010_0225.pdf
2010-0232,1,2010-0232,2010-0232,2010-11-12,False,False,,,,2010-0232,True,770b66eaef0fe3ff,2010-0232__AD_2010-0232_1__easa_ad_2010_0232_superseded.pdf
2010-0245,1,2010-0245R1,2010-0245R1,2012-05-22,False,False,,,,2010-0245R1,True,1c13ea4cc6266b2e,2010-0245R1__AD_2010-0245R1_1__easa_ad_2010_0245_R1.pdf
2010-0250,1,2010-0250,2010-0250,2010-11-29,False,False,,,,2010-0250,True,6e8eac7774a07892,2010-0250__AD_2010-0250_1__easa_ad_2010_0250_superseded.pdf
2010-0251,1,2010-0251,2010-0251,2010-11-29,False,False,,,,2010-0251,True,3e641debe0d98134,2010-0251__AD_2010-0251_1__easa_ad_2010_0251_superseded.pdf
2010-0252,1,2010-0252,2010-0252,2010-11-29,False,False,,,,2010-0252,True,a90b2ea6fc921494,2010-0252__AD_2010-0252_1__easa_ad_2010_0252.pdf
2010-0253,1,2010-0253,2010-0253,2010-12-03,False,False,,,,2010-0253,True,5fba9d214e30f4de,2010-0253__AD_2010-0253_1__easa_ad_2010_0253_superseded.pdf
2010-0255,1,2010-0255,2010-0255,2010-12-06,False,False,,,,2010-0255,True,37f34807eb57e7ec,2010-0255__AD_2010-0255_2__easa_ad_2010_0255.pdf
2010-0259,1,2010-0259,2010-0259,2010-12-07,False,False,,,,2010-0259,True,86082eeb1b60c6ae,2010-0259__AD_2010-0259_1__easa_ad_2010_0259.pdf
2010-0264,1,2010-0264,2010-0264,2010-12-20,False,False,,,,2010-0264,True,116e172deef80695,2010-0264__AD_2010-0264_1__easa_ad_2010_0264_superseded.pdf
2010-0267,1,2010-0267,2010-0267,2010-12-21,False,False,,,,2010-0267,True,ed60886b6f6df480,2010-0267__AD_2010-0267_1__easa_ad_2010_0267_Superseded.pdf
2010-0271,1,2010-0271,2010-0271,2010-12-22,False,False,,,,2010-0271,True,2db3e9f8dfdadc71,2010-0271__AD_2010-0271_1__easa_ad_2010_0271.pdf
2011-0001,1,2011-0001R1,2011-0001R1,2013-09-25,False,False,,,,2011-0001R1,True,768d6202f957426b,2011-0001R1__AD_2011-0001R1_2__easa_ad_2011_0001_R1.pdf
2011-0002,1,2011-0002R1,2011-0002R1,2013-04-29,False,False,,,,2011-0002R1,True,66be42aee54850e7,2011-0002R1__AD_2011-0002R1_1__easa_ad_2011_0002_R1_superseded.pdf
2011-0005,1,2011-0005,2011-0005,2011-01-17,False,False,,,,2011-0005,True,a298c7818ec86a31,2011-0005__AD_2011-0005_1__easa_ad_2011_0005_Superseded.pdf
2011-0006,1,2011-0006,2011-0006,2011-01-17,False,False,,,,2011-0006,True,f3c0e3c1e1cab9b4,2011-0006__AD_2011-0006_1__easa_ad_2011_0006_Superseded.pdf
2011-0007,1,2011-0007R1,2011-0007R1,2011-02-14,False,False,,,,2011-0007R1,True,f5e4d3a3bbd1aed8,2011-0007R1__AD_2011-0007R1_1__easa_ad_2011_0007_R1_superseded.pdf
2011-0011,1,2011-0011,2011-0011,2011-01-21,False,False,,,,2011-0011,True,261aa28a143bc9b8,2011-0011__AD_2011-0011_1__easa_ad_2011_0011_superseded.pdf
2011-0013,1,2011-0013R1,2011-0013R1,2012-03-27,False,False,,,,2011-0013R1,True,1a670869f748928b,2011-0013R1__AD_2011-0013R1_1__easa_ad_2011_0013_R1_superseded.pdf
2011-0015,1,2011-0015,2011-0015,2011-01-31,False,False,,,,2011-0015,True,323ee80cdfb38607,2011-0015__AD_2011-0015_1__easa_ad_2011_0015.pdf
2011-0017,1,2011-0017,2011-0017,2011-02-03,False,False,,,,2011-0017,True,ae34730fccc6cfa7,2011-0017__AD_2011-0017_1__easa_ad_2011_0017_Superseded.pdf
2011-0018,1,2011-0018,2011-0018,2011-02-03,False,False,,,,2011-0018,True,7b2c828fabb424fc,2011-0018__AD_2011-0018_1__easa_ad_2011_0018.pdf
2011-0022,1,2011-0022,2011-0022,2011-02-09,False,False,,,,2011-0022,True,9413170119779c6f,2011-0022__AD_2011-0022_1__easa_ad_2011_0022_Superseded.pdf
2011-0024,1,2011-0024R1,2011-0024R1,2011-02-28,False,False,,,,2011-0024R1,True,a3bf715fb8c51aab,2011-0024R1__AD_2011-0024R1_1__easa_ad_2011_0024_R1.pdf
2011-0026,1,2011-0026,2011-0026,2011-02-22,False,False,,,,2011-0026,True,2127cf1d8cd716de,2011-0026__AD_2011-0026_1__easa_ad_2011_0026_superseded.pdf
2011-0028,1,2011-0028,2011-0028,2011-02-24,False,False,,,,2011-0028,True,3989b3911741916d,2011-0028__AD_2011-0028_1__easa_ad_2011_0028.pdf
2011-0029,1,2011-0029,2011-0029,2011-02-24,False,False,,,,2011-0029,True,224bd84400268135,2011-0029__AD_2011-0029_1__easa_ad_2011_0029.pdf
2011-0032,1,2011-0032,2011-0032,2011-03-01,False,False,,,,2011-0032,True,315ceb21f09f6644,2011-0032__AD_2011-0032_1__easa_ad_2011_0032.pdf
2011-0034,1,2011-0034,2011-0034,2011-03-02,False,False,,,,2011-0034,True,45516ce6b8d43933,2011-0034__AD_2011-0034_1__easa_ad_2011_0034_superseded.pdf
2011-0035,1,2011-0035,2011-0035,2011-03-02,False,False,,,,2011-0035,True,19fc0272fb1d1461,2011-0035__AD_2011-0035_1__easa_ad_2011_0035.pdf
2011-0036,1,2011-0036,2011-0036,2011-03-02,False,False,,,,2011-0036,True,f87f6b58e06bc3a5,2011-0036__AD_2011-0036_1__easa_ad_2011_0036_Correction.pdf
2011-0040,1,2011-0040,2011-0040,2011-03-08,False,False,,,,2011-0040,True,e38b0b9e9c3236a7,2011-0040__AD_2011-0040_2__easa_ad_2011_0040_superseded.pdf
2011-0041,1,2011-0041R1,2011-0041R1,2014-10-07,False,False,,,,2011-0041R1,True,87291fa34d4626d4,2011-0041R1__AD_2011-0041R1_1__easa_ad_2011_0041_R1.pdf
2011-0043,1,2011-0043,2011-0043,2011-03-16,False,False,,,,2011-0043,True,5a2082486e8c44c9,2011-0043__AD_2011-0043_1__easa_ad_2011_0043.pdf
2011-0054,1,2011-0054,2011-0054,2011-03-24,False,False,,,,2011-0054,True,6135fddd23d6aa5b,2011-0054__AD_2011-0054_1__easa_ad_2011_0054.pdf
2011-0055,1,2011-0055,2011-0055,2011-03-24,False,False,,,,2011-0055,True,5d95ef98558fe513,2011-0055__AD_2011-0055_1__easa_ad_2011_0055.pdf
2011-0056,1,2011-0056,2011-0056,2011-03-25,False,False,,,,2011-0056,True,748a7321b7f7bdf3,2011-0056__AD_2011-0056_1__easa_ad_2011_0056.pdf
2011-0058,1,2011-0058R3,2011-0058R3,2012-02-29,False,False,,,,2011-0058R3,True,b9d269d4b8b21808,2011-0058R3__AD_2011-0058R3_1__easa_ad_2011_0058R3.pdf
2011-0062,1,2011-0062,2011-0062,2011-04-04,False,False,,,,2011-0062,True,8cf802134939a629,2011-0062__AD_2011-0062_1__easa_ad_2011_0062_superseded.pdf
2011-0069,1,2011-0069R1,2011-0069R1,2012-04-11,False,False,,,,2011-0069R1,True,eb3a2f0bd43ebe11,2011-0069R1__AD_2011-0069R1_1__easa_ad_2011_0069_R1_superseded.pdf
2011-0071,1,2011-0071,2011-0071,2011-04-18,False,False,,,,2011-0071,True,bd5321cb4ed9e8e7,2011-0071__AD_2011-0071_1__easa_ad_2011_0071.pdf
2011-0073,1,2011-0073,2011-0073,2011-04-20,False,False,,,,2011-0073,True,f9a354540f24d0fc,2011-0073__AD_2011-0073_1__easa_ad_2011_0073.pdf
2011-0075,1,2011-0075,2011-0075,2011-04-29,False,False,,,,2011-0075,True,53756bae4413a2e8,2011-0075__AD_2011-0075_1__easa_ad_2011_0075.pdf
2011-0077,1,2011-0077,2011-0077,2011-05-05,False,False,,,,2011-0077,True,94103e73b5f4b7e5,2011-0077__AD_2011-0077_1__easa_ad_2011_0077.pdf
2011-0084,1,2011-0084,2011-0084,2011-05-24,False,False,,,,2011-0084,True,c326fb232b05fea5,2011-0084__AD_2011-0084_1__easa_ad_2011_0084_Superseded.pdf
2011-0085,1,2011-0085R1,2011-0085R1,2012-07-18,False,False,,,,2011-0085R1,True,87a1d2c31afc6425,2011-0085R1__AD_2011-0085R1_1__easa_ad_2011_0085_R1_Correction.pdf
2011-0086,1,2011-0086R1,2011-0086R1,2013-02-19,False,False,,,,2011-0086R1,True,27b9fb10e302f876,2011-0086R1__AD_2011-0086R1_1__easa_ad_2011_0086_R1.pdf
2011-0088,1,2011-0088R1,2011-0088R1,2012-09-12,False,False,,,,2011-0088R1,True,d967cc017623c58c,2011-0088R1__AD_2011-0088R1_1__easa_ad_2011_0088_R1.pdf
2011-0098,1,2011-0098,2011-0098,2011-06-02,False,False,,,,2011-0098,True,ee69a71e72e4a031,2011-0098__AD_2011-0098_1__easa_ad_2011_0098.pdf
2011-0112,1,2011-0112,2011-0112,2011-06-15,False,False,,,,2011-0112,True,7a321140308c146d,2011-0112__AD_2011-0112_1__easa_ad_2011_0112.pdf
2011-0113,1,2011-0113,2011-0113,2011-06-17,False,False,,,,2011-0113,True,8ed3ee09474aa9a2,2011-0113__AD_2011-0113_1__easa_ad_2011_0113_Superseded.pdf
2011-0120,1,2011-0120R1,2011-0120R1,2011-07-13,False,False,,,,2011-0120R1,True,f8ed69e76d0f487d,2011-0120R1__AD_2011-0120R1_1__easa_ad_2011_0120_R1.pdf
2011-0121,1,2011-0121R1,2011-0121R1,2011-07-13,False,False,,,,2011-0121R1,True,ae84eb859c8cba5f,2011-0121R1__AD_2011-0121R1_1__easa_ad_2011_0121_R1.pdf
2011-0124,1,2011-0124R1,2011-0124R1,2014-09-05,False,False,,,,2011-0124R1,True,11088a6cec6c6144,2011-0124R1__AD_2011-0124R1_1__easa_ad_2011_0124_R1_Superseded.pdf
2011-0125,1,2011-0125,2011-0125,2011-06-30,False,False,,,,2011-0125,True,55806c7f1e482695,2011-0125__AD_2011-0125_1__easa_ad_2011_0125.pdf
2011-0134,1,2011-0134,2011-0134,2011-07-15,False,False,,,,2011-0134,True,cda17ecdc4691d61,2011-0134__AD_2011-0134_1__easa_ad_2011_0134_superseded.pdf
2011-0137,1,2011-0137R1,2011-0137R1,2013-07-08,False,False,,,,2011-0137R1,True,c82a6256010f4ec9,2011-0137R1__AD_2011-0137R1_1__easa_ad_2011_0137_R1.pdf
2011-0138,1,2011-0138,2011-0138,2011-07-20,False,False,,,,2011-0138,True,dcfff8a118bff380,2011-0138__AD_2011-0138_1__easa_ad_2011_0138.pdf
2011-0139,1,2011-0139,2011-0139,2011-07-25,False,False,,,,2011-0139,True,a8fcee30412b99af,2011-0139__AD_2011-0139_1__easa_ad_2011_0139_superseded.pdf
2011-0141,1,2011-0141,2011-0141,2011-07-25,False,False,,,,2011-0141,True,c5208bfe17072af2,2011-0141__AD_2011-0141_1__easa_ad_2011_0141_superseded.pdf
2011-0142,1,2011-0142,2011-0142,2011-07-25,False,False,,,,2011-0142,True,2ccf37afa30beb24,2011-0142__AD_2011-0142_1__easa_ad_2011_0142.pdf
2011-0151,1,2011-0151,2011-0151,2011-08-16,False,False,,,,2011-0151,True,c73cca5f2fe148d3,2011-0151__AD_2011-0151_1__easa_ad_2011_0151.pdf
2011-0155,1,2011-0155R1,2011-0155R1,2011-11-15,False,False,,,,2011-0155R1,True,bcd79e32e2e0c2d3,2011-0155R1__AD_2011-0155R1_1__easa_ad_2011_0155_R1_superseded.pdf
2011-0160,1,2011-0160R2,2011-0160R2,2013-01-24,False,False,,,,2011-0160R2,True,4efe98dbf85b1719,2011-0160R2__AD_2011-0160R2_2__easa_ad_2011_0160_R2_superseded.pdf
2011-0161,1,2011-0161,2011-0161,2011-08-26,False,False,,,,2011-0161,True,154627ee743b0c17,2011-0161__AD_2011-0161_2__easa_ad_2011_0161.pdf
2011-0163,1,2011-0163,2011-0163,2011-08-30,False,False,,,,2011-0163,True,7a5e629e23092030,2011-0163__AD_2011-0163_1__easa_ad_2011_0163_superseded.pdf
2011-0165,1,2011-0165,2011-0165,2011-09-01,False,False,,,,2011-0165,True,28e4a9a32cf8cb6a,2011-0165__AD_2011-0165_1__easa_ad_2011_0165_superseded.pdf
2011-0166,1,2011-0166,2011-0166,2011-09-01,False,False,,,,2011-0166,True,62bc21415ddc1372,2011-0166__AD_2011-0166_1__easa_ad_2011_0166_superseded.pdf
2011-0167,1,2011-0167,2011-0167,2011-09-06,False,False,,,,2011-0167,True,827447fb83da0178,2011-0167__AD_2011-0167_1__easa_ad_2011_0167_superseded.pdf
2011-0170,1,2011-0170,2011-0170,2011-09-07,False,False,,,,2011-0170,True,946c059ed866796e,2011-0170__AD_2011-0170_1__easa_ad_2011_0170_superseded.pdf
2011-0171,1,2011-0171R1,2011-0171R1,2013-01-11,False,False,,,,2011-0171R1,True,13e00117571fa01f,2011-0171R1__AD_2011-0171R1_1__easa_ad_2011_0171_R1.pdf
2011-0173,1,2011-0173R1,2011-0173R1,2014-08-21,False,False,,,,2011-0173R1,True,ae150fb9d798fe00,2011-0173R1__AD_2011-0173R1_1__EASA_AD_2011_0173_R1_superseded.pdf
2011-0174,1,2011-0174,2011-0174,2011-09-08,False,False,,,,2011-0174,True,02da0f3a6a026485,2011-0174__AD_2011-0174_1__easa_ad_2011_0174_superseded.pdf
2011-0176,1,2011-0176,2011-0176,2011-09-13,False,False,,,,2011-0176,True,af4617664a7e50d6,2011-0176__AD_2011-0176_1__easa_ad_2011_0176.pdf
2011-0177,1,2011-0177,2011-0177,2011-09-15,False,False,,,,2011-0177,True,194e768b9d0f9b96,2011-0177__AD_2011-0177_1__easa_ad_2011_0177_Correction.pdf
2011-0178,1,2011-0178R1,2011-0178R1,2012-03-06,False,False,,,,2011-0178R1,True,6cca2f2d2b835687,2011-0178R1__AD_2011-0178R1_2__easa_ad_2011_0178_R1_Correction.pdf
2011-0179,1,2011-0179R1,2011-0179R1,2012-03-06,False,False,,,,2011-0179R1,True,5a5e9ca53032f554,2011-0179R1__AD_2011-0179R1_1__easa_ad_2011_0179_R1.pdf
2011-0186,1,2011-0186,2011-0186,2011-09-23,False,False,,,,2011-0186,True,567cc72ce7802399,2011-0186__AD_2011-0186_1__easa_ad_2011_0186.pdf
2011-0187,1,2011-0187,2011-0187,2011-09-27,False,False,,,,2011-0187,True,cf2775990f19aa01,2011-0187__AD_2011-0187_1__easa_ad_2011_0187.pdf
2011-0188,1,2011-0188,2011-0188,2011-09-27,False,False,,,,2011-0188,True,c213574a92e3b1a0,2011-0188-CN__AD_2011-0188-CN_1__easa_ad_2011_0188CN.pdf
2011-0196,1,2011-0196,2011-0196,2011-10-07,False,False,,,,2011-0196,True,ba3b7ad2ec6b16e1,2011-0196__AD_2011-0196_1__easa_ad_2011_0196_Correction_Superseded.pdf
2011-0197,1,2011-0197,2011-0197,2011-10-10,False,False,,,,2011-0197,True,943272592a241ed2,2011-0197__AD_2011-0197_1__easa_ad_2011_0197.pdf
2011-0198,1,2011-0198,2011-0198,2011-10-19,False,False,,,,2011-0198,True,03d9a75188587585,2011-0198__AD_2011-0198_1__easa_ad_2011_0198_Superseded.pdf
2011-0199,1,2011-0199R1,2011-0199R1,2012-02-17,False,False,,,,2011-0199R1,True,4c7d74e07e0da9a0,2011-0199R1__AD_2011-0199R1_1__easa_ad_2011_0199_R1.pdf
2011-0201,1,2011-0201R1,2011-0201R1,,False,False,,,,2011-0201R1,True,d75b878ae3a7cb25,2011-0201R1__AD_2011-0201R1_1__EASA_AD_2011_0201_R1.pdf
2011-0202,1,2011-0202,2011-0202,2011-10-13,False,False,,,,2011-0202,True,66dffcaf076f8ca9,2011-0202__AD_2011-0202_1__easa_ad_2011_0202_superseded.pdf
2011-0203,1,2011-0203,2011-0203,2011-10-13,False,False,,,,2011-0203,True,da761e59482e46e0,2011-0203__AD_2011-0203_1__easa_ad_2011_0203_superseded.pdf
2011-0204,1,2011-0204R1,2011-0204R1,2013-03-20,False,False,,,,2011-0204R1,True,c0c2c045e6baa9b1,2011-0204R1__AD_2011-0204R1_2__easa_ad_2011_0204_R1.pdf
2011-0206,1,2011-0206,2011-0206,2011-10-20,False,False,,,,2011-0206,True,94d270707c28ed87,2011-0206__AD_2011-0206_1__easa_ad_2011_0206.pdf
2011-0211,1,2011-0211,2011-0211,2011-10-31,False,False,,,,2011-0211,True,a88b332016d38079,2011-0211__AD_2011-0211_1__easa_ad_2011_0211_superseded.pdf
2011-0212,1,2011-0212,2011-0212,2011-10-31,False,False,,,,2011-0212,True,31770234522ba9b7,2011-0212__AD_2011-0212_1__easa_ad_2011_0212_superseded.pdf
2011-0215,1,2011-0215,2011-0215,2011-11-04,False,False,,,,2011-0215,True,4450a4bcc7219c94,2011-0215__AD_2011-0215_1__easa_ad_2011_0215_Superseded.pdf
2011-0217,1,2011-0217,2011-0217,2011-11-10,False,False,,,,2011-0217,True,5028f6629cd8eb32,2011-0217__AD_2011-0217_2__easa_ad_2011_0217.pdf
2011-0229,1,2011-0229,2011-0229,2011-12-06,False,False,,,,2011-0229,True,ce19b58fcd7f9bfe,2011-0229__AD_2011-0229_1__easa_ad_2011_0229.pdf
2011-0231,1,2011-0231,2011-0231,2011-12-09,False,False,,,,2011-0231,True,96ecbbe3aec7ad0b,2011-0231__AD_2011-0231_1__easa_ad_2011_0231_superseded.pdf
2011-0238,1,2011-0238,2011-0238,2011-12-14,False,False,,,,2011-0238,True,86d63ed6a6fa3232,2011-0238__AD_2011-0238_1__easa_ad_2011_0238_superseded.pdf
2011-0242,1,2011-0242,2011-0242,2011-12-19,False,False,,,,2011-0242,True,13086bfb8f5f95ba,2011-0242__AD_2011-0242_1__easa_ad_2011_0242_Correction_superseded.pdf
2011-0248,1,2011-0248,2011-0248,2011-12-22,False,False,,,,2011-0248,True,60af3dc916728c7a,2011-0248__AD_2011-0248_1__easa_ad_2011_0248_Superseded.pdf
2012-0005,1,2012-0005,2012-0005,2012-01-10,False,False,,,,2012-0005,True,10e12e8c8738000f,2012-0005__AD_2012-0005_1__easa_ad_2012_0005.pdf
2012-0006,1,2012-0006,2012-0006,2012-01-12,False,False,,,,2012-0006,True,dc835295a1f52e9f,2012-0006__AD_2012-0006_1__easa_ad_2012_0006.pdf
2012-0007,1,2012-0007R1,2012-0007R1,2013-05-03,False,False,,,,2012-0007R1,True,3a4ed7054ae14777,2012-0007R1__AD_2012-0007R1_1__easa_ad_2012_0007_R1.pdf
2012-0008,1,2012-0008,2012-0008,2012-01-16,False,False,,,,2012-0008,True,512e3014309c99a9,2012-0008__AD_2012-0008_1__EASA_AD_2012_0008_superseded.pdf
2012-0009,1,2012-0009,2012-0009,2012-01-13,False,False,,,,2012-0009,True,4bc296d18599a88d,2012-0009__AD_2012-0009_1__easa_ad_2012_0009.pdf
2012-0010,1,2012-0010,2012-0010,2012-01-18,False,False,,,,2012-0010,True,de16e7e080a908b8,2012-0010__AD_2012-0010_1__easa_ad_2012_0010_superseded.pdf
2012-0011,1,2012-0011,2012-0011,2012-01-20,False,False,,,,2012-0011,True,f2672b8dd1ed699c,2012-0011__AD_2012-0011_1__easa_ad_2012_0011.pdf
2012-0012,1,2012-0012,2012-0012,2012-01-23,False,False,,,,2012-0012,True,c4f6c90788644aa8,2012-0012__AD_2012-0012_1__EASA_AD_2012_0012_superseded.pdf
2012-0013,1,2012-0013,2012-0013,2012-01-20,False,False,,,,2012-0013,True,0dfe4a914699e1af,2012-0013__AD_2012-0013_1__easa_ad_2012_0013_superseded.pdf
2012-0015,1,2012-0015,2012-0015,2012-01-23,False,False,,,,2012-0015,True,2c1a15eedf4dd8b1,2012-0015__AD_2012-0015_2__easa_ad_2012_0015_superseded.pdf
2012-0016,1,2012-0016R1,2012-0016R1,2013-07-30,False,False,,,,2012-0016R1,True,0935a3e54ef28d20,2012-0016R1__AD_2012-0016R1_1__easa_ad_2012_0016R1.pdf
2012-0017,1,2012-0017,2012-0017,2012-01-26,False,False,,,,2012-0017,True,3477d2b92c89145e,2012-0017__AD_2012-0017_1__easa_ad_2012_0017.pdf
2012-0020,1,2012-0020,2012-0020,2012-01-30,False,False,,,,2012-0020,True,95e14876103bbe38,2012-0020__AD_2012-0020_1__easa_ad_2012_0020_superseded.pdf
2012-0021,1,2012-0021,2012-0021,2012-01-30,False,False,,,,2012-0021,True,ad617639e4d53024,2012-0021__AD_2012-0021_2__easa_ad_2012_0021_superseded.pdf
2012-0026,1,2012-0026,2012-0026,2012-02-08,False,False,,,,2012-0026,True,44b6eb3dc37868df,2012-0026__AD_2012-0026_1__easa_ad_2012_0026_superseded.pdf
2012-0028,1,2012-0028,2012-0028,2012-02-14,False,False,,,,2012-0028,True,1c149e8d2b67ccc2,2012-0028__AD_2012-0028_1__easa_ad_2012_0028_Superseded.pdf
2012-0031,1,2012-0031,2012-0031,2012-02-22,False,False,,,,2012-0031,True,75665f97fc50c15f,2012-0031__AD_2012-0031_1__easa_ad_2012_0031_superseded.pdf
2012-0032,1,2012-0032R1,2012-0032R1,,False,False,,,,2012-0032R1,True,c2af310d21fa2890,2012-0032R1__AD_2012-0032R1_1__EASA_AD_2012_0032_R1.pdf
2012-0034,1,2012-0034R1,2012-0034R1,2015-09-24,False,False,,,,2012-0034R1,True,3f2c4539ec58d9db,2012-0034R1__AD_2012-0034R1_2__EASA_AD_2012_0034_R1.pdf
2012-0042,1,2012-0042,2012-0042,2012-04-10,False,False,,,,2012-0042,True,3c2da8e197eba02b,2012-0042__AD_2012-0042_1__easa_ad_2012_0042.pdf
2012-0044,1,2012-0044,2012-0044,2012-03-23,False,False,,,,2012-0044,True,69e5b51e2bbde913,2012-0044__AD_2012-0044_1__easa_ad_2012_0044.pdf
2012-0048,1,2012-0048,2012-0048,2012-04-03,False,False,,,,2012-0048,True,2623eac983fa8d80,2012-0048__AD_2012-0048_1__easa_ad_2012_0048.pdf
2012-0052,1,2012-0052R1,2012-0052R1,2015-02-05,False,False,,,,2012-0052R1,True,062501fa80d06b58,2012-0052R1__AD_2012-0052R1_1__EASA_AD_20120052_R1_superseded.pdf
2012-0053,1,2012-0053R1,2012-0053R1,,False,False,,,,2012-0053R1,True,5d58d15b3dc4957e,2012-0053R1__AD_2012-0053R1_1__EASA_AD_2012_0053_R1_superseded.pdf
2012-0055,1,2012-0055R1,2012-0055R1,2012-10-17,False,False,,,,2012-0055R1,True,78cbb8ba0b2c7158,2012-0055R1__AD_2012-0055R1_1__easa_ad_2012_0055_R1_superseded.pdf
2012-0056,1,2012-0056,2012-0056,2012-04-03,False,False,,,,2012-0056,True,87a00f334328dacb,2012-0056__AD_2012-0056_1__easa_ad_2012_0056.pdf
2012-0061,1,2012-0061R1,2012-0061R1,2012-11-30,False,False,,,,2012-0061R1,True,1a1d038259d6279f,2012-0061R1__AD_2012-0061R1_1__easa_ad_2012_0061_R1.pdf
2012-0062,1,2012-0062,2012-0062,2012-04-13,False,False,,,,2012-0062,True,8e0846a277704d8d,2012-0062__AD_2012-0062_1__easa_ad_2012_0062_superseded.pdf
2012-0069,1,2012-0069,2012-0069,2012-04-24,False,False,,,,2012-0069,True,029c89a18f70afbc,2012-0069__AD_2012-0069_1__easa_ad_2012_0069.pdf
2012-0070,1,2012-0070,2012-0070,2012-04-25,False,False,,,,2012-0070,True,08d66ca90183290a,2012-0070__AD_2012-0070_1__easa_ad_2012_0070_Correction_superseded.pdf
2012-0078,1,2012-0078R2,2012-0078R2,2014-03-05,False,False,,,,2012-0078R2,True,83669b07aeda38b5,2012-0078R2__AD_2012-0078R2_1__easa_ad_2012_0078_R2.pdf
2012-0082,1,2012-0082,2012-0082,2012-05-15,False,False,,,,2012-0082,True,67af798c5a86e5f7,2012-0082__AD_2012-0082_1__easa_ad_2012_0082.pdf
2012-0083,1,2012-0083,2012-0083,2012-05-16,False,False,,,,2012-0083,True,0a7c66cff25e0b8f,2012-0083__AD_2012-0083_1__easa_ad_2012_0083_superseded.pdf
2012-0088,1,2012-0088,2012-0088,2012-07-09,False,False,,,,2012-0088,True,4e5116faf63073ea,2012-0088__AD_2012-0088_2__easa_ad_2012_0088_superseded.pdf
2012-0089,1,2012-0089R1,2012-0089R1,2014-04-16,False,False,,,,2012-0089R1,True,9e3891bbe8c1f52f,2012-0089R1__AD_2012-0089R1_1__easa_ad_2012_0089_R1.pdf
2012-0090,1,2012-0090,2012-0090,2012-05-22,False,False,,,,2012-0090,True,d505b7b16ee52119,2012-0090__AD_2012-0090_1__easa_ad_2012_0090.pdf
2012-0091,1,2012-0091,2012-0091,2012-05-25,False,False,,,,2012-0091,True,1f4383ebea0adda9,2012-0091__AD_2012-0091_1__easa_ad_2012_0091.pdf
2012-0092,1,2012-0092,2012-0092,2012-05-25,False,False,,,,2012-0092,True,7afd0c87c1b389c7,2012-0092__AD_2012-0092_2__easa_ad_2012_0092_Correction_Superseded.pdf
2012-0094,1,2012-0094,2012-0094,2012-05-31,False,False,,,,2012-0094,True,20c9659a93318b4c,2012-0094__AD_2012-0094_2__EASA_AD__2012_0094_superseded.pdf
2012-0096,1,2012-0096,2012-0096,2012-06-04,False,False,,,,2012-0096,True,7f07419b4f07195d,2012-0096__AD_2012-0096_1__easa_ad_2012_0096.pdf
2012-0100,1,2012-0100R3,2012-0100R3,2013-10-02,False,False,,,,2012-0100R3,True,2cd011ec5a649d5b,2012-0100R3__AD_2012-0100R3_1__easa_ad_2012_0100_R3_superseded.pdf
2012-0101,1,2012-0101,2012-0101,2012-06-11,False,False,,,,2012-0101,True,4e9e2d0f55dbe21d,2012-0101__AD_2012-0101_1__easa_ad_2012_0101.pdf
2012-0102,1,2012-0102,2012-0102,2012-06-08,False,False,,,,2012-0102,True,e3b67d10b949d1bb,2012-0102__AD_2012-0102_1__easa_ad_2012_0102.pdf
2012-0103,1,2012-0103,2012-0103,2012-06-11,False,False,,,,2012-0103,True,e8c6c50c08d1a4c5,2012-0103__AD_2012-0103_1__easa_ad_2012_0103_Superseded.pdf
2012-0105,1,2012-0105,2012-0105,2012-06-15,False,False,,,,2012-0105,True,8d483dc68be09417,2012-0105__AD_2012-0105_1__easa_ad_2012_0105.pdf
2012-0114,1,2012-0114,2012-0114,2012-06-28,False,False,,,,2012-0114,True,240db914542d97af,2012-0114__AD_2012-0114_1__easa_ad_2012_0114.pdf
2012-0118,1,2012-0118,2012-0118,2012-07-04,False,False,,,,2012-0118,True,c36364a627ae1219,2012-0118__AD_2012-0118_1__EASA_AD_2012_0118_superseded.pdf
2012-0119,1,2012-0119,2012-0119,2012-07-04,False,False,,,,2012-0119,True,3ee6899f6de3aa72,2012-0119__AD_2012-0119_1__easa_ad_2012_0119.pdf
2012-0122,1,2012-0122,2012-0122,2012-07-06,False,False,,,,2012-0122,True,6c59f8565bf4ad29,2012-0122-CN__AD_2012-0122-CN_2__easa_ad_2012_0122_CN.pdf
2012-0132,1,2012-0132R1,2012-0132R1,2013-03-01,False,False,,,,2012-0132R1,True,9e667e41de18a41f,2012-0132R1__AD_2012-0132R1_1__easa_ad_2012_0132_R1.pdf
2012-0133,1,2012-0133,2012-0133,2012-07-18,False,False,,,,2012-0133,True,6cd12910f03465e3,2012-0133__AD_2012-0133_1__easa_ad_2012_0133_superseded.pdf
2012-0134,1,2012-0134,2012-0134,2012-07-18,False,False,,,,2012-0134,True,a849b67cc3c64613,2012-0134__AD_2012-0134_1__EASA_AD_2012_0134_superseded.pdf
2012-0135,1,2012-0135,2012-0135,2012-07-20,False,False,,,,2012-0135,True,c0b7d666b6227276,2012-0135__AD_2012-0135_1__easa_ad_2012_0135.pdf
2012-0138,1,2012-0138,2012-0138,2012-07-26,False,False,,,,2012-0138,True,968e821e9bb8bb36,2012-0138__AD_2012-0138_1__easa_ad_2012_0138.pdf
2012-0140,1,2012-0140,2012-0140,2012-07-27,False,False,,,,2012-0140,True,c87969ef03c46649,2012-0140__AD_2012-0140_2__easa_ad_2012_0140.pdf
2012-0153,1,2012-0153,2012-0153,2012-08-23,False,False,,,,2012-0153,True,34fa95a487be4184,2012-0153__AD_2012-0153_1__easa_ad_2012_0153_superseded.pdf
2012-0165,1,2012-0165,2012-0165,2012-08-31,False,False,,,,2012-0165,True,12c5b2ce687a9237,2012-0165__AD_2012-0165_1__easa_ad_2012_0165.pdf
2012-0167,1,2012-0167,2012-0167,2012-08-31,False,False,,,,2012-0167,True,1e1b6055700ca96c,2012-0167__AD_2012-0167_2__easa_ad_2012_0167_superseded.pdf
2012-0168,1,2012-0168,2012-0168,2012-08-31,False,False,,,,2012-0168,True,b06ca6462d0b4771,2012-0168__AD_2012-0168_1__easa_ad_2012_0168_superseded.pdf
2012-0172,1,2012-0172,2012-0172,2012-09-03,False,False,,,,2012-0172,True,baa3547df37d9d6f,2012-0172__AD_2012-0172_2__easa_ad_2012_0172.pdf
2012-0175,1,2012-0175R2,2012-0175R2,,False,False,,,,2012-0175R2,True,08a8fc0e2bbbc711,2012-0175R2__AD_2012-0175R2_1__EASA_AD_2012_0175_R2_superseded.pdf
2012-0176,1,2012-0176,2012-0176,2012-09-07,False,False,,,,2012-0176,True,573902828f8f1d26,2012-0176__AD_2012-0176_2__easa_ad_2012_0176_Correction.pdf
2012-0177,1,2012-0177,2012-0177,2012-09-10,False,False,,,,2012-0177,True,bacb1c46a73e33a1,2012-0177__AD_2012-0177_1__easa_ad_2012_0177.pdf
2012-0179,1,2012-0179,2012-0179,2012-09-07,False,False,,,,2012-0179,True,4205dd854526435f,2012-0179__AD_2012-0179_1__easa_ad_2012_0179_superseded.pdf
2012-0182,1,2012-0182,2012-0182,2012-09-11,False,False,,,,2012-0182,True,b1183bbf1e2b911e,2012-0182__AD_2012-0182_2__easa_ad_2012_0182.pdf
2012-0188,1,2012-0188,2012-0188,2012-09-19,False,False,,,,2012-0188,True,bcbeb564687c56eb,2012-0188__AD_2012-0188_1__easa_ad_2012_0188.pdf
2012-0194,1,2012-0194,2012-0194,2012-09-25,False,False,,,,2012-0194,True,bfff0040a6a4ba85,2012-0194__AD_2012-0194_2__easa_ad_2012_0194.pdf
2012-0198,1,2012-0198R1,2012-0198R1,2014-10-10,False,False,,,,2012-0198R1,True,4a35acb0e2557b3b,2012-0198R1__AD_2012-0198R1_1__easa_ad_2012_0198_R1.pdf
2012-0199,1,2012-0199,2012-0199,2012-09-26,False,False,,,,2012-0199,True,68d0307eed49d03f,2012-0199__AD_2012-0199_1__easa_ad_2012_0199.pdf
2012-0200,1,2012-0200R1,2012-0200R1,2013-12-06,False,False,,,,2012-0200R1,True,aca2bbe68dc2a1cb,2012-0200R1__AD_2012-0200R1_1__easa_ad_2012_0200_R1.pdf
2012-0203,1,2012-0203,2012-0203,2012-10-01,False,False,,,,2012-0203,True,5d479725eb5e5153,2012-0203__AD_2012-0203_1__easa_ad_2012_0203.pdf
2012-0210,1,2012-0210,2012-0210,2012-10-11,False,False,,,,2012-0210,True,197f3ff2107755a3,2012-0210__AD_2012-0210_1__easa_ad_2012_0210.pdf
2012-0211,1,2012-0211,2012-0211,2012-10-12,False,False,,,,2012-0211,True,c2123682ab842815,2012-0211__AD_2012-0211_2__easa_ad_2012_0211_superseded.pdf
2012-0214,1,2012-0214,2012-0214,2012-10-18,False,False,,,,2012-0214,True,d0f10e9f2d25d5f2,2012-0214__AD_2012-0214_1__easa_ad_2012_0214_superseded.pdf
2012-0221,1,2012-0221,2012-0221,2012-10-23,False,False,,,,2012-0221,True,5e19d69427ac433c,2012-0221__AD_2012-0221_1__easa_ad_2012_0221.pdf
2012-0222,1,2012-0222,2012-0222,2012-10-24,False,False,,,,2012-0222,True,11af55ba4ca9d5ae,2012-0222__AD_2012-0222_2__easa_ad_2012_0222.pdf
2012-0223,1,2012-0223,2012-0223,2012-10-23,False,False,,,,2012-0223,True,ad1ee9793e5168a1,2012-0223__AD_2012-0223_1__easa_ad_2012_0223.pdf
2012-0224,1,2012-0224,2012-0224,2012-10-24,False,False,,,,2012-0224,True,0496860f26ccae03,2012-0224__AD_2012-0224_1__easa_ad_2012_0224_Correction.pdf
2012-0226,1,2012-0226,2012-0226,2012-10-29,False,False,,,,2012-0226,True,56c1f9d0c64e72e2,2012-0226__AD_2012-0226_1__easa_ad_2012_0226.pdf
2012-0229,1,2012-0229,2012-0229,2012-10-31,False,False,,,,2012-0229,True,6aa7109738a75b34,2012-0229__AD_2012-0229_1__easa_ad_2012_0229.pdf
2012-0233,1,2012-0233,2012-0233,2012-11-07,False,False,,,,2012-0233,True,98da9cecdbdfb7f1,2012-0233__AD_2012-0233_1__easa_ad_2012_0233.pdf
2012-0235,1,2012-0235,2012-0235,2012-11-07,False,False,,,,2012-0235,True,4f647f47e6884b8c,2012-0235__AD_2012-0235_2__easa_ad_2012_0235.pdf
2012-0236,1,2012-0236R1,2012-0236R1,2012-12-17,False,False,,,,2012-0236R1,True,752f4eb733b5ae76,2012-0236R1__AD_2012-0236R1_1__easa_ad_2012_0236_R1_superseded.pdf
2012-0244,1,2012-0244R1,2012-0244R1,2013-01-25,False,False,,,,2012-0244R1,True,4b6633ff9379c138,2012-0244R1__AD_2012-0244R1_1__easa_ad_2012_0244_R1_superseded.pdf
2012-0259,1,2012-0259,2012-0259,2012-12-06,False,False,,,,2012-0259,True,71d534e47740b13c,2012-0259__AD_2012-0259_1__easa_ad_2012_0259.pdf
2012-0267,1,2012-0267R3,2012-0267R3,,False,False,,,,2012-0267R3,True,ea8aa34b9abc449e,2012-0267R3__AD_2012-0267R3_1__EASA_AD_2012_0267_R3.pdf
2012-0271,1,2012-0271,2012-0271,2012-12-21,False,False,,,,2012-0271,True,ea927db00a5b716b,2012-0271__AD_2012-0271_1__easa_ad_2012_0271.pdf
2012-0274,1,2012-0274,2012-0274,2012-12-21,False,False,,,,2012-0274,True,cd5ef7d2effab008,2012-0274__AD_2012-0274_1__easa_ad_2012_0274_superseded.pdf
2013-0005,1,2013-0005,2013-0005,2013-01-10,False,False,,,,2013-0005,True,d8a474505a391e9c,2013-0005__AD_2013-0005_1__easa_ad_2013_0005.pdf
2013-0006,1,2013-0006,2013-0006,2013-01-11,False,False,,,,2013-0006,True,a2b284d38f72bbb6,2013-0006__AD_2013-0006_2__easa_ad_2013_0006.pdf
2013-0008,1,2013-0008R1,2013-0008R1,2013-01-22,False,False,,,,2013-0008R1,True,596ac8263dba2c3a,2013-0008R1__AD_2013-0008R1_1__easa_ad_2013_0008_R1_superseded.pdf
2013-0011,1,2013-0011,2013-0011,2013-01-15,False,False,,,,2013-0011,True,5f652dd0aa52e54f,2013-0011__AD_2013-0011_1__easa_ad_2013_0011.pdf
2013-0013,1,2013-0013R1,2013-0013R1,2013-02-20,False,False,,,,2013-0013R1,True,9f42a2c8b160c2e2,2013-0013R1__AD_2013-0013R1_2__easa_ad_2013_0013_R1.pdf
2013-0014,1,2013-0014,2013-0014,2013-01-16,False,False,,,,2013-0014,True,3588574fcbaf8d16,2013-0014__AD_2013-0014_1__easa_ad_2013_0014_superseded.pdf
2013-0016,1,2013-0016,2013-0016,2013-01-16,False,False,,,,2013-0016,True,e6c1fb0875e10235,2013-0016__AD_2013-0016_1__easa_ad_2013_0016.pdf
2013-0021,1,2013-0021,2013-0021,2013-01-31,False,False,,,,2013-0021,True,42801d700da5bf49,2013-0021__AD_2013-0021_1__easa_ad_2013_0021_superseded.pdf
2013-0022,1,2013-0022,2013-0022,2013-02-01,False,False,,,,2013-0022,True,e8ee7d3767056aa6,2013-0022__AD_2013-0022_2__easa_ad_2013_0022_superseded.pdf
2013-0023,1,2013-0023,2013-0023,2013-02-01,False,False,,,,2013-0023,True,107e0644e2f504b6,2013-0023__AD_2013-0023_1__easa_ad_2013_0023_superseded.pdf
2013-0024,1,2013-0024,2013-0024,2013-02-07,False,False,,,,2013-0024,True,a6332965ed557a4a,2013-0024__AD_2013-0024_1__easa_ad_2013_0024_superseded.pdf
2013-0033,1,2013-0033,2013-0033,2013-02-19,False,False,,,,2013-0033,True,9cf52c3488c29fd8,2013-0033__AD_2013-0033_1__easa_ad_2013_0033_superseded.pdf
2013-0039,1,2013-0039,2013-0039,2013-02-26,False,False,,,,2013-0039,True,3193fe7d590cc6c4,2013-0039__AD_2013-0039_1__easa_ad_2013_0039.pdf
2013-0046,1,2013-0046,2013-0046,2013-03-01,False,False,,,,2013-0046,True,18d7e1354aff0420,2013-0046__AD_2013-0046_1__easa_ad_2013_0046.pdf
2013-0048,1,2013-0048,2013-0048,2013-03-04,False,False,,,,2013-0048,True,01114fbd1d7b7856,2013-0048__AD_2013-0048_1__easa_ad_2013_0048.pdf
2013-0050,1,2013-0050,2013-0050,2013-03-05,False,False,,,,2013-0050,True,0f0eb7ed609cf375,2013-0050__AD_2013-0050_1__easa_ad_2013_0050_superseded.pdf
2013-0056,1,2013-0056,2013-0056,2013-03-08,False,False,,,,2013-0056,True,ba27ae562d4cf064,2013-0056__AD_2013-0056_1__easa_ad_2013_0056_Correction.pdf
2013-0058,1,2013-0058,2013-0058,2013-03-11,False,False,,,,2013-0058,True,55d62a5979c4184d,2013-0058__AD_2013-0058_2__easa_ad_2013_0058.pdf
2013-0063,1,2013-0063,2013-0063,2013-03-12,False,False,,,,2013-0063,True,cf5a739bbdc30662,2013-0063__AD_2013-0063_1__easa_ad_2013_0063.pdf
2013-0066,1,2013-0066,2013-0066,2013-03-15,False,False,,,,2013-0066,True,abbfa9bf5e02dac6,2013-0066__AD_2013-0066_2__easa_ad_2013_0066.pdf
2013-0067,1,2013-0067,2013-0067,2013-03-14,False,False,,,,2013-0067,True,3d9c4317617311e8,2013-0067__AD_2013-0067_1__easa_ad_2013_0067_superseded.pdf
2013-0068,1,2013-0068,2013-0068,2013-03-15,False,False,,,,2013-0068,True,d3743f1d76efa751,2013-0068__AD_2013-0068_1__easa_ad_2013_0068.pdf
2013-0072,1,2013-0072,2013-0072,2013-03-20,False,False,,,,2013-0072,True,1c0bee7d1acaabb5,2013-0072__AD_2013-0072_1__EASA_AD_2013-0072_superseded.pdf
2013-0074,1,2013-0074,2013-0074,2013-03-20,False,False,,,,2013-0074,True,76b0e4d6c18a33ac,2013-0074__AD_2013-0074_1__easa_ad_2013_0074_superseded.pdf
2013-0075,1,2013-0075,2013-0075,2013-03-20,False,False,,,,2013-0075,True,60fa2063f0b179d6,2013-0075__AD_2013-0075_1__easa_ad_2013_0075_superseded.pdf
2013-0076,1,2013-0076,2013-0076,2013-03-20,False,False,,,,2013-0076,True,b560140091a5860d,2013-0076__AD_2013-0076_1__easa_ad_2013_0076_superseded.pdf
2013-0089,1,2013-0089R1,2013-0089R1,2014-02-06,False,False,,,,2013-0089R1,True,bebd9f25f985da65,2013-0089R1__AD_2013-0089R1_1__easa_ad_2013_0089_R1.pdf
2013-0092,1,2013-0092,2013-0092,2013-04-15,False,False,,,,2013-0092,True,9f0222cba8c0b3ac,2013-0092__AD_2013-0092_1__easa_ad_2013_0092_superseded.pdf
2013-0094,1,2013-0094,2013-0094,2013-04-16,False,False,,,,2013-0094,True,d2c8f21a6b8d1a81,2013-0094__AD_2013-0094_1__EASA_AD_2013_0094_superseded.pdf
2013-0099,1,2013-0099,2013-0099,2013-04-25,False,False,,,,2013-0099,True,f33716b9a78b85d5,2013-0099__AD_2013-0099_1__easa_ad_2013_0099.pdf
2013-0101,1,2013-0101,2013-0101,2013-04-30,False,False,,,,2013-0101,True,4af01e9d4ebaef6d,2013-0101__AD_2013-0101_1__easa_ad_2013_0101.pdf
2013-0106,1,2013-0106,2013-0106,2013-05-14,False,False,,,,2013-0106,True,b5822f1e23f8d112,2013-0106__AD_2013-0106_1__easa_ad_2013_0106.pdf
2013-0107,1,2013-0107,2013-0107,2013-05-17,False,False,,,,2013-0107,True,bcc1a259c8f3f0e7,2013-0107__AD_2013-0107_1__easa_ad_2013_0107.pdf
2013-0108,1,2013-0108R3,2013-0108R3,2015-06-22,False,False,,,,2013-0108R3,True,68f2d5e1b92ca875,2013-0108R3__AD_2013-0108R3_1__EASA_AD_2013_0108_R3.pdf
2013-0116,1,2013-0116,2013-0116,2013-06-03,False,False,,,,2013-0116,True,b38747db4798514b,2013-0116__AD_2013-0116_1__easa_ad_2013_0116.pdf
2013-0122,1,2013-0122,2013-0122,2013-06-05,False,False,,,,2013-0122,True,cd02731cc55bd651,2013-0122__AD_2013-0122_1__easa_ad_2013_0122_superseded.pdf
2013-0127,1,2013-0127,2013-0127,2013-06-11,False,False,,,,2013-0127,True,7d47d8c89174b2c1,2013-0127__AD_2013-0127_2__easa_ad_2013_0127_superseded.pdf
2013-0129,1,2013-0129,2013-0129,2013-06-21,False,False,,,,2013-0129,True,1356b2a9c2b8276a,2013-0129__AD_2013-0129_1__easa_ad_2013_0129.pdf
2013-0136,1,2013-0136R1,2013-0136R1,2013-07-30,False,False,,,,2013-0136R1,True,83b5ae0a4e05247d,2013-0136R1__AD_2013-0136R1_1__easa_ad_2013_0136_R1.pdf
2013-0137,1,2013-0137,2013-0137,2013-07-09,False,False,,,,2013-0137,True,5c04e2405f7cdd79,2013-0137__AD_2013-0137_1__easa_ad_2013_0137.pdf
2013-0144,1,2013-0144R1,2013-0144R1,2013-08-27,False,False,,,,2013-0144R1,True,7639b70645ea393e,2013-0144R1__AD_2013-0144R1_1__easa_ad_2013_0144_R1_superseded.pdf
2013-0146,1,2013-0146,2013-0146,2013-07-16,False,False,,,,2013-0146,True,4600f5f54deffbfb,2013-0146__AD_2013-0146_1__EASA_AD_2013_0146_superseded.pdf
2013-0147,1,2013-0147,2013-0147,2013-07-16,False,False,,,,2013-0147,True,90ce4983265fe0d4,2013-0147__AD_2013-0147_1__easa_ad_2013_0147_superseded.pdf
2013-0148,1,2013-0148,2013-0148,2013-07-16,False,False,,,,2013-0148,True,7b14e20fe004b8ac,2013-0148__AD_2013-0148_2__EASA_AD_2013_0148_superseded.pdf
2013-0149,1,2013-0149,2013-0149,2013-07-16,False,False,,,,2013-0149,True,2d0cafb40917223a,2013-0149__AD_2013-0149_1__easa_ad_2013_0149.pdf
2013-0150,1,2013-0150R1,2013-0150R1,,False,False,,,,2013-0150R1,True,368b89ba8275899e,2013-0150R1__AD_2013-0150R1_1__EASA_AD_2013_0150_R1.pdf
2013-0153,1,2013-0153,2013-0153,2013-07-18,False,False,,,,2013-0153,True,5be22a166a927cb6,2013-0153__AD_2013-0153_1__easa_ad_2013_0153_superseded.pdf
2013-0158,1,2013-0158,2013-0158,2013-07-22,False,False,,,,2013-0158,True,538fe99c0aff1a2d,2013-0158__AD_2013-0158_1__easa_ad_2013_0158.pdf
2013-0160,1,2013-0160,2013-0160,2013-07-23,False,False,,,,2013-0160,True,7d80e116c8d9d5a1,2013-0160__AD_2013-0160_1__easa_ad_2013_0160.pdf
2013-0161,1,2013-0161,2013-0161,2013-07-25,False,False,,,,2013-0161,True,25199e4780264be3,2013-0161__AD_2013-0161_1__easa_ad_2013_0161.pdf
2013-0163,1,2013-0163,2013-0163,2013-07-24,False,False,,,,2013-0163,True,fcebf5f956fb2dc5,2013-0163__AD_2013-0163_1__easa_ad_2013_0163_superseded.pdf
2013-0164,1,2013-0164,2013-0164,2013-07-25,False,False,,,,2013-0164,True,00d24214cebc8e2e,2013-0164__AD_2013-0164_1__easa_ad_2013_0164.pdf
2013-0165,1,2013-0165,2013-0165,2013-07-25,False,False,,,,2013-0165,True,26201c48722953a0,2013-0165__AD_2013-0165_1__easa_ad_2013_0165.pdf
2013-0167,1,2013-0167,2013-0167,2013-07-26,False,False,,,,2013-0167,True,5c73a9e47aae0dfc,2013-0167__AD_2013-0167_2__easa_ad_2013_0167.pdf
2013-0169,1,2013-0169,2013-0169,2013-08-01,False,False,,,,2013-0169,True,1207978fe1e6249c,2013-0169__AD_2013-0169_1__easa_ad_2013_0169.pdf
2013-0175,1,2013-0175,2013-0175,2013-08-02,False,False,,,,2013-0175,True,9d9e50e10ce8ac15,2013-0175__AD_2013-0175_1__easa_ad_2013_0175.pdf
2013-0179,1,2013-0179,2013-0179,2013-08-07,False,False,,,,2013-0179,True,4b67556c8c1ea758,2013-0179__AD_2013-0179_1__easa_ad_2013_0179.pdf
2013-0180,1,2013-0180,2013-0180,2013-08-09,False,False,,,,2013-0180,True,207618d4998c9728,2013-0180__AD_2013-0180_1__easa_ad_2013_0180.pdf
2013-0181,1,2013-0181R1,2013-0181R1,2013-08-20,False,False,,,,2013-0181R1,True,610075cbd1cca924,2013-0181R1__AD_2013-0181R1_1__easa_ad_2013_0181_R1.pdf
2013-0184,1,2013-0184R2,2013-0184R2,,False,False,,,,2013-0184R2,True,f41877f4105862e6,2013-0184R2__AD_2013-0184R2_1__EASA_AD_2013_0184_R2.pdf
2013-0188,1,2013-0188,2013-0188,2013-08-19,False,False,,,,2013-0188,True,ec42c48352191b25,2013-0188__AD_2013-0188_1__easa_ad_2013_0188.pdf
2013-0193,1,2013-0193,2013-0193,2013-08-23,False,False,,,,2013-0193,True,0188b0cf940bd2cc,2013-0193__AD_2013-0193_2__easa_ad_2013_0193.pdf
2013-0196,1,2013-0196R1,2013-0196R1,2015-01-30,False,False,,,,2013-0196R1,True,063684cb3d66309d,2013-0196R1__AD_2013-0196R1_1__EASA_AD_2013_0196_R1.pdf
2013-0198,1,2013-0198R1,2013-0198R1,2014-05-30,False,False,,,,2013-0198R1,True,2d856c9111acc222,2013-0198R1__AD_2013-0198R1_2__easa_ad_2013_0198_R1_Correction.pdf
2013-0201,1,2013-0201,2013-0201,2013-09-04,False,False,,,,2013-0201,True,645af199f02e5672,2013-0201__AD_2013-0201_1__EASA_AD_2013_0201_cancelled.pdf
2013-0202,1,2013-0202,2013-0202,2013-09-05,False,False,,,,2013-0202,True,2dd47bd623ac9689,2013-0202__AD_2013-0202_1__easa_ad_2013_0202.pdf
2013-0203,1,2013-0203,2013-0203,2013-09-06,False,False,,,,2013-0203,True,41908cc5eaaebcbf,2013-0203__AD_2013-0203_1__easa_ad_2013_0203.pdf
2013-0204,1,2013-0204,2013-0204,2013-09-06,False,False,,,,2013-0204,True,d9969f02fe97b962,2013-0204__AD_2013-0204_1__easa_ad_2013_0204.pdf
2013-0210,1,2013-0210,2013-0210,2013-09-11,False,False,,,,2013-0210,True,b893df2fcef58da1,2013-0210__AD_2013-0210_1__easa_ad_2013_0210_superseded.pdf
2013-0216,1,2013-0216,2013-0216,2013-09-17,False,False,,,,2013-0216,True,7c35b17f7ba6ca26,2013-0216__AD_2013-0216_1__easa_ad_2013_0216.pdf
2013-0219,1,2013-0219,2013-0219,2013-09-17,False,False,,,,2013-0219,True,c8418a209725eeaa,2013-0219__AD_2013-0219_1__easa_ad_2013_0219_superseded.pdf
2013-0220,1,2013-0220,2013-0220,2013-09-18,False,False,,,,2013-0220,True,9c4976fa52bec8c4,2013-0220__AD_2013-0220_1__easa_ad_2013_0220.pdf
2013-0221,1,2013-0221,2013-0221,2013-09-19,False,False,,,,2013-0221,True,9582fe42e8c89dfd,2013-0221__AD_2013-0221_1__easa_ad_2013_0221.pdf
2013-0226,1,2013-0226,2013-0226,2013-09-23,False,False,,,,2013-0226,True,b9e81bf44573c949,2013-0226__AD_2013-0226_1__easa_ad_2013_0226_superseded.pdf
2013-0230,1,2013-0230,2013-0230,2013-09-24,False,False,,,,2013-0230,True,b2fadfc41d1b1e22,2013-0230__AD_2013-0230_2__easa_ad_2013_0230.pdf
2013-0232,1,2013-0232R1,2013-0232R1,2013-10-02,False,False,,,,2013-0232R1,True,0a9436cb5d80bd66,2013-0232R1__AD_2013-0232R1_1__easa_ad_2013_0232R1.pdf
2013-0233,1,2013-0233,2013-0233,2013-09-26,False,False,,,,2013-0233,True,91b4988a7ed78172,2013-0233__AD_2013-0233_1__easa_ad_2013_0233.pdf
2013-0234,1,2013-0234R2,2013-0234R2,2013-10-07,False,False,,,,2013-0234R2,True,9a197fbc37092cfe,2013-0234R2__AD_2013-0234R2_1__easa_ad_2013_0234_R2.pdf
2013-0241,1,2013-0241,2013-0241,2013-10-01,False,False,,,,2013-0241,True,4afb6c0a52a00234,2013-0241__AD_2013-0241_1__easa_ad_2013_0241.pdf
2013-0245,1,2013-0245,2013-0245,2013-10-02,False,False,,,,2013-0245,True,d92403f2e712db53,2013-0245__AD_2013-0245_1__easa_ad_2013_0245_superseded.pdf
2013-0247,1,2013-0247,2013-0247,2013-10-10,False,False,,,,2013-0247,True,1dfcf433293e75d8,2013-0247__AD_2013-0247_1__easa_ad_2013_0247.pdf
2013-0248,1,2013-0248,2013-0248,2013-10-14,False,False,,,,2013-0248,True,8fa059230f578ced,2013-0248__AD_2013-0248_1__easa_ad_2013_0248_superseded.pdf
2013-0250,1,2013-0250R1,2013-0250R1,2013-10-31,False,False,,,,2013-0250R1,True,b9538e84e65cbe3e,2013-0250R1__AD_2013-0250R1_1__easa_ad_2013_0250_R1_superseded.pdf
2013-0251,1,2013-0251,2013-0251,2023-12-01,False,False,,,,2013-0251,True,d77d35a9dd26a777,2013-0251-CN__AD_2013-0251-CN_1__EASA_AD_2013_0251_CN.pdf
2013-0256,1,2013-0256,2013-0256,2013-10-21,False,False,,,,2013-0256,True,f3e06c0667f4ff94,2013-0256__AD_2013-0256_1__easa_ad_2013_0256.pdf
2013-0257,1,2013-0257,2013-0257,2013-10-21,False,False,,,,2013-0257,True,9bcea1c875c1daa8,2013-0257__AD_2013-0257_2__easa_ad_2013_0257.pdf
2013-0261,1,2013-0261,2013-0261,2013-10-28,False,False,,,,2013-0261,True,5d7ec83894ffb796,2013-0261__AD_2013-0261_1__EASA_AD_2013_0261_superseded.pdf
2013-0266,1,2013-0266R1,2013-0266R1,2014-02-14,False,False,,,,2013-0266R1,True,2778f1a7a0120307,2013-0266R1__AD_2013-0266R1_1__easa_ad_2013_0266_R1.pdf
2013-0267,1,2013-0267R1,2013-0267R1,2014-03-04,False,False,,,,2013-0267R1,True,8186df3742d1190a,2013-0267R1__AD_2013-0267R1_1__easa_ad_2013_0267_R1_Correction.pdf
2013-0268,1,2013-0268,2013-0268,2013-11-07,False,False,,,,2013-0268,True,e9bd00fdbe8347d7,2013-0268__AD_2013-0268_2__easa_ad_2013_0268_superseded.pdf
2013-0269,1,2013-0269,2013-0269,2013-11-07,False,False,,,,2013-0269,True,07122c4e8a54c449,2013-0269__AD_2013-0269_1__easa_ad_2013_0269_superseded.pdf
2013-0270,1,2013-0270R1,2013-0270R1,2013-11-27,False,False,,,,2013-0270R1,True,30ce66089a51ad44,2013-0270R1__AD_2013-0270R1_1__easa_ad_2013_0270_R1.pdf
2013-0271,1,2013-0271,2013-0271,2013-11-14,False,False,,,,2013-0271,True,fc4af5727452e8df,2013-0271__AD_2013-0271_1__EASA_AD_2013_0271_superseded.pdf
2013-0272,1,2013-0272,2013-0272,2013-11-14,False,False,,,,2013-0272,True,e96e1c6653e870fe,2013-0272__AD_2013-0272_1__easa_ad_2013_0272.pdf
2013-0274,1,2013-0274,2013-0274,2013-11-15,False,False,,,,2013-0274,True,db3e4fdc79b5780a,2013-0274__AD_2013-0274_2__easa_ad_2013_0274.pdf
2013-0277,1,2013-0277R1,2013-0277R1,2013-12-04,False,False,,,,2013-0277R1,True,5f692f6f61e2967e,2013-0277R1__AD_2013-0277R1_1__easa_ad_2013_0277_R1.pdf
2013-0278,1,2013-0278,2013-0278,2013-11-26,False,False,,,,2013-0278,True,e51bfcda7d5aa7ff,2013-0278__AD_2013-0278_1__easa_ad_2013_0278_superseded.pdf
2013-0283,1,2013-0283R1,2013-0283R1,2013-12-09,False,False,,,,2013-0283R1,True,b76da1cc26621d30,2013-0283R1__AD_2013-0283R1_1__easa_ad_2013_0283_R1_Correction.pdf
2013-0285,1,2013-0285,2013-0285,2013-12-04,False,False,,,,2013-0285,True,4f93465d2d4c711f,2013-0285__AD_2013-0285_1__easa_ad_2013_0285.pdf
2013-0286,1,2013-0286R1,2013-0286R1,2014-06-06,False,False,,,,2013-0286R1,True,157433f2db1a1d97,2013-0286R1__AD_2013-0286R1_2__easa_ad_2013_0286_R1.pdf
2013-0288,1,2013-0288,2013-0288,2013-12-06,False,False,,,,2013-0288,True,78e0fc2cbd550574,2013-0288__AD_2013-0288_1__easa_ad_2013_0288_superseded.pdf
2013-0291,1,2013-0291,2013-0291,2013-12-09,False,False,,,,2013-0291,True,c4b0d9dd9a49f999,2013-0291__AD_2013-0291_1__easa_ad_2013_0291.pdf
2013-0292,1,2013-0292,2013-0292,2013-12-13,False,False,,,,2013-0292,True,321d95a9d4f8be0c,2013-0292__AD_2013-0292_1__easa_ad_2013_0292.pdf
2013-0295,1,2013-0295,2013-0295,2013-12-11,False,False,,,,2013-0295,True,2787d3d2978d017e,2013-0295__AD_2013-0295_1__easa_ad_2013_0295_superseded.pdf
2013-0297,1,2013-0297,2013-0297,2013-12-13,False,False,,,,2013-0297,True,0b39ffe13ebc49aa,2013-0297__AD_2013-0297_1__easa_ad_2013_0297.pdf
2013-0302,1,2013-0302,2013-0302,2013-12-19,False,False,,,,2013-0302,True,bf415730dc185d84,2013-0302__AD_2013-0302_2__easa_ad_2013_0302.pdf
2013-0309,1,2013-0309,2013-0309,2013-12-20,False,False,,,,2013-0309,True,86be40eab82113c3,2013-0309__AD_2013-0309_1__easa_ad_2013_0309_superseded.pdf
2013-0310,1,2013-0310,2013-0310,2013-12-20,False,False,,,,2013-0310,True,25ef6e500344d6a3,2013-0310__AD_2013-0310_1__EASA_AD_2013_0310_superseded.pdf
2014-0009,1,2014-0009,2014-0009,2014-01-08,False,False,,,,2014-0009,True,cc1c5f02a6f9fa7f,2014-0009__AD_2014-0009_1__easa_ad_2014_0009_superseded.pdf
2014-0010,1,2014-0010R1,2014-0010R1,2014-05-05,False,False,,,,2014-0010R1,True,0803c84e81aaac4e,2014-0010R1__AD_2014-0010R1_1__easa_ad_2014_0010_R1.pdf
2014-0011,1,2014-0011R1,2014-0011R1,2014-01-17,False,False,,,,2014-0011R1,True,a92cee3a82bcccb8,2014-0011R1__AD_2014-0011R1_1__easa_ad_2014_0011_R1_superseded.pdf
2014-0012,1,2014-0012R1,2014-0012R1,2014-01-24,False,False,,,,2014-0012R1,True,e64f97db70a2f129,2014-0012R1__AD_2014-0012R1_1__easa_ad_2014_0012_R1_superseded.pdf
2014-0014,1,2014-0014,2014-0014,2014-01-14,False,False,,,,2014-0014,True,2918b8c86f7bd90d,2014-0014__AD_2014-0014_1__easa_ad_2014_0014.pdf
2014-0016,1,2014-0016R6,2014-0016R6,,False,False,,,,2014-0016R6,True,bcaf8d3616dac689,2014-0016R6__AD_2014-0016R6_1__EASA_AD_2014_0016_R6.pdf
2014-0017,1,2014-0017,2014-0017,2014-01-17,False,False,,,,2014-0017,True,0eb6e5d11652249f,2014-0017__AD_2014-0017_1__easa_ad_2014_0017.pdf
2014-0018,1,2014-0018R1,2014-0018R1,2014-01-20,False,False,,,,2014-0018R1,True,5a78963ef5813d93,2014-0018R1__AD_2014-0018R1_2__easa_ad_2014_0018_R1_Correction.pdf
2014-0025,1,2014-0025R1,2014-0025R1,2014-05-26,False,False,,,,2014-0025R1,True,e2d6b74b9aaad342,2014-0025R1__AD_2014-0025R1_1__easa_ad_2014_0025_R1.pdf
2014-0026,1,2014-0026,2014-0026,2014-01-28,False,False,,,,2014-0026,True,5e8f3a0f217173f7,2014-0026__AD_2014-0026_1__easa_ad_2014_0026.pdf
2014-0033,1,2014-0033,2014-0033,2014-02-04,False,False,,,,2014-0033,True,89059cfe09f9ae89,2014-0033__AD_2014-0033_1__easa_ad_2014_0033.pdf
2014-0034,1,2014-0034,2014-0034,2014-02-05,False,False,,,,2014-0034,True,eed06f41cc2df76d,2014-0034__AD_2014-0034_1__easa_ad_2014_0034_superseded.pdf
2014-0041,1,2014-0041,2014-0041,2014-02-24,False,False,,,,2014-0041,True,b0ec6a4f7cc9b91b,2014-0041__AD_2014-0041_1__easa_ad_2014_0041.pdf
2014-0045,1,2014-0045,2014-0045,2014-02-25,False,False,,,,2014-0045,True,c177a9861e1b7aef,2014-0045__AD_2014-0045_1__easa_ad_2014_0045_Correction.pdf
2014-0049,1,2014-0049R2,2014-0049R2,,False,False,,,,2014-0049R2,True,7948866538c1c401,2014-0049R2__AD_2014-0049R2_1__EASA_AD_2014_0049_R2.pdf
2014-0050,1,2014-0050R1,2014-0050R1,2014-08-06,False,False,,,,2014-0050R1,True,14b5195d0292c103,2014-0050R1__AD_2014-0050R1_1__easa_ad_2014_0050_R1.pdf
2014-0053,1,2014-0053,2014-0053,2014-03-07,False,False,,,,2014-0053,True,8ee5ba1f93bc99a1,2014-0053__AD_2014-0053_1__easa_ad_2014_0053.pdf
2014-0058,1,2014-0058,2014-0058,2014-03-11,False,False,,,,2014-0058,True,bf266b3074ca259c,2014-0058__AD_2014-0058_1__easa_ad_2014_0058_superseded.pdf
2014-0062,1,2014-0062,2014-0062,2014-03-11,False,False,,,,2014-0062,True,58916308a3527d59,2014-0062__AD_2014-0062_1__easa_ad_2014_0062.pdf
2014-0064,1,2014-0064,2014-0064,2014-03-14,False,False,,,,2014-0064,True,3591006d15caec61,2014-0064__AD_2014-0064_1__easa_ad_2014_0064.pdf
2014-0065,1,2014-0065,2014-0065,2014-03-14,False,False,,,,2014-0065,True,3bd04998228b947a,2014-0065__AD_2014-0065_1__easa_ad_2014_0065.pdf
2014-0066,1,2014-0066,2014-0066,2014-03-14,False,False,,,,2014-0066,True,e1421ff5879769fe,2014-0066__AD_2014-0066_1__easa_ad_2014_0066_Correction_superseded.pdf
2014-0068,1,2014-0068R2,2014-0068R2,,False,False,,,,2014-0068R2,True,cd25f9d246c0fd87,2014-0068R2__AD_2014-0068R2_1__EASA_AD_2014_0068_R2.pdf
2014-0069,1,2014-0069,2014-0069,2014-03-19,False,False,,,,2014-0069,True,02d2f5802393767a,2014-0069__AD_2014-0069_1__easa_ad_2014_0069_superseded.pdf
2014-0077,1,2014-0077,2014-0077,2014-03-27,False,False,,,,2014-0077,True,a538a0edc8886fea,2014-0077__AD_2014-0077_2__easa_ad_2014_0077.pdf
2014-0081,1,2014-0081,2014-0081,2014-03-31,False,False,,,,2014-0081,True,53fdb82512e69ecc,2014-0081__AD_2014-0081_1__easa_ad_2014_0081_superseded.pdf
2014-0090,1,2014-0090,2014-0090,2014-04-17,False,False,,,,2014-0090,True,2c96a930689ee2f7,2014-0090__AD_2014-0090_1__easa_ad_2014_0090.pdf
2014-0096,1,2014-0096,2014-0096,2014-04-23,False,False,,,,2014-0096,True,0d9f161fbc12d9b8,2014-0096__AD_2014-0096_1__easa_ad_2014_0096_superseded.pdf
2014-0101,1,2014-0101,2014-0101,2014-05-02,False,False,,,,2014-0101,True,1bb245bcef1e103d,2014-0101__AD_2014-0101_1__easa_ad_2014_0101.pdf
2014-0103,1,2014-0103,2014-0103,2014-05-06,False,False,,,,2014-0103,True,6fd394b8ec46c350,2014-0103__AD_2014-0103_1__easa_ad_2014_0103.pdf
2014-0117,1,2014-0117,2014-0117,2014-05-12,False,False,,,,2014-0117,True,9734c154a6d19f6f,2014-0117__AD_2014-0117_1__easa_ad_2014_0117.pdf
2014-0119,1,2014-0119,2014-0119,2014-05-13,False,False,,,,2014-0119,True,82ed7b3fd872d34f,2014-0119__AD_2014-0119_1__easa_ad_2014_0119.pdf
2014-0120,1,2014-0120R1,2014-0120R1,2015-08-31,False,False,,,,2014-0120R1,True,4352e41c5126b7ba,2014-0120R1__AD_2014-0120R1_1__EASA_AD_2014_0120_R1_superseded.pdf
2014-0121,1,2014-0121,2014-0121,2014-05-14,False,False,,,,2014-0121,True,5f8194404576aa5b,2014-0121__AD_2014-0121_1__easa_ad_2014_0121_superseded.pdf
2014-0124,1,2014-0124R1,2014-0124R1,2015-06-23,False,False,,,,2014-0124R1,True,e74a4c28fefdfc07,2014-0124R1__AD_2014-0124R1_1__EASA_AD_2014_0124_R1_superseded.pdf
2014-0127,1,2014-0127,2014-0127,2014-05-15,False,False,,,,2014-0127,True,53b22cd7b0b519fc,2014-0127__AD_2014-0127_1__easa_ad_2014_0127.pdf
2014-0131,1,2014-0131,2014-0131,2014-05-22,False,False,,,,2014-0131,True,38c9a04d2eddf0a0,2014-0131__AD_2014-0131_1__easa_ad_2014_0131.pdf
2014-0136,1,2014-0136,2014-0136,2014-06-13,False,False,,,,2014-0136,True,42027a79a1dde4ed,2014-0136__AD_2014-0136_1__easa_ad_2014_0136_superseded.pdf
2014-0137,1,2014-0137,2014-0137,2014-05-28,False,False,,,,2014-0137,True,b1981386d389e213,2014-0137__AD_2014-0137_1__easa_ad_2014_0137_Correction.pdf
2014-0141,1,2014-0141,2014-0141,2014-06-04,False,False,,,,2014-0141,True,6bc4e1adc6f82ee0,2014-0141__AD_2014-0141_1__easa_ad_2014_0141_superseded.pdf
2014-0146,1,2014-0146,2014-0146,2014-06-11,False,False,,,,2014-0146,True,52f1a672a0bd59c6,2014-0146__AD_2014-0146_1__easa_ad_2014_0146.pdf
2014-0147,1,2014-0147,2014-0147,2014-06-11,False,False,,,,2014-0147,True,e733132f19f0af39,2014-0147__AD_2014-0147_2__EASA_AD_2014_0147_superseded.pdf
2014-0148,1,2014-0148,2014-0148,2014-06-13,False,False,,,,2014-0148,True,f1c694a207a723c4,2014-0148__AD_2014-0148_1__easa_ad_2014_0148.pdf
2014-0149,1,2014-0149,2014-0149,2014-06-13,False,False,,,,2014-0149,True,cfd801bf4b52b719,2014-0149__AD_2014-0149_1__easa_ad_2014_0149_superseded.pdf
2014-0153,1,2014-0153R1,2014-0153R1,2015-08-06,False,False,,,,2014-0153R1,True,9bdfcd44f005462b,2014-0153R1__AD_2014-0153R1_1__EASA_AD_2014_0153_R1.pdf
2014-0154,1,2014-0154,2014-0154,2014-07-02,False,False,,,,2014-0154,True,723ddc346490674e,2014-0154__AD_2014-0154_2__easa_ad_2014_0154_Superseded.pdf
2014-0156,1,2014-0156,2014-0156,2014-07-03,False,False,,,,2014-0156,True,cab04d3fb41a1c38,2014-0156__AD_2014-0156_2__easa_ad_2014_0156.pdf
2014-0161,1,2014-0161,2014-0161,2014-07-10,False,False,,,,2014-0161,True,31d6937f876325b4,2014-0161__AD_2014-0161_2__easa_ad_2014_0161.pdf
2014-0164,1,2014-0164R1,2014-0164R1,,False,False,,,,2014-0164R1,True,629026fb6df51f4b,2014-0164R1__AD_2014-0164R1_1__EASA_AD_2014_0164_R1_C1_superseded.pdf
2014-0166,1,2014-0166,2014-0166,2014-07-16,False,False,,,,2014-0166,True,12dbac9425d2c6dc,2014-0166__AD_2014-0166_1__easa_ad_2014_0166_superseded.pdf
2014-0169,1,2014-0169,2014-0169,2014-07-17,False,False,,,,2014-0169,True,05acafaf50e83063,2014-0169__AD_2014-0169_1__EASA_AD_2014_0169_Correction_superseded.pdf
2014-0171,1,2014-0171R1,2014-0171R1,2015-01-26,False,False,,,,2014-0171R1,True,b1693745c463d0b8,2014-0171R1__AD_2014-0171R1_1__EASA_AD_2014_0171_R1_superseded.pdf
2014-0173,1,2014-0173R1,2014-0173R1,2014-09-02,False,False,,,,2014-0173R1,True,04793976b2105205,2014-0173R1__AD_2014-0173R1_1__easa_ad_2014_0173_R1.pdf
2014-0174,1,2014-0174,2014-0174,2014-07-23,False,False,,,,2014-0174,True,e7a0a6fffd479c75,2014-0174__AD_2014-0174_1__easa_ad_2014_0174.pdf
2014-0176,1,2014-0176,2014-0176,2014-07-25,False,False,,,,2014-0176,True,7e293272b23f6218,2014-0176__AD_2014-0176_1__easa_ad_2014_0176_superseded.pdf
2014-0177,1,2014-0177,2014-0177,2014-07-25,False,False,,,,2014-0177,True,521aa607b623a5a6,2014-0177__AD_2014-0177_1__easa_ad_2014_0177_superseded.pdf
2014-0178,1,2014-0178,2014-0178,2014-07-25,False,False,,,,2014-0178,True,a9b88957654f9c62,2014-0178__AD_2014-0178_2__easa_ad_2014_0178.pdf
2014-0186,1,2014-0186,2014-0186,2014-08-19,False,False,,,,2014-0186,True,e0c81dea1a9df1bd,2014-0186__AD_2014-0186_1__easa_ad_2014_0186.pdf
2014-0191,1,2014-0191,2014-0191,2014-08-29,False,False,,,,2014-0191,True,834030d41ba51174,2014-0191__AD_2014-0191_1__easa_ad_2014_0191.pdf
2014-0193,1,2014-0193,2014-0193,2014-10-15,False,False,,,,2014-0193,True,c84f40a34f94d33e,2014-0193__AD_2014-0193_2__easa_ad_2014_0193.pdf
2014-0194,1,2014-0194,2014-0194,2014-10-15,False,False,,,,2014-0194,True,7f752bf6bf1e1e37,2014-0194__AD_2014-0194_1__easa_ad_2014_0194.pdf
2014-0195,1,2014-0195,2014-0195,2014-10-15,False,False,,,,2014-0195,True,f2e344ba90b1ca7a,2014-0195__AD_2014-0195_1__easa_ad_2014_0195.pdf
2014-0197,1,2014-0197R1,2014-0197R1,,False,False,,,,2014-0197R1,True,d4675a878d3a7bb6,2014-0197R1__AD_2014-0197R1_1__EASA_AD_2014_0197_R1.pdf
2014-0198,1,2014-0198,2014-0198,2014-09-05,False,False,,,,2014-0198,True,6bc4cbe7cff8da32,2014-0198__AD_2014-0198_1__easa_ad_2014_0198.pdf
2014-0199,1,2014-0199,2014-0199,2014-09-05,False,False,,,,2014-0199,True,2ca6e20293d77dd5,2014-0199__AD_2014-0199_1__easa_ad_2014_0199_superseded.pdf
2014-0200,1,2014-0200R1,2014-0200R1,2014-09-19,False,False,,,,2014-0200R1,True,f8cfb303f1dbf1ef,2014-0200R1__AD_2014-0200R1_1__easa_ad_2014_0200_R1_superseded.pdf
2014-0202,1,2014-0202R1,2014-0202R1,2014-09-19,False,False,,,,2014-0202R1,True,2a0385e6533c5ffb,2014-0202R1__AD_2014-0202R1_1__easa_ad_2014_0202_R1_superseded.pdf
2014-0205,1,2014-0205R2,2014-0205R2,,False,False,,,,2014-0205R2,True,3cb8df99a644fd7b,2014-0205R2__AD_2014-0205R2_1__EASA_AD_2014_0205_R2.pdf
2014-0207,1,2014-0207,2014-0207,2014-09-16,False,False,,,,2014-0207,True,6ea919e92da34826,2014-0207__AD_2014-0207_1__easa_ad_2014_0207_Correction.pdf
2014-0208,1,2014-0208,2014-0208,2014-09-16,False,False,,,,2014-0208,True,0b3e597169accd61,2014-0208__AD_2014-0208_1__easa_ad_2014_0208.pdf
2014-0209,1,2014-0209,2014-0209,2014-09-19,False,False,,,,2014-0209,True,b4ec86bdf44a9e36,2014-0209__AD_2014-0209_1__EASA_AD_2014_0209_superseded.pdf
2014-0213,1,2014-0213R1,2014-0213R1,,False,False,,,,2014-0213R1,True,9ebe5a02966c4ad4,2014-0213R1__AD_2014-0213R1_1__EASA_AD_2014_0213_R1.pdf
2014-0217,1,2014-0217R1,2014-0217R1,2015-02-26,False,False,,,,2014-0217R1,True,90878dd19ae405bb,2014-0217R1__AD_2014-0217R1_1__EASA_AD_2014_0217_R1_superseded.pdf
2014-0219,1,2014-0219,2014-0219,2014-09-29,False,False,,,,2014-0219,True,10040a2206f44f6a,2014-0219__AD_2014-0219_1__easa_ad_2014_0219.pdf
2014-0221,1,2014-0221R1,2014-0221R1,,False,False,,,,2014-0221R1,True,bd04c96449d26680,2014-0221R1__AD_2014-0221R1_1__EASA_AD_2014_0221_R1.pdf
2014-0222,1,2014-0222,2014-0222,2014-10-06,False,False,,,,2014-0222,True,33efac390f701db6,2014-0222__AD_2014-0222_1__easa_ad_2014_0222.pdf
2014-0228,1,2014-0228,2014-0228,2014-10-20,False,False,,,,2014-0228,True,dd90fcc06142b701,2014-0228__AD_2014-0228_1__easa_ad_2014_0228.pdf
2014-0234,1,2014-0234R1,2014-0234R1,2014-12-11,False,False,,,,2014-0234R1,True,90f2937a2e393a23,2014-0234R1__AD_2014-0234R1_1__easa_ad_2014_0234_R1_superseded.pdf
2014-0242,1,2014-0242,2014-0242,2014-11-05,False,False,,,,2014-0242,True,35b0c3b936fc858a,2014-0242__AD_2014-0242_1__EASA_AD_2014_0242_superseded.pdf
2014-0247,1,2014-0247,2014-0247,2014-11-17,False,False,,,,2014-0247,True,98e82c8a1f855c6d,2014-0247__AD_2014-0247_1__easa_ad_2014_0247.pdf
2014-0248,1,2014-0248,2014-0248,2014-11-19,False,False,,,,2014-0248,True,6093c016fa01e8a0,2014-0248__AD_2014-0248_1__easa_ad_2014_0248.pdf
2014-0251,1,2014-0251R1,2014-0251R1,2014-12-17,False,False,,,,2014-0251R1,True,9b95b680257dc636,2014-0251R1__AD_2014-0251R1_1__easa_ad_2014_0251_R1_superseded.pdf
2014-0252,1,2014-0252,2014-0252,2014-11-20,False,False,,,,2014-0252,True,84ed9fb08d876fa8,2014-0252__AD_2014-0252_1__easa_ad_2014_0252.pdf
2014-0253,1,2014-0253R1,2014-0253R1,2014-12-10,False,False,,,,2014-0253R1,True,a6d5374a305b0e75,2014-0253R1__AD_2014-0253R1_1__easa_ad_2014_0253_R1.pdf
2014-0256,1,2014-0256,2014-0256,2014-11-26,False,False,,,,2014-0256,True,c80ebac8aee84b58,2014-0256__AD_2014-0256_1__easa_ad_2014_0256.pdf
2014-0257,1,2014-0257,2014-0257,2021-11-17,False,False,,,,2014-0257,True,66ed1486e0ae9268,2014-0257-CN__AD_2014-0257-CN_1__EASA_AD_2014_0257_CN.pdf
2014-0258,1,2014-0258,2014-0258,2014-11-28,False,False,,,,2014-0258,True,58f7f354f348e483,2014-0258__AD_2014-0258_1__easa_ad_2014_0258.pdf
2014-0259,1,2014-0259,2014-0259,2014-12-05,False,False,,,,2014-0259,True,582738beb98f8792,2014-0259__AD_2014-0259_1__EASA_AD_2014_0259_superseded.pdf
2014-0260,1,2014-0260,2014-0260,2014-12-05,False,False,,,,2014-0260,True,54f1d95e406ec22c,2014-0260__AD_2014-0260_1__easa_ad_2014_0260_superseded.pdf
2014-0265,1,2014-0265,2014-0265,2014-12-09,False,False,,,,2014-0265,True,90f366ce88feb9a6,2014-0265__AD_2014-0265_1__easa_ad_2014_0265.pdf
2014-0270,1,2014-0270R1,2014-0270R1,2014-12-15,False,False,,,,2014-0270R1,True,d98ef15cff9cd0e3,2014-0270R1__AD_2014-0270R1_1__easa_ad_2014_0270_R1_superseded.pdf
2014-0272,1,2014-0272R1,2014-0272R1,,False,False,,,,2014-0272R1,True,21e75afc68e38751,2014-0272R1__AD_2014-0272R1_1__EASA_AD_2014_0272_R1.pdf
2014-0273,1,2014-0273,2014-0273,2014-12-17,False,False,,,,2014-0273,True,8896d43b0599460f,2014-0273__AD_2014-0273_1__easa_ad_2014_0273_superseded.pdf
2014-0274,1,2014-0274,2014-0274,2014-12-18,False,False,,,,2014-0274,True,0e0ef048d13f5406,2014-0274__AD_2014-0274_1__easa_ad_2014_0274.pdf
2014-0275,1,2014-0275R1,2014-0275R1,2015-01-19,False,False,,,,2014-0275R1,True,c3a72ed6677aa74a,2014-0275R1__AD_2014-0275R1_1__EASA_AD_2014_0275_R1_superseded.pdf
2014-0276,1,2014-0276,2014-0276,2014-12-19,False,False,,,,2014-0276,True,106be30db326b364,2014-0276__AD_2014-0276_1__easa_ad_2014_0276.pdf
2014-0277,1,2014-0277,2014-0277,2014-12-19,False,False,,,,2014-0277,True,d97b1fff0a7731a5,2014-0277__AD_2014-0277_1__EASA_AD_2014_0277_superseded.pdf
2014-0278,1,2014-0278,2014-0278,2014-12-19,False,False,,,,2014-0278,True,4b174c8160060bc0,2014-0278__AD_2014-0278_1__easa_ad_2014_0278_superseded.pdf
2014-0280,1,2014-0280,2014-0280,2014-12-19,False,False,,,,2014-0280,True,be8e7e41d106f858,2014-0280__AD_2014-0280_1__easa_ad_2014_0280_superseded.pdf
2014-0281,1,2014-0281,2014-0281,2014-12-22,False,False,,,,2014-0281,True,42d8a3f170121fa5,2014-0281__AD_2014-0281_1__easa_ad_2014_0281_superseded.pdf
2015-0001,1,2015-0001R1,2015-0001R1,2015-01-15,False,False,,,,2015-0001R1,True,7d151f3e39550748,2015-0001R1__AD_2015-0001R1_1__easa_ad_2015_0001_R1_superseded.pdf
2015-0002,1,2015-0002,2015-0002,2015-01-08,False,False,,,,2015-0002,True,fd5ad0f633b5840e,2015-0002__AD_2015-0002_1__easa_ad_2015_0002_superseded.pdf
2015-0003,1,2015-0003,2015-0003,2015-01-08,False,False,,,,2015-0003,True,311f48af5da558fc,2015-0003__AD_2015-0003_1__easa_ad_2015_0003.pdf
2015-0004,1,2015-0004,2015-0004,2015-01-13,False,False,,,,2015-0004,True,f03274d454c264dd,2015-0004__AD_2015-0004_1__easa_ad_2015_0004.pdf
2015-0008,1,2015-0008,2015-0008,2015-01-15,False,False,,,,2015-0008,True,b9d5c8f3f20dadb5,2015-0008__AD_2015-0008_2__easa_ad_2015_0008.pdf
2015-0009,1,2015-0009,2015-0009,2015-01-16,False,False,,,,2015-0009,True,34fc61d4cb75c2a2,2015-0009__AD_2015-0009_1__easa_ad_2015_0009.pdf
2015-0021,1,2015-0021,2015-0021,2015-02-13,False,False,,,,2015-0021,True,ad6cc561a6276f92,2015-0021__AD_2015-0021_1__EASA_AD_2015_0021_superseded.pdf
2015-0026,1,2015-0026R1,2015-0026R1,2015-08-17,False,False,,,,2015-0026R1,True,3e83ea28ebbc056e,2015-0026R1__AD_2015-0026R1_1__EASA_AD_2015_0026_R1.pdf
2015-0028,1,2015-0028R1,2015-0028R1,2015-05-29,False,False,,,,2015-0028R1,True,a21a24da9a5ad247,2015-0028R1__AD_2015-0028R1_1__EASA_AD_2015_0028_R1.pdf
2015-0036,1,2015-0036R4,2015-0036R4,,False,False,,,,2015-0036R4,True,d6910cbc0a7c2060,2015-0036R4__AD_2015-0036R4_1__EASA_AD_2015_0036_R4.pdf
2015-0037,1,2015-0037,2015-0037,2015-03-02,False,False,,,,2015-0037,True,d9841e992a456033,2015-0037__AD_2015-0037_1__EASA_AD_2015_0037.pdf
2015-0038,1,2015-0038R1,2015-0038R1,,False,False,,,,2015-0038R1,True,43465e4dbff4dadb,2015-0038R1__AD_2015-0038R1_1__EASA_AD_2015_0038_R1_superseded.pdf
2015-0047,1,2015-0047,2015-0047,2015-03-16,False,False,,,,2015-0047,True,1bc2a28c4c4acd0e,2015-0047__AD_2015-0047_1__EASA_AD_2015_0047_C1_superseded.pdf
2015-0051,1,2015-0051,2015-0051,2015-03-25,False,False,,,,2015-0051,True,505d3f5e045eb3fe,2015-0051__AD_2015-0051_1__EASA_AD_2015_0051.pdf
2015-0062,1,2015-0062,2015-0062,2015-04-22,False,False,,,,2015-0062,True,2bd55121e563c539,2015-0062__AD_2015-0062_1__EASA_AD_2015_0062.pdf
2015-0079,1,2015-0079,2015-0079,2015-05-07,False,False,,,,2015-0079,True,fb73f3ddab62a494,2015-0079__AD_2015-0079_1__EASA_AD_2015_0079.pdf
2015-0080,1,2015-0080,2015-0080,2015-05-07,False,False,,,,2015-0080,True,f7096971f5d3e7e2,2015-0080__AD_2015-0080_1__EASA_AD_2015_0080_superseded.pdf
2015-0081,1,2015-0081,2015-0081,2022-10-07,False,False,,,,2015-0081,True,d87939e98b8bd64d,2015-0081-CN__AD_2015-0081-CN_1__EASA_AD_2015_0081_CN.pdf
2015-0082,1,2015-0082,2015-0082,2015-05-11,False,False,,,,2015-0082,True,a290d9b59b5bb04b,2015-0082__AD_2015-0082_1__EASA_AD__2015_0082.pdf
2015-0083,1,2015-0083,2015-0083,2015-05-12,False,False,,,,2015-0083,True,07ddf6fa631649d1,2015-0083__AD_2015-0083_1__EASA_AD_2015_0083_superseded.pdf
2015-0084,1,2015-0084,2015-0084,2015-05-13,False,False,,,,2015-0084,True,4a665b3ba1015a1a,2015-0084__AD_2015-0084_1__EASA_AD_2015_0084_C1.pdf
2015-0085,1,2015-0085,2015-0085,2015-05-13,False,False,,,,2015-0085,True,05352fcbe2d9afa0,2015-0085__AD_2015-0085_1__EASA_AD_2015_0085.pdf
2015-0087,1,2015-0087,2015-0087,2015-05-22,False,False,,,,2015-0087,True,435215327d76fdce,2015-0087__AD_2015-0087_1__EASA_AD_2015_0087_superseded.pdf
2015-0088,1,2015-0088R1,2015-0088R1,2015-06-02,False,False,,,,2015-0088R1,True,b294d7fd252cc7d9,2015-0088R1__AD_2015-0088R1_1__EASA_AD_2015_0088_R1_superseded.pdf
2015-0089,1,2015-0089,2015-0089,2015-05-22,False,False,,,,2015-0089,True,38e2b0f85e35ccd0,2015-0089__AD_2015-0089_1__EASA_AD_2015_0089_superseded.pdf
2015-0101,1,2015-0101R1,2015-0101R1,2015-06-12,False,False,,,,2015-0101R1,True,6171e51c8b20de06,2015-0101R1__AD_2015-0101R1_1__EASA_AD_2015_0101_R1.pdf
2015-0114,1,2015-0114,2015-0114,2015-06-22,False,False,,,,2015-0114,True,dc0a8d283cafd0e0,2015-0114__AD_2015-0114_1__EASA_AD_2015_0114_superseded.pdf
2015-0115,1,2015-0115,2015-0115,2015-06-23,False,False,,,,2015-0115,True,90da8874653aa435,2015-0115__AD_2015-0115_2__EASA_AD_2015_0115_superseded.pdf
2015-0117,1,2015-0117,2015-0117,2015-06-24,False,False,,,,2015-0117,True,a9983cdb79b9c72f,2015-0117__AD_2015-0117_1__EASA_AD_2015_0117_CORR.pdf
2015-0118,1,2015-0118,2015-0118,2015-06-24,False,False,,,,2015-0118,True,052fb87c87edf1b7,2015-0118__AD_2015-0118_1__EASA_AD_2015_0118.pdf
2015-0119,1,2015-0119,2015-0119,2015-07-08,False,False,,,,2015-0119,True,8aa125a9d0098cd2,2015-0119__AD_2015-0119_1__EASA_AD_2015_0119_CORR.pdf
2015-0120,1,2015-0120R1,2015-0120R1,,False,False,,,,2015-0120R1,True,3c63fc156122be23,2015-0120R1__AD_2015-0120R1_1__EASA_AD_2015_0120_R1.pdf
2015-0123,1,2015-0123,2015-0123,2015-06-26,False,False,,,,2015-0123,True,5503c3db762fc03d,2015-0123__AD_2015-0123_1__EASA_AD_2015_0123.pdf
2015-0124,1,2015-0124R3,2015-0124R3,,False,False,,,,2015-0124R3,True,3627e07adfe8a835,2015-0124R3__AD_2015-0124R3_1__EASA_AD_2015_0124_R3.pdf
2015-0125,1,2015-0125,2015-0125,2015-07-01,False,False,,,,2015-0125,True,bd070d59861a0ae8,2015-0125__AD_2015-0125_1__EASA_AD_2015_0125_C1.pdf
2015-0126,1,2015-0126,2015-0126,2015-07-01,False,False,,,,2015-0126,True,461f53817fab4335,2015-0126__AD_2015-0126_1__EASA_AD_2015_0126.pdf
2015-0131,1,2015-0131,2015-0131,2015-07-07,False,False,,,,2015-0131,True,493a7c719022bcb4,2015-0131__AD_2015-0131_1__EASA_AD_2015_0131.pdf
2015-0134,1,2015-0134,2015-0134,2015-07-08,False,False,,,,2015-0134,True,537cb9483f347549,2015-0134__AD_2015-0134_1__EASA_AD_2015_0134.pdf
2015-0135,1,2015-0135R3,2015-0135R3,,False,False,,,,2015-0135R3,True,ffb267d0dfbcbbd9,2015-0135R3__AD_2015-0135R3_1__EASA_AD_2015_0135_R3.pdf
2015-0136,1,2015-0136R1,2015-0136R1,2015-09-16,False,False,,,,2015-0136R1,True,302b8f142c5538a8,2015-0136R1__AD_2015-0136R1_2__EASA_AD_2015_0136_R1_superseded.pdf
2015-0137,1,2015-0137,2015-0137,2015-07-09,False,False,,,,2015-0137,True,de7f59530d99afb2,2015-0137__AD_2015-0137_1__EASA_AD_2015_0137_C1.pdf
2015-0138,1,2015-0138,2015-0138,2015-07-10,False,False,,,,2015-0138,True,727291e5cc1f318e,2015-0138__AD_2015-0138_1__EASA_AD_2015_0138.pdf
2015-0141,1,2015-0141R5,2015-0141R5,,False,False,,,,2015-0141R5,True,8d817bfbc58d637f,2015-0141R5__AD_2015-0141R5_1__EASA_AD_2015_0141_R5_C1.pdf
2015-0142,1,2015-0142,2015-0142,2015-07-17,False,False,,,,2015-0142,True,d817bd7d90ffd0b6,2015-0142__AD_2015-0142_1__EASA_AD_2015_0142.pdf
2015-0146,1,2015-0146,2015-0146,2015-07-22,False,False,,,,2015-0146,True,dce7cfb758a454e0,2015-0146__AD_2015-0146_1__EASA_AD_2015_0146_C1.pdf
2015-0150,1,2015-0150,2015-0150,2015-07-23,False,False,,,,2015-0150,True,beb5923bd2e02e26,2015-0150__AD_2015-0150_2__EASA_AD_2015_0150_Superseded.pdf
2015-0151,1,2015-0151,2015-0151,2015-07-24,False,False,,,,2015-0151,True,1a57b6dc7465a60c,2015-0151__AD_2015-0151_1__EASA_AD_2015_0151_superseded.pdf
2015-0152,1,2015-0152R1,2015-0152R1,,False,False,,,,2015-0152R1,True,a5e5c462cd4e87c9,2015-0152R1__AD_2015-0152R1_1__EASA_AD_2015_0152_R1_superseded.pdf
2015-0164,1,2015-0164,2015-0164,2015-08-10,False,False,,,,2015-0164,True,fe0cbb235cbb3657,2015-0164__AD_2015-0164_1__EASA_AD_2015_0164.pdf
2015-0170,1,2015-0170,2015-0170,2015-08-18,False,False,,,,2015-0170,True,e0769dfd3ecec2dd,2015-0170__AD_2015-0170_2__EASA_AD_2015_0170_superseded.pdf
2015-0173,1,2015-0173R1,2015-0173R1,,False,False,,,,2015-0173R1,True,debd2a7b6eeb681a,2015-0173R1__AD_2015-0173R1_1__EASA_AD_2015_0173_R1.pdf
2015-0174,1,2015-0174,2015-0174,2015-08-24,False,False,,,,2015-0174,True,ea8c6f43c7851c2e,2015-0174__AD_2015-0174_1__EASA_AD_2015_0174.pdf
2015-0176,1,2015-0176,2015-0176,2015-08-25,False,False,,,,2015-0176,True,693d8ab8a562ba54,2015-0176__AD_2015-0176_1__EASA_AD_2015_0176_superseded.pdf
2015-0183,1,2015-0183R1,2015-0183R1,2015-09-29,False,False,,,,2015-0183R1,True,d340ee57bb2f5d19,2015-0183R1__AD_2015-0183R1_1__EASA_AD_2015_0183_R1.pdf
2015-0188,1,2015-0188R1,2015-0188R1,,False,False,,,,2015-0188R1,True,ff548cc9f0166b98,2015-0188R1__AD_2015-0188R1_1__EASA_AD_2015_0188_R1.pdf
2015-0191,1,2015-0191,2015-0191,2015-09-22,False,False,,,,2015-0191,True,8e9253d45c21a049,2015-0191__AD_2015-0191_1__EASA_AD_2015_0191_CORR_Superseded.pdf
2015-0192,1,2015-0192,2015-0192,2015-09-21,False,False,,,,2015-0192,True,e4e7746fa0d0e15a,2015-0192__AD_2015-0192_1__EASA_AD_2015_0192_superseded.pdf
2015-0194,1,2015-0194,2015-0194,2015-09-22,False,False,,,,2015-0194,True,5ac5258eb026bcd2,2015-0194__AD_2015-0194_1__EASA_AD_2015_0194.pdf
2015-0197,1,2015-0197R1,2015-0197R1,,False,False,,,,2015-0197R1,True,09212f2dd474396d,2015-0197R1__AD_2015-0197R1_1__EASA_AD_2015_0197_R1.pdf
2015-0201,1,2015-0201,2015-0201,2015-10-07,False,False,,,,2015-0201,True,966e69129d9634a3,2015-0201__AD_2015-0201_1__EASA_AD_2015_0201.pdf
2015-0205,1,2015-0205,2015-0205,2015-10-09,False,False,,,,2015-0205,True,4045b7810cfca87a,2015-0205__AD_2015-0205_1__EASA_AD_2015_0205.pdf
2015-0206,1,2015-0206,2015-0206,2015-10-12,False,False,,,,2015-0206,True,a5405ee7af3918d3,2015-0206__AD_2015-0206_1__EASA_AD_2015_0206_superseded.pdf
2015-0207,1,2015-0207,2015-0207,2015-10-14,False,False,,,,2015-0207,True,c580ea7d080e96a9,2015-0207__AD_2015-0207_1__EASA_AD_2015_0207.pdf
2015-0208,1,2015-0208,2015-0208,2015-10-15,False,False,,,,2015-0208,True,83b5d97fe2894d1d,2015-0208__AD_2015-0208_1__EASA_AD_2015_0208.pdf
2015-0212,1,2015-0212,2015-0212,2015-11-18,False,False,,,,2015-0212,True,e9c08790daea344b,2015-0212__AD_2015-0212_1__EASA_AD_2015_0212_superseded.pdf
2015-0214,1,2015-0214,2015-0214,2015-11-02,False,False,,,,2015-0214,True,15be2811191eb92c,2015-0214__AD_2015-0214_1__EASA_AD_2015_0214.pdf
2015-0215,1,2015-0215R1,2015-0215R1,2015-11-06,False,False,,,,2015-0215R1,True,008a50b41103d8e8,2015-0215R1__AD_2015-0215R1_1__EASA_AD_2015_0215_R1.pdf
2015-0217,1,2015-0217,2015-0217,2015-11-13,False,False,,,,2015-0217,True,95d81a5befa381ee,2015-0217__AD_2015-0217_1__EASA_AD_2015_0217_superseded.pdf
2015-0218,1,2015-0218R1,2015-0218R1,,False,False,,,,2015-0218R1,True,e2f72b714c6ab386,2015-0218R1__AD_2015-0218R1_1__EASA_AD_2015_0218R1.pdf
2015-0219,1,2015-0219,2015-0219,2015-11-17,False,False,,,,2015-0219,True,6067f9662cc1c35d,2015-0219__AD_2015-0219_1__EASA_AD_2015_0219_superseded.pdf
2015-0224,1,2015-0224,2015-0224,2015-12-02,False,False,,,,2015-0224,True,63f588b85e40bf97,2015-0224__AD_2015-0224_1__EASA_AD_2015_0224.pdf
2015-0229,1,2015-0229,2015-0229,2015-12-11,False,False,,,,2015-0229,True,33ef5246db560119,2015-0229__AD_2015-0229_1__EASA_AD_2015_0229.pdf
2015-0232,1,2015-0232R1,2015-0232R1,,False,False,,,,2015-0232R1,True,913e2a6cc00969fb,2015-0232R1__AD_2015-0232R1_1__EASA_AD_2015_0232_R1.pdf
2015-0234,1,2015-0234,2015-0234,2017-04-28,False,False,,,,2015-0234,True,c0baff63a270ac58,2015-0234-CN__AD_2015-0234-CN_2__EASA_AD_2015_0234_CN.pdf
2015-0236,1,2015-0236,2015-0236,2015-12-30,False,False,,,,2015-0236,True,476008c045ca99f4,2015-0236__AD_2015-0236_1__EASA_AD_2015_0236_superseded.pdf
2015-0238,1,2015-0238,2015-0238,2016-01-01,False,False,,,,2015-0238,True,664912ef62edf66e,2015-0238__AD_2015-0238_1__EASA_AD_2015_0238_superseded.pdf
2015-0241,1,2015-0241R2,2015-0241R2,,False,False,,,,2015-0241R2,True,505a03bc6b193ca2,2015-0241R2__AD_2015-0241R2_1__EASA_AD_2015_0241_R2.pdf
2016-0005,1,2016-0005,2016-0005,2016-01-21,False,False,,,,2016-0005,True,4785f128d110e338,2016-0005__AD_2016-0005_1__EASA_AD_2016_0005_superseded.pdf
2016-0007,1,2016-0007R1,2016-0007R1,,False,False,,,,2016-0007R1,True,b671815786bffe40,2016-0007R1__AD_2016-0007R1_1__EASA_AD_2016_0007_R1.pdf
2016-0010,1,2016-0010R1,2016-0010R1,,False,False,,,,2016-0010R1,True,4e9b5350f73cf98f,2016-0010R1__AD_2016-0010R1_1__EASA_AD_2016_0010_R1_superseded.pdf
2016-0011,1,2016-0011,2016-0011,2016-01-27,False,False,,,,2016-0011,True,6b9e441e119c47c5,2016-0011__AD_2016-0011_1__EASA_AD_2016_0011_superseded.pdf
2016-0015,1,2016-0015,2016-0015,2016-01-29,False,False,,,,2016-0015,True,8bd2a8961ce63e3b,2016-0015__AD_2016-0015_1__EASA_AD_2016_0015_superseded.pdf
2016-0018,1,2016-0018R1,2016-0018R1,,False,False,,,,2016-0018R1,True,ee87ea9c656c74ee,2016-0018R1__AD_2016-0018R1_1__EASA_AD_2016_0018_R1.pdf
2016-0035,1,2016-0035R1,2016-0035R1,,False,False,,,,2016-0035R1,True,fc74db0189210e76,2016-0035R1__AD_2016-0035R1_1__EASA_AD_2016_0035_R1_superseded.pdf
2016-0040,1,2016-0040,2016-0040,2016-03-16,False,False,,,,2016-0040,True,37e8ce9edfa8a1a9,2016-0040__AD_2016-0040_1__EASA_AD_2016_0040.pdf
2016-0043,1,2016-0043,2016-0043,2016-03-18,False,False,,,,2016-0043,True,ee5b4212f8e16c15,2016-0043__AD_2016-0043_1__EASA_AD_2016_0043.pdf
2016-0047,1,2016-0047,2016-0047,2016-03-23,False,False,,,,2016-0047,True,d63826dfaa29657f,2016-0047__AD_2016-0047_1__EASA_AD_2016_0047_superseded.pdf
2016-0048,1,2016-0048,2016-0048,2016-03-24,False,False,,,,2016-0048,True,9abf6189830165d7,2016-0048__AD_2016-0048_1__EASA_AD_2016_0048_superseded.pdf
2016-0050,1,2016-0050R1,2016-0050R1,,False,False,,,,2016-0050R1,True,c4325956f7f063d6,2016-0050R1__AD_2016-0050R1_1__EASA_AD_2016_0050_R1.pdf
2016-0053,1,2016-0053,2016-0053,2016-03-28,False,False,,,,2016-0053,True,d4a6d87ac3433b62,2016-0053__AD_2016-0053_1__EASA_AD_2016_0053.pdf
2016-0056,1,2016-0056,2016-0056,2016-04-01,False,False,,,,2016-0056,True,d773606ae55b35ae,2016-0056__AD_2016-0056_1__EASA_AD_2016_0056.pdf
2016-0057,1,2016-0057,2016-0057,2016-04-01,False,False,,,,2016-0057,True,fc0bed964f6c324e,2016-0057__AD_2016-0057_1__EASA_AD_2016_0057.pdf
2016-0058,1,2016-0058,2016-0058,2016-04-04,False,False,,,,2016-0058,True,7a80f0d18f66abe6,2016-0058__AD_2016-0058_1__EASA_AD_2016_0058_Superseded.pdf
2016-0065,1,2016-0065,2016-0065,2021-11-17,False,False,,,,2016-0065,True,36496c533f93e15a,2016-0065-CN__AD_2016-0065-CN_1__EASA_AD_2016_0065_CN.pdf
2016-0066,1,2016-0066,2016-0066,2016-04-20,False,False,,,,2016-0066,True,c953ae30f5d45539,2016-0066__AD_2016-0066_1__EASA_AD_2016_0066_cancelled.pdf
2016-0068,1,2016-0068,2016-0068,2016-04-25,False,False,,,,2016-0068,True,e491da27995b8e9b,2016-0068__AD_2016-0068_1__EASA_AD_2016_0068__superseded.pdf
2016-0069,1,2016-0069,2016-0069,2016-04-25,False,False,,,,2016-0069,True,1bd2bd5ce45261a7,2016-0069__AD_2016-0069_1__EASA_AD_2016_0069_superseded.pdf
2016-0074,1,2016-0074,2016-0074,2016-04-22,False,False,,,,2016-0074,True,dbc36d953de399f6,2016-0074__AD_2016-0074_1__EASA_AD_2016_0074.pdf
2016-0076,1,2016-0076,2016-0076,2016-04-25,False,False,,,,2016-0076,True,81229737a0bd195a,2016-0076__AD_2016-0076_1__EASA_AD_2016_0076.pdf
2016-0079,1,2016-0079,2016-0079,2016-05-05,False,False,,,,2016-0079,True,f3783e45d0baa116,2016-0079__AD_2016-0079_1__EASA_AD_2016_0079.pdf
2016-0080,1,2016-0080,2016-0080,2016-05-05,False,False,,,,2016-0080,True,59ac4226cb4aecf7,2016-0080__AD_2016-0080_1__EASA_AD_2016_0080.pdf
2016-0082,1,2016-0082,2016-0082,2016-05-11,False,False,,,,2016-0082,True,02b473e4bdad488e,2016-0082__AD_2016-0082_1__EASA_AD_2016_0082_superseded.pdf
2016-0085,1,2016-0085,2016-0085,2016-05-12,False,False,,,,2016-0085,True,89630d54242cfabc,2016-0085__AD_2016-0085_1__EASA_AD_2016_0085_superseded.pdf
2016-0086,1,2016-0086R1,2016-0086R1,2016-05-17,False,False,,,,2016-0086R1,True,15ff1575a1a67e76,2016-0086R1__AD_2016-0086R1_1__EASA_AD_2016_0086_R1.pdf
2016-0092,1,2016-0092,2016-0092,2016-05-27,False,False,,,,2016-0092,True,9a3e3f871dc14401,2016-0092__AD_2016-0092_1__EASA_AD_2016_0092_superseded.pdf
2016-0093,1,2016-0093,2016-0093,2016-05-27,False,False,,,,2016-0093,True,053d7a5c4784b56f,2016-0093__AD_2016-0093_1__EASA_AD_2016_0093_superseded.pdf
2016-0095,1,2016-0095,2016-0095,2016-06-02,False,False,,,,2016-0095,True,7f221fbcf3eea6a5,2016-0095__AD_2016-0095_1__EASA_AD_2016_0095_superseded.pdf
2016-0100,1,2016-0100,2016-0100,2016-06-07,False,False,,,,2016-0100,True,123843b7c1f92867,2016-0100__AD_2016-0100_1__EASA_AD_2016_0100.pdf
2016-0102,1,2016-0102,2016-0102,2016-06-08,False,False,,,,2016-0102,True,c65556889e741030,2016-0102__AD_2016-0102_1__EASA_AD_2016_0102_C1_superseded.pdf
2016-0105,1,2016-0105R2,2016-0105R2,,False,False,,,,2016-0105R2,True,9e1626caa16da183,2016-0105R2__AD_2016-0105R2_1__EASA_AD_2016_0105_R2_superseded.pdf
2016-0106,1,2016-0106R2,2016-0106R2,,False,False,,,,2016-0106R2,True,afc64b69fd8fabe4,2016-0106R2__AD_2016-0106R2_1__EASA_AD_2016_0106R2_C1.pdf
2016-0107,1,2016-0107,2016-0107,2016-06-21,False,False,,,,2016-0107,True,e43b65b6e70b9885,2016-0107__AD_2016-0107_1__EASA_AD_2016_0107_superseded.pdf
2016-0108,1,2016-0108,2016-0108,2016-06-22,False,False,,,,2016-0108,True,8a802389c2675cee,2016-0108__AD_2016-0108_1__EASA_AD_2016_0108.pdf
2016-0111,1,2016-0111,2016-0111,2016-06-29,False,False,,,,2016-0111,True,c853a27719459cfb,2016-0111__AD_2016-0111_1__EASA_AD_2016__0111_superseded.pdf
2016-0112,1,2016-0112,2016-0112,2016-06-29,False,False,,,,2016-0112,True,e8742db9b1aa3d11,2016-0112__AD_2016-0112_1__EASA_AD_2016_0112_superseded.pdf
2016-0113,1,2016-0113,2016-0113,2016-06-29,False,False,,,,2016-0113,True,320f1cf519e44b50,2016-0113__AD_2016-0113_2__EASA_AD_2016_0113.pdf
2016-0114,1,2016-0114,2016-0114,2016-06-29,False,False,,,,2016-0114,True,c07a9e3ce0de15cf,2016-0114__AD_2016-0114_2__EASA_AD_2016_0114_C1.pdf
2016-0122,1,2016-0122,2016-0122,2016-07-05,False,False,,,,2016-0122,True,0f8ddddbbc326895,2016-0122__AD_2016-0122_1__EASA_AD_2016_0122.pdf
2016-0132,1,2016-0132,2016-0132,2016-07-19,False,False,,,,2016-0132,True,b97e09d45882c1be,2016-0132__AD_2016-0132_1__EASA_AD_2016_0132_C1.pdf
2016-0137,1,2016-0137R1,2016-0137R1,,False,False,,,,2016-0137R1,True,01b9cd14080b6391,2016-0137R1__AD_2016-0137R1_1__EASA_AD_2016_0137_R1.pdf
2016-0139,1,2016-0139,2016-0139,2016-07-28,False,False,,,,2016-0139,True,05e3e8552a0a4fb1,2016-0139__AD_2016-0139_1__EASA_AD_2016_0139_superseded.pdf
2016-0146,1,2016-0146R2,2016-0146R2,,False,False,,,,2016-0146R2,True,24542b7067cb779f,2016-0146R2__AD_2016-0146R2_2__EASA_AD_2016-0146R2_superseded.pdf
2016-0147,1,2016-0147,2016-0147,2016-08-04,False,False,,,,2016-0147,True,a094746c87c26221,2016-0147__AD_2016-0147_1__EASA_AD_2016_0147_superseded.pdf
2016-0150,1,2016-0150,2016-0150,2016-08-24,False,False,,,,2016-0150,True,ca4ac087eba6a509,2016-0150__AD_2016-0150_1__EASA_AD_2016_0150.pdf
2016-0152,1,2016-0152R1,2016-0152R1,,False,False,,,,2016-0152R1,True,b04c59bed1a37a48,2016-0152R1__AD_2016-0152R1_1__EASA_AD_2016_0152_R1_superseded.pdf
2016-0159,1,2016-0159,2016-0159,2016-08-19,False,False,,,,2016-0159,True,0b09d48c1fac8883,2016-0159__AD_2016-0159_1__EASA_AD_2016_0159_superseded.pdf
2016-0170,1,2016-0170,2016-0170,2016-09-02,False,False,,,,2016-0170,True,bab8cc0ea6fe719a,2016-0170__AD_2016-0170_1__EASA_AD_2016_0170.pdf
2016-0172,1,2016-0172,2016-0172,2016-09-06,False,False,,,,2016-0172,True,95a5b3bae5d60783,2016-0172__AD_2016-0172_1__EASA_AD_2016_0172_Superseded.pdf
2016-0174,1,2016-0174,2016-0174,2016-09-13,False,False,,,,2016-0174,True,21408125b2a88001,2016-0174__AD_2016-0174_1__EASA_AD_2016_0174.pdf
2016-0175,1,2016-0175,2016-0175,2016-09-14,False,False,,,,2016-0175,True,c13a622de38db424,2016-0175__AD_2016-0175_1__EASA_AD_2016_0175.pdf
2016-0176,1,2016-0176,2016-0176,2016-09-07,False,False,,,,2016-0176,True,6987ae1b6ebbe774,2016-0176__AD_2016-0176_1__EASA_AD_2016_0176_C1.pdf
2016-0178,1,2016-0178,2016-0178,2016-09-26,False,False,,,,2016-0178,True,00969116589697a3,2016-0178__AD_2016-0178_1__EASA_AD_2016_0178.pdf
2016-0179,1,2016-0179,2016-0179,2016-09-26,False,False,,,,2016-0179,True,f04ac1341f9660c8,2016-0179__AD_2016-0179_1__EASA_AD_2016_0179_superseded.pdf
2016-0181,1,2016-0181,2016-0181,2016-09-27,False,False,,,,2016-0181,True,1c57a2094429d52e,2016-0181__AD_2016-0181_1__EASA_AD_2016_0181.pdf
2016-0182,1,2016-0182,2016-0182,2016-09-27,False,False,,,,2016-0182,True,66c3f62a74abf121,2016-0182__AD_2016-0182_1__EASA_AD_2016_0182.pdf
2016-0184,1,2016-0184,2016-0184,2016-09-20,False,False,,,,2016-0184,True,9aa1809bb594836d,2016-0184__AD_2016-0184_1__EASA_AD_2016_0184_superseded.pdf
2016-0187,1,2016-0187,2016-0187,2016-10-03,False,False,,,,2016-0187,True,82baf0cd5fe48ab5,2016-0187__AD_2016-0187_1__EASA_AD_2016_0187_superseded.pdf
2016-0188,1,2016-0188,2016-0188,2016-10-05,False,False,,,,2016-0188,True,7695dba9e9c10721,2016-0188__AD_2016-0188_1__EASA_AD_2016_0188_C1.pdf
2016-0189,1,2016-0189,2016-0189,2016-10-10,False,False,,,,2016-0189,True,f2c152bb2d15fd28,2016-0189__AD_2016-0189_1__EASA_AD_2016_0189_superseded.pdf
2016-0195,1,2016-0195,2016-0195,2016-10-14,False,False,,,,2016-0195,True,f44fb161c2b8a1ed,2016-0195__AD_2016-0195_1__EASA_AD_2016_0195.pdf
2016-0196,1,2016-0196,2016-0196,2016-10-14,False,False,,,,2016-0196,True,143aed334173246b,2016-0196__AD_2016-0196_1__EASA_AD_2016_0196.pdf
2016-0197,1,2016-0197,2016-0197,2016-10-19,False,False,,,,2016-0197,True,30d9438883dd979a,2016-0197__AD_2016-0197_1__EASA_AD_2016_0197.pdf
2016-0198,1,2016-0198,2016-0198,2016-10-20,False,False,,,,2016-0198,True,e6fbbfba47b42618,2016-0198__AD_2016-0198_1__EASA_AD_2016-0198_superseded.pdf
2016-0204,1,2016-0204,2016-0204,2016-10-27,False,False,,,,2016-0204,True,28de3f1c93b69d21,2016-0204__AD_2016-0204_1__EASA_AD_2016_0204_C1_superseded.pdf
2016-0205,1,2016-0205,2016-0205,2016-10-27,False,False,,,,2016-0205,True,d1edb6c2be316407,2016-0205__AD_2016-0205_1__EASA_AD_2016_0205_superseded.pdf
2016-0206,1,2016-0206,2016-0206,2016-10-27,False,False,,,,2016-0206,True,cd659347fc06a144,2016-0206__AD_2016-0206_2__EASA_AD_2016_0206_C1_superseded.pdf
2016-0207,1,2016-0207,2016-0207,2016-11-18,False,False,,,,2016-0207,True,942fe41937ba822a,2016-0207__AD_2016-0207_1__EASA_AD_2016_0207_superseded.pdf
2016-0208,1,2016-0208R1,2016-0208R1,,False,False,,,,2016-0208R1,True,f0d2ba8273657f68,2016-0208R1__AD_2016-0208R1_1__EASA_AD_2016_0208_R1.pdf
2016-0209,1,2016-0209,2016-0209,2016-11-04,False,False,,,,2016-0209,True,7b141b130c150430,2016-0209__AD_2016-0209_1__EASA_AD_2016_0209.pdf
2016-0212,1,2016-0212,2016-0212,2016-11-08,False,False,,,,2016-0212,True,4160483d07837af8,2016-0212__AD_2016-0212_1__EASA_AD_2016_0212.pdf
2016-0217,1,2016-0217,2016-0217,2016-11-16,False,False,,,,2016-0217,True,83db2bc005ad5e5f,2016-0217__AD_2016-0217_1__EASA_AD_2016_0217_superseded.pdf
2016-0218,1,2016-0218,2016-0218,2016-11-16,False,False,,,,2016-0218,True,656d1b8b373d1745,2016-0218__AD_2016-0218_1__EASA_AD_2016_0218_superseded.pdf
2016-0219,1,2016-0219,2016-0219,2016-11-17,False,False,,,,2016-0219,True,c715fae178e717ad,2016-0219__AD_2016-0219_1__EASA_AD_2016_0219.pdf
2016-0222,1,2016-0222,2016-0222,2016-11-21,False,False,,,,2016-0222,True,dcfe4779236d09de,2016-0222__AD_2016-0222_1__EASA_AD_2016_0222.pdf
2016-0226,1,2016-0226,2016-0226,2016-11-23,False,False,,,,2016-0226,True,c2208af25e1effbf,2016-0226__AD_2016-0226_2__EASA_AD_2016_0226_superseded.pdf
2016-0229,1,2016-0229,2016-0229,2016-11-29,False,False,,,,2016-0229,True,62fa14f26b336ba9,2016-0229__AD_2016-0229_1__EASA_AD_2016_0229.pdf
2016-0231,1,2016-0231,2016-0231,2016-12-06,False,False,,,,2016-0231,True,eee1872bc8770423,2016-0231__AD_2016-0231_1__EASA_AD_2016_0231_superseded.pdf
2016-0236,1,2016-0236,2016-0236,2016-12-09,False,False,,,,2016-0236,True,f678519b83199152,2016-0236__AD_2016-0236_1__EASA_AD_2016_0236.pdf
2016-0238,1,2016-0238,2016-0238,2016-12-16,False,False,,,,2016-0238,True,08cc5f653b3afd1b,2016-0238__AD_2016-0238_1__EASA_AD_2016_0238_superseded.pdf
2016-0239,1,2016-0239,2016-0239,2016-12-16,False,False,,,,2016-0239,True,30c8abdca6bb06c8,2016-0239__AD_2016-0239_1__EASA_AD_2016_0239_superseded.pdf
2016-0241,1,2016-0241,2016-0241,2016-12-20,False,False,,,,2016-0241,True,f1f98cff4a7f6fe2,2016-0241__AD_2016-0241_1__EASA_AD_2016_0241.pdf
2016-0248,1,2016-0248,2016-0248,2016-12-29,False,False,,,,2016-0248,True,1ad0bc67b615d56e,2016-0248__AD_2016-0248_1__EASA_AD_2016_0248.pdf
2016-0249,1,2016-0249,2016-0249,2016-12-28,False,False,,,,2016-0249,True,c617acfa67532110,2016-0249__AD_2016-0249_1__EASA_AD_2016_0249_C1_superseded.pdf
2016-0251,1,2016-0251R1,2016-0251R1,,False,False,,,,2016-0251R1,True,fca2673a8aec79db,2016-0251R1__AD_2016-0251R1_1__EASA_AD_2016_0251_R1_superseded.pdf
2016-0253,1,2016-0253,2016-0253,2016-12-29,False,False,,,,2016-0253,True,b009bd8443947238,2016-0253__AD_2016-0253_1__EASA_AD_2016_0253_superseded.pdf
2016-0257,1,2016-0257,2016-0257,2016-12-30,False,False,,,,2016-0257,True,498a9e83c6102405,2016-0257__AD_2016-0257_1__EASA_AD_2016_0257.pdf
2017-0009,1,2017-0009,2017-0009,2017-01-30,False,False,,,,2017-0009,True,2b03cea19028f995,2017-0009__AD_2017-0009_1__EASA_AD_2017_0009.pdf
2017-0013,1,2017-0013,2017-0013,2017-02-10,False,False,,,,2017-0013,True,67c94127f7b8e53d,2017-0013__AD_2017-0013_1__EASA_AD_2017_0013.pdf
2017-0015,1,2017-0015,2017-0015,2017-02-14,False,False,,,,2017-0015,True,b0ddaa7288631f8b,2017-0015__AD_2017-0015_1__EASA_AD_2017_0015.pdf
2017-0021,1,2017-0021,2017-0021,2017-02-22,False,False,,,,2017-0021,True,4afe03e5359b1b6b,2017-0021__AD_2017-0021_1__EASA_AD_2017_0021.pdf
2017-0023,1,2017-0023,2017-0023,2017-02-24,False,False,,,,2017-0023,True,efdc1774ca43f27d,2017-0023__AD_2017-0023_1__EASA_AD_2017_0023_superseded.pdf
2017-0027,1,2017-0027,2017-0027,2017-03-01,False,False,,,,2017-0027,True,1149765d5e7d9679,2017-0027__AD_2017-0027_1__EASA_AD_2017_0027_Superseded.pdf
2017-0029,1,2017-0029,2017-0029,2017-03-01,False,False,,,,2017-0029,True,12a668a5c2663816,2017-0029__AD_2017-0029_1__EASA_AD_2017_0029_Superseded.pdf
2017-0030,1,2017-0030,2017-0030,2017-03-01,False,False,,,,2017-0030,True,d93c9918b721dc22,2017-0030__AD_2017-0030_1__EASA_AD_2017_0030_Superseded.pdf
2017-0041,1,2017-0041,2017-0041,2017-03-10,False,False,,,,2017-0041,True,089f172d2c98e62a,2017-0041__AD_2017-0041_1__EASA_AD_2017_0041_C1.pdf
2017-0044,1,2017-0044,2017-0044,2017-03-23,False,False,,,,2017-0044,True,bbe66076f326cd84,2017-0044__AD_2017-0044_1__EASA_AD_2017_0044_cancelled.pdf
2017-0048,1,2017-0048,2017-0048,2017-03-29,False,False,,,,2017-0048,True,bee5b1991b44fd65,2017-0048__AD_2017-0048_1__EASA_AD_2017_0048_C1.pdf
2017-0051,1,2017-0051,2017-0051,2017-04-07,False,False,,,,2017-0051,True,5a26a08809262f7b,2017-0051__AD_2017-0051_1__EASA_AD_2017_0051.pdf
2017-0060,1,2017-0060,2017-0060,2017-04-21,False,False,,,,2017-0060,True,7321c9e095a3e4e6,2017-0060__AD_2017-0060_1__EASA_AD_2017_0060.pdf
2017-0063,1,2017-0063,2017-0063,2017-04-26,False,False,,,,2017-0063,True,70c0e20e2d4f0ae3,2017-0063__AD_2017-0063_1__EASA_AD_2017_0063.pdf
2017-0069,1,2017-0069,2017-0069,2017-05-23,False,False,,,,2017-0069,True,93449c2e9d5bfdfd,2017-0069__AD_2017-0069_1__EASA_AD_2017_0069_superseded.pdf
2017-0076,1,2017-0076,2017-0076,2017-05-17,False,False,,,,2017-0076,True,319937aa5e0f8419,2017-0076__AD_2017-0076_1__EASA_AD_2017_0076.pdf
2017-0078,1,2017-0078,2017-0078,2017-05-17,False,False,,,,2017-0078,True,536e3b8428c31bf6,2017-0078__AD_2017-0078_2__EASA_AD_2017_0078_superseded.pdf
2017-0081,1,2017-0081,2017-0081,2017-05-22,False,False,,,,2017-0081,True,a3963ae4d14beca9,2017-0081__AD_2017-0081_1__EASA_AD_2017_0081.pdf
2017-0082,1,2017-0082,2017-0082,2017-05-22,False,False,,,,2017-0082,True,529a84dd3c2afc4a,2017-0082__AD_2017-0082_1__EASA_AD_2017_0082.pdf
2017-0091,1,2017-0091R2,2017-0091R2,2017-06-02,False,False,,,,2017-0091R2,True,9feaf8ba150454b8,2017-0091R2__AD_2017-0091R2_2__EASA_AD_2017_0091_R2.pdf
2017-0093,1,2017-0093,2017-0093,2017-05-31,False,False,,,,2017-0093,True,2e5194b223cb4e94,2017-0093__AD_2017-0093_1__EASA_AD_2017_0093.pdf
2017-0098,1,2017-0098R2,2017-0098R2,,False,False,,,,2017-0098R2,True,1c1069b24bdd22e0,2017-0098R2__AD_2017-0098R2_1__EASA_AD_2017_0098R2.pdf
2017-0099,1,2017-0099,2017-0099,2017-06-21,False,False,,,,2017-0099,True,e279dbdfe7f30ad3,2017-0099__AD_2017-0099_1__EASA_AD_2017_0099_superseded.pdf
2017-0105,1,2017-0105R2,2017-0105R2,,False,False,,,,2017-0105R2,True,d99f571b28812221,2017-0105R2__AD_2017-0105R2_2__EASA_AD_2017_0105_R2.pdf
2017-0117,1,2017-0117,2017-0117,2017-07-21,False,False,,,,2017-0117,True,432daef67679a521,2017-0117__AD_2017-0117_1__EASA_AD_2017_0117_superseded.pdf
2017-0119,1,2017-0119,2017-0119,2017-07-25,False,False,,,,2017-0119,True,0ed5714ab60772d1,2017-0119__AD_2017-0119_2__EASA_AD_2017_0119.pdf
2017-0122,1,2017-0122,2017-0122,2017-08-01,False,False,,,,2017-0122,True,d606c6a12b00e96f,2017-0122__AD_2017-0122_1__EASA_AD_2017_0122.pdf
2017-0128,1,2017-0128,2017-0128,2017-08-07,False,False,,,,2017-0128,True,66ebfc15b0c8f42f,2017-0128__AD_2017-0128_1__EASA_AD_2017_0128.pdf
2017-0129,1,2017-0129R1,2017-0129R1,,False,False,,,,2017-0129R1,True,ec7cdc15814ed157,2017-0129R1__AD_2017-0129R1_1__EASA_AD_2017_0129_R1.pdf
2017-0131,1,2017-0131R1,2017-0131R1,,False,False,,,,2017-0131R1,True,f6e4305834e828f6,2017-0131R1__AD_2017-0131R1_1__EASA_AD_2017_0131_R1_superseded.pdf
2017-0132,1,2017-0132R2,2017-0132R2,,False,False,,,,2017-0132R2,True,9648fa6235b2e2cc,2017-0132R2__AD_2017-0132R2_1__EASA_AD_2017_0132_R2.pdf
2017-0135,1,2017-0135,2017-0135,2017-08-11,False,False,,,,2017-0135,True,8582ee33c6da57ad,2017-0135__AD_2017-0135_1__EASA_AD_2017_0135_cancelled.pdf
2017-0138,1,2017-0138,2017-0138,2017-08-16,False,False,,,,2017-0138,True,7d2ac2fbbf233d3c,2017-0138__AD_2017-0138_1__EASA_AD_2017_0138_superseded.pdf
2017-0140,1,2017-0140R1,2017-0140R1,2017-08-21,False,False,,,,2017-0140R1,True,19c08cc1275de107,2017-0140R1__AD_2017-0140R1_1__EASA_AD_2017_0140R1.pdf
2017-0141,1,2017-0141,2017-0141,2017-08-22,False,False,,,,2017-0141,True,aaf506fe5a7b65b0,2017-0141__AD_2017-0141_1__EASA_AD_2017_0141.pdf
2017-0145,1,2017-0145,2017-0145,2017-09-14,False,False,,,,2017-0145,True,1af7f37535549144,2017-0145__AD_2017-0145_1__EASA_AD_2017_0145_superseded.pdf
2017-0150,1,2017-0150,2017-0150,2017-08-30,False,False,,,,2017-0150,True,e147acb20b4a8fac,2017-0150__AD_2017-0150_1__EASA_AD_2017_0150_superseded.pdf
2017-0152,1,2017-0152,2017-0152,2017-08-31,False,False,,,,2017-0152,True,50e7e6a94a7bbd55,2017-0152__AD_2017-0152_1__EASA_AD_2017_0152.pdf
2017-0153,1,2017-0153,2017-0153,2017-08-31,False,False,,,,2017-0153,True,40dc1ec67f075f1e,2017-0153__AD_2017-0153_1__EASA_AD_2017_0153.pdf
2017-0158,1,2017-0158R2,2017-0158R2,,False,False,,,,2017-0158R2,True,28a6182d22379873,2017-0158R2__AD_2017-0158R2_1__EASA_AD_2017_0158_R2.pdf
2017-0161,1,2017-0161R1,2017-0161R1,,False,False,,,,2017-0161R1,True,920eda0e283d5a01,2017-0161R1__AD_2017-0161R1_1__EASA_AD_2017_0161_R1_C1_superseded.pdf
2017-0168,1,2017-0168,2017-0168,2017-09-21,False,False,,,,2017-0168,True,2925f3526cb53b61,2017-0168__AD_2017-0168_1__EASA_AD_2017_0168_superseded.pdf
2017-0169,1,2017-0169,2017-0169,2017-09-21,False,False,,,,2017-0169,True,40ac6f557d1a9b1b,2017-0169__AD_2017-0169_1__EASA_AD_2017_0169_superseded.pdf
2017-0170,1,2017-0170,2017-0170,2017-09-21,False,False,,,,2017-0170,True,4a4f0a64af047de7,2017-0170__AD_2017-0170_1__EASA_AD_2017_0170_superseded.pdf
2017-0173,1,2017-0173,2017-0173,2017-09-22,False,False,,,,2017-0173,True,e8b5acf23213a4b6,2017-0173__AD_2017-0173_1__EASA_AD_2017_0173_superseded.pdf
2017-0178,1,2017-0178,2017-0178,2017-09-29,False,False,,,,2017-0178,True,a7f1c77d40e45e36,2017-0178__AD_2017-0178_1__EASA_AD_2017_0178.pdf
2017-0180,1,2017-0180,2017-0180,2017-09-22,False,False,,,,2017-0180,True,323bb275cd483b83,2017-0180__AD_2017-0180_1__EASA_AD_2017_0180_superseded.pdf
2017-0182,1,2017-0182,2017-0182,2017-10-03,False,False,,,,2017-0182,True,ad4cecbd210ca7fc,2017-0182__AD_2017-0182_1__EASA_AD_2017_0182_superseded.pdf
2017-0183,1,2017-0183,2017-0183,2017-10-04,False,False,,,,2017-0183,True,7ac5d5ccf95c79be,2017-0183__AD_2017-0183_1__EASA_AD_2017_0183_superseded.pdf
2017-0185,1,2017-0185,2017-0185,2017-10-06,False,False,,,,2017-0185,True,8b90f88dffc5ce79,2017-0185__AD_2017-0185_1__EASA_AD_2017_0185.pdf
2017-0186,1,2017-0186,2017-0186,2017-10-05,False,False,,,,2017-0186,True,35d921d962b12f06,2017-0186__AD_2017-0186_1__EASA_AD_2017_0186.pdf
2017-0188,1,2017-0188R1,2017-0188R1,,False,False,,,,2017-0188R1,True,429fb31b517be8a4,2017-0188R1__AD_2017-0188R1_1__EASA_AD_2017_0188_R1.pdf
2017-0195,1,2017-0195R1,2017-0195R1,,False,False,,,,2017-0195R1,True,8003e57f4ec8e196,2017-0195R1__AD_2017-0195R1_2__EASA_AD_2017_0195_R1.pdf
2017-0196,1,2017-0196,2017-0196,2017-10-19,False,False,,,,2017-0196,True,2eee03fe44218c67,2017-0196__AD_2017-0196_2__EASA_AD_2017_0196.pdf
2017-0200,1,2017-0200,2017-0200,2017-10-17,False,False,,,,2017-0200,True,4f23d85f630098c6,2017-0200__AD_2017-0200_1__EASA_AD_2017_0200_superseded.pdf
2017-0202,1,2017-0202,2017-0202,2017-10-26,False,False,,,,2017-0202,True,1467abf9321dc67a,2017-0202__AD_2017-0202_1__EASA_AD_2017_0202.pdf
2017-0203,1,2017-0203,2017-0203,2017-10-26,False,False,,,,2017-0203,True,dd5cf3d4f5f9bbed,2017-0203__AD_2017-0203_1__EASA_AD_2017_0203.pdf
2017-0204,1,2017-0204R1,2017-0204R1,,False,False,,,,2017-0204R1,True,4adc9abee9c29455,2017-0204R1__AD_2017-0204R1_1__EASA_AD_2017_0204_R1.pdf
2017-0205,1,2017-0205,2017-0205,2017-10-26,False,False,,,,2017-0205,True,ae498898c0fd9b28,2017-0205__AD_2017-0205_2__EASA_AD_2017_0205_Superseded.pdf
2017-0206,1,2017-0206,2017-0206,2017-10-26,False,False,,,,2017-0206,True,8a9ee04d90bed079,2017-0206__AD_2017-0206_1__EASA_AD_2017_0206_Superseded.pdf
2017-0207,1,2017-0207,2017-0207,2017-10-26,False,False,,,,2017-0207,True,b6db617aa9338904,2017-0207__AD_2017-0207_1__EASA_AD_2017_0207_Superseded.pdf
2017-0209,1,2017-0209R1,2017-0209R1,,False,False,,,,2017-0209R1,True,d75bbb7db41f84fd,2017-0209R1__AD_2017-0209R1_1__EASA_AD_2017_0209_R1.pdf
2017-0210,1,2017-0210,2017-0210,2017-11-07,False,False,,,,2017-0210,True,5a3c4468a6c5fbf0,2017-0210__AD_2017-0210_1__EASA_AD_2017_0210_superseded.pdf
2017-0215,1,2017-0215,2017-0215,2017-11-07,False,False,,,,2017-0215,True,e6e331188eeb03cf,2017-0215__AD_2017-0215_1__EASA_AD_2017_0215_superseded.pdf
2017-0216,1,2017-0216,2017-0216,2017-11-13,False,False,,,,2017-0216,True,9ff83c6eb64e3b17,2017-0216__AD_2017-0216_1__EASA_AD_2017_0216.pdf
2017-0224,1,2017-0224,2017-0224,2017-11-17,False,False,,,,2017-0224,True,c59f4b754c71e596,2017-0224__AD_2017-0224_1__EASA_AD_2017_0224_superseded.pdf
2017-0228,1,2017-0228,2017-0228,2017-12-05,False,False,,,,2017-0228,True,46d2b115379eb893,2017-0228__AD_2017-0228_1__EASA_AD_2017_0228_cancelled.pdf
2017-0231,1,2017-0231,2017-0231,2017-12-05,False,False,,,,2017-0231,True,98e0fcae3b912eaf,2017-0231__AD_2017-0231_1__EASA_AD_2017_0231_superseded.pdf
2017-0233,1,2017-0233,2017-0233,2017-11-30,False,False,,,,2017-0233,True,2e524aea6aaa0f33,2017-0233__AD_2017-0233_1__EASA_AD_2017_0233.pdf
2017-0237,1,2017-0237R1,2017-0237R1,,False,False,,,,2017-0237R1,True,90d2b716c153020e,2017-0237R1__AD_2017-0237R1_1__EASA_AD_2017_0237_R1.pdf
2017-0245,1,2017-0245,2017-0245,2017-12-25,False,False,,,,2017-0245,True,f20cbcf1680db49a,2017-0245__AD_2017-0245_1__EASA_AD_2017_0245_superseded.pdf
2017-0246,1,2017-0246R1,2017-0246R1,,False,False,,,,2017-0246R1,True,117e86859bd8cd69,2017-0246R1__AD_2017-0246R1_1__EASA_AD_2017_0246_R1.pdf
2017-0249,1,2017-0249,2017-0249,2017-12-28,False,False,,,,2017-0249,True,dd9d9e8ee33bd542,2017-0249__AD_2017-0249_1__EASA_AD_2017_0249.pdf
2017-0251,1,2017-0251,2017-0251,2017-12-29,False,False,,,,2017-0251,True,0078708329b72075,2017-0251__AD_2017-0251_1__EASA_AD_2017_0251_superseded.pdf
2017-0257,1,2017-0257R1,2017-0257R1,,False,False,,,,2017-0257R1,True,a7eaffb1ad80380c,2017-0257R1__AD_2017-0257R1_1__EASA_AD_2017_0257_R1_superseded.pdf
2018-0004,1,2018-0004,2018-0004,2018-01-23,False,False,,,,2018-0004,True,7380aa00c764a2bb,2018-0004__AD_2018-0004_1__EASA_AD_2018_0004_superseded.pdf
2018-0005,1,2018-0005,2018-0005,2018-01-24,False,False,,,,2018-0005,True,5eb9561d42d42fcf,2018-0005__AD_2018-0005_1__EASA_AD_2018_0005.pdf
2018-0007,1,2018-0007R1,2018-0007R1,2018-01-24,False,False,,,,2018-0007R1,True,07b111747796b934,2018-0007R1__AD_2018-0007R1_1__EASA_AD_2018_0007_R1.pdf
2018-0008,1,2018-0008,2018-0008,2018-01-24,False,False,,,,2018-0008,True,a1bff788b6eae7c8,2018-0008__AD_2018-0008_1__EASA_AD_2018_0008.pdf
2018-0023,1,2018-0023,2018-0023,2018-02-09,False,False,,,,2018-0023,True,c6535194dc72cb27,2018-0023__AD_2018-0023_1__EASA_AD_2018_0023_C1.pdf
2018-0024,1,2018-0024,2018-0024,2018-02-12,False,False,,,,2018-0024,True,40625a8e7aa4ee35,2018-0024__AD_2018-0024_1__EASA_AD_2018_0024.pdf
2018-0031,1,2018-0031,2018-0031,2018-02-07,False,False,,,,2018-0031,True,6e8348dc63bced12,2018-0031__AD_2018-0031_1__EASA_AD_2018_0031.pdf
2018-0034,1,2018-0034,2018-0034,2021-11-17,False,False,,,,2018-0034,True,3236ce411057e206,2018-0034-CN__AD_2018-0034-CN_1__EASA_AD_2018_0034_CN.pdf
2018-0036,1,2018-0036,2018-0036,2018-02-21,False,False,,,,2018-0036,True,a3e59755161b6b82,2018-0036__AD_2018-0036_1__EASA_AD_2018_0036.pdf
2018-0037,1,2018-0037,2018-0037,2018-02-21,False,False,,,,2018-0037,True,76bd16106575f0aa,2018-0037__AD_2018-0037_1__EASA_AD_2018_0037_superseded.pdf
2018-0038,1,2018-0038,2018-0038,2018-02-21,False,False,,,,2018-0038,True,c75123b9b630927a,2018-0038__AD_2018-0038_1__EASA_AD_2018_0038_C1.pdf
2018-0041,1,2018-0041R1,2018-0041R1,,False,False,,,,2018-0041R1,True,e74884e5927ffed4,2018-0041R1__AD_2018-0041R1_1__EASA_AD_2018_0041_R1_C1.pdf
2018-0043,1,2018-0043R1,2018-0043R1,,False,False,,,,2018-0043R1,True,d1d25d2334d26a82,2018-0043R1__AD_2018-0043R1_1__EASA_AD_2018_0043_R1.pdf
2018-0045,1,2018-0045,2018-0045,2018-03-01,False,False,,,,2018-0045,True,0d4c57a61f14b4f7,2018-0045__AD_2018-0045_1__EASA_AD_2018_0045_superseded.pdf
2018-0054,1,2018-0054,2018-0054,2018-03-23,False,False,,,,2018-0054,True,c27ac417e4925d3e,2018-0054__AD_2018-0054_1__EASA_AD_2018_0054.pdf
2018-0058,1,2018-0058R2,2018-0058R2,,False,False,,,,2018-0058R2,True,65a0677312897262,2018-0058R2__AD_2018-0058R2_2__EASA_AD_2018_0058_R2.pdf
2018-0060,1,2018-0060R1,2018-0060R1,,False,False,,,,2018-0060R1,True,def4b1cc0d1218b1,2018-0060R1__AD_2018-0060R1_1__EASA_AD_2018_0060_R1.pdf
2018-0062,1,2018-0062,2018-0062,2018-04-03,False,False,,,,2018-0062,True,f10d20aad26f10d3,2018-0062__AD_2018-0062_2__EASA_AD_2018_0062.pdf
2018-0064,1,2018-0064,2018-0064,2018-04-06,False,False,,,,2018-0064,True,5995f27f530051d2,2018-0064__AD_2018-0064_2__EASA_AD_2018_0064.pdf
2018-0068,1,2018-0068,2018-0068,2018-04-09,False,False,,,,2018-0068,True,e82e3dabb6acae9d,2018-0068__AD_2018-0068_1__EASA_AD_2018_0068_superseded.pdf
2018-0074,1,2018-0074,2018-0074,2018-04-19,False,False,,,,2018-0074,True,52bedf1ef004710f,2018-0074__AD_2018-0074_1__EASA_AD_2018_0074.pdf
2018-0091,1,2018-0091,2018-0091,2018-05-04,False,False,,,,2018-0091,True,26cfb6be9affd408,2018-0091__AD_2018-0091_1__EASA_AD_2018_0091.pdf
2018-0096,1,2018-0096,2018-0096,2018-05-08,False,False,,,,2018-0096,True,a471ee1f52c06124,2018-0096__AD_2018-0096_1__EASA_AD_2018_0096_superseded.pdf
2018-0097,1,2018-0097,2018-0097,2018-05-08,False,False,,,,2018-0097,True,83648a916a11f3b5,2018-0097__AD_2018-0097_1__EASA_AD_2018_0097_superseded.pdf
2018-0098,1,2018-0098,2018-0098,2018-05-08,False,False,,,,2018-0098,True,bbf89c962f209bac,2018-0098__AD_2018-0098_1__EASA_AD_2018_0098.pdf
2018-0099,1,2018-0099,2018-0099,2018-05-24,False,False,,,,2018-0099,True,5f26bfe4255277ae,2018-0099__AD_2018-0099_1__EASA_AD_2018_0099.pdf
2018-0100,1,2018-0100,2018-0100,2018-06-01,False,False,,,,2018-0100,True,db329aa59700f9d8,2018-0100__AD_2018-0100_1__EASA_AD_2018_0100_superseded.pdf
2018-0102,1,2018-0102,2018-0102,2018-05-11,False,False,,,,2018-0102,True,63b4de52fdad9ed3,2018-0102__AD_2018-0102_1__EASA_AD_2018_0102.pdf
2018-0108,1,2018-0108,2018-0108,2018-05-29,False,False,,,,2018-0108,True,75144c1f05797c10,2018-0108__AD_2018-0108_1__EASA_AD_2018_0108.pdf
2018-0110,1,2018-0110,2018-0110,2018-05-31,False,False,,,,2018-0110,True,4687a64ed038cd42,2018-0110__AD_2018-0110_1__EASA_AD_2018_0110.pdf
2018-0111,1,2018-0111R1,2018-0111R1,2018-05-31,False,False,,,,2018-0111R1,True,7adf10f5be833f6a,2018-0111R1__AD_2018-0111R1_1__EASA_AD_2018_0111_R1.pdf
2018-0116,1,2018-0116,2018-0116,2018-06-12,False,False,,,,2018-0116,True,1bddef6b7232973c,2018-0116__AD_2018-0116_1__EASA_AD_2018_0116_superseded.pdf
2018-0117,1,2018-0117R1,2018-0117R1,2018-06-12,False,False,,,,2018-0117R1,True,652569fbec25dee1,2018-0117R1__AD_2018-0117R1_1__EASA_AD_2018_0117_R1.pdf
2018-0118,1,2018-0118R1,2018-0118R1,2018-06-12,False,False,,,,2018-0118R1,True,9edca6afe675254b,2018-0118R1__AD_2018-0118R1_1__EASA_AD_2018_0118_R1_superseded.pdf
2018-0119,1,2018-0119,2018-0119,2018-06-12,False,False,,,,2018-0119,True,9698cc59942b2376,2018-0119__AD_2018-0119_1__EASA_AD_2018_0119.pdf
2018-0123,1,2018-0123,2018-0123,2018-06-18,False,False,,,,2018-0123,True,5c23b359613c46a0,2018-0123__AD_2018-0123_1__EASA_AD_2018_0123.pdf
2018-0129,1,2018-0129,2018-0129,2018-06-29,False,False,,,,2018-0129,True,964fafe5d6a61729,2018-0129__AD_2018-0129_1__EASA_AD_2018_0129.pdf
2018-0131,1,2018-0131,2018-0131,2018-07-03,False,False,,,,2018-0131,True,a29c60380290526c,2018-0131__AD_2018-0131_2__EASA_AD_2018_0131_superseded.pdf
2018-0135,1,2018-0135R1,2018-0135R1,2018-07-10,False,False,,,,2018-0135R1,True,79068a74b8700115,2018-0135R1__AD_2018-0135R1_1__EASA_AD_2018_0135_R1_superseded.pdf
2018-0136,1,2018-0136,2018-0136,2018-07-10,False,False,,,,2018-0136,True,7561afa369202d06,2018-0136__AD_2018-0136_1__EASA_AD_2018_0136_superseded.pdf
2018-0137,1,2018-0137R1,2018-0137R1,,False,False,,,,2018-0137R1,True,94771289bde2e87d,2018-0137R1__AD_2018-0137R1_1__EASA_AD_2018_0137_R1.pdf
2018-0138,1,2018-0138,2018-0138,2018-07-12,False,False,,,,2018-0138,True,b03116e6c94b38e4,2018-0138__AD_2018-0138_1__EASA_AD_2018_0138.pdf
2018-0141,1,2018-0141,2018-0141,2018-07-17,False,False,,,,2018-0141,True,be70f64e5d235cf5,2018-0141__AD_2018-0141_1__EASA_AD_2018_0141_superseded.pdf
2018-0144,1,2018-0144R1,2018-0144R1,,False,False,,,,2018-0144R1,True,a2027d098ed31f5f,2018-0144R1__AD_2018-0144R1_1__EASA_AD_2018_0144_R1.pdf
2018-0145,1,2018-0145R3,2018-0145R3,2018-07-24,False,False,,,,2018-0145R3,True,e8a9de27b89106db,2018-0145R3__AD_2018-0145R3_1__EASA_AD_2018_0145_R3.pdf
2018-0146,1,2018-0146,2018-0146,2018-07-26,False,False,,,,2018-0146,True,d442f86bcc378681,2018-0146__AD_2018-0146_1__EASA_AD_2018_0146.pdf
2018-0147,1,2018-0147,2018-0147,2018-07-27,False,False,,,,2018-0147,True,3a7b2d327f628d5b,2018-0147__AD_2018-0147_1__EASA_AD_2018_0147_superseded.pdf
2018-0148,1,2018-0148R1,2018-0148R1,,False,False,,,,2018-0148R1,True,d08016e71ecaba4b,2018-0148R1__AD_2018-0148R1_1__EASA_AD_2018_0148_R1_superseded.pdf
2018-0150,1,2018-0150,2018-0150,2018-07-30,False,False,,,,2018-0150,True,50474b7a822d12e2,2018-0150__AD_2018-0150_1__EASA_AD_2018_0150.pdf
2018-0151,1,2018-0151,2018-0151,2018-07-30,False,False,,,,2018-0151,True,cb9808f970613d05,2018-0151__AD_2018-0151_1__EASA_AD_2018_0151.pdf
2018-0154,1,2018-0154,2018-0154,2018-08-02,False,False,,,,2018-0154,True,a4059eb4ffc27d6a,2018-0154__AD_2018-0154_1__EASA_AD_2018_0154.pdf
2018-0155,1,2018-0155,2018-0155,2018-08-03,False,False,,,,2018-0155,True,bc7aecfb64420bc5,2018-0155__AD_2018-0155_1__EASA_AD_2018_0155.pdf
2018-0160,1,2018-0160,2018-0160,2018-08-08,False,False,,,,2018-0160,True,9e02008ceb6421aa,2018-0160__AD_2018-0160_1__EASA_AD_2018_0160.pdf
2018-0161,1,2018-0161,2018-0161,2018-08-08,False,False,,,,2018-0161,True,114c310d53c0956d,2018-0161__AD_2018-0161_1__EASA_AD_2018_0161.pdf
2018-0162,1,2018-0162,2018-0162,2018-08-08,False,False,,,,2018-0162,True,06307d7b2cbc34ee,2018-0162__AD_2018-0162_1__EASA_AD_2018_0162.pdf
2018-0170,1,2018-0170,2018-0170,2018-08-20,False,False,,,,2018-0170,True,961c2d1c62637125,2018-0170__AD_2018-0170_1__EASA_AD_2018_0170_superseded.pdf
2018-0174,1,2018-0174,2018-0174,2018-08-28,False,False,,,,2018-0174,True,d166cffc08a27322,2018-0174__AD_2018-0174_1__EASA_AD_2018_0174.pdf
2018-0178,1,2018-0178,2018-0178,2018-09-06,False,False,,,,2018-0178,True,11c83ace8fc4bf26,2018-0178__AD_2018-0178_2__EASA_AD_2018_0178.pdf
2018-0179,1,2018-0179,2018-0179,2018-09-06,False,False,,,,2018-0179,True,4678894e5b312b9a,2018-0179__AD_2018-0179_1__EASA_AD_2018_0179_superseded.pdf
2018-0180,1,2018-0180,2018-0180,2018-09-10,False,False,,,,2018-0180,True,25631ed9d408cdfe,2018-0180__AD_2018-0180_1__EASA_AD_2018_0180_superseded.pdf
2018-0189,1,2018-0189,2018-0189,2018-09-13,False,False,,,,2018-0189,True,78b956072914d632,2018-0189__AD_2018-0189_1__EASA_AD_2018_0189.pdf
2018-0191,1,2018-0191R1,2018-0191R1,,False,False,,,,2018-0191R1,True,b374b0538a5385f8,2018-0191R1__AD_2018-0191R1_1__EASA_AD_2018_0191_R1.pdf
2018-0192,1,2018-0192,2018-0192,2018-09-17,False,False,,,,2018-0192,True,cfc51171161bbb4b,2018-0192__AD_2018-0192_1__EASA_AD_2018_0192.pdf
2018-0196,1,2018-0196,2018-0196,2018-09-19,False,False,,,,2018-0196,True,230ac78757c86c84,2018-0196__AD_2018-0196_1__EASA_AD_2018_0196.pdf
2018-0198,1,2018-0198,2018-0198,2018-09-20,False,False,,,,2018-0198,True,0d49d4e2e3508541,2018-0198__AD_2018-0198_1__EASA_AD_2018_0198.pdf
2018-0200,1,2018-0200,2018-0200,2018-09-20,False,False,,,,2018-0200,True,7308deb5947e593a,2018-0200__AD_2018-0200_1__EASA_AD_2018_0200.pdf
2018-0201,1,2018-0201,2018-0201,2018-09-21,False,False,,,,2018-0201,True,81785ba5383d504d,2018-0201__AD_2018-0201_1__EASA_AD_2018_0201.pdf
2018-0212,1,2018-0212R1,2018-0212R1,,False,False,,,,2018-0212R1,True,f4612ff612be90fa,2018-0212R1__AD_2018-0212R1_1__EASA_AD_2018_0212_R1.pdf
2018-0213,1,2018-0213R1,2018-0213R1,,False,False,,,,2018-0213R1,True,b51ca89b397b3848,2018-0213R1__AD_2018-0213R1_1__EASA_AD_2018_0213_R1_superseded.pdf
2018-0215,1,2018-0215,2018-0215,2018-10-19,False,False,,,,2018-0215,True,b2cba27ddd55b661,2018-0215__AD_2018-0215_1__EASA_AD_2018_0215_superseded.pdf
2018-0218,1,2018-0218,2018-0218,2018-10-25,False,False,,,,2018-0218,True,1a235e3f821275de,2018-0218__AD_2018-0218_1__EASA_AD_2018_0218C1_superseded.pdf
2018-0220,1,2018-0220,2018-0220,2018-10-19,False,False,,,,2018-0220,True,e73d562394c8666b,2018-0220__AD_2018-0220_1__EASA_AD_2018_0220.pdf
2018-0221,1,2018-0221,2018-0221,2018-10-30,False,False,,,,2018-0221,True,bd856a52f7ab2159,2018-0221__AD_2018-0221_1__EASA_AD_2018_0221.pdf
2018-0224,1,2018-0224,2018-0224,2018-11-02,False,False,,,,2018-0224,True,d6580185d459b21e,2018-0224__AD_2018-0224_1__EASA_AD_2018_0224.pdf
2018-0226,1,2018-0226,2018-0226,2022-05-10,False,False,,,,2018-0226,True,c248c6ceae4430e1,2018-0226-CN__AD_2018-0226-CN_1__EASA_AD_2018_0226_CN.pdf
2018-0227,1,2018-0227,2018-0227,2018-11-05,False,False,,,,2018-0227,True,d141209faf03f66a,2018-0227__AD_2018-0227_1__EASA_AD_2018_0227.pdf
2018-0228,1,2018-0228,2018-0228,2018-11-05,False,False,,,,2018-0228,True,d46f45af13f7fa67,2018-0228__AD_2018-0228_1__EASA_AD_2018_0228.pdf
2018-0229,1,2018-0229R1,2018-0229R1,,False,False,,,,2018-0229R1,True,cadd74543f949889,2018-0229R1__AD_2018-0229R1_1__EASA_AD_2018_0229_R1.pdf
2018-0231,1,2018-0231,2018-0231,2018-11-08,False,False,,,,2018-0231,True,0becd76a7dc6fc52,2018-0231__AD_2018-0231_1__EASA_AD_2018_0231_superseded.pdf
2018-0233,1,2018-0233R1,2018-0233R1,,False,False,,,,2018-0233R1,True,78a7d22fdaf7b2cf,2018-0233R1__AD_2018-0233R1_1__EASA_AD_2018_0233_R1_superseded.pdf
2018-0234,1,2018-0234R3,2018-0234R3,,False,False,,,,2018-0234R3,True,c599034389933f24,2018-0234R3__AD_2018-0234R3_1__EASA_AD_2018_0234R3.pdf
2018-0243,1,2018-0243,2018-0243,2018-11-22,False,False,,,,2018-0243,True,04ebd3c2437a0743,2018-0243__AD_2018-0243_1__EASA_AD_2018_0243.pdf
2018-0244,1,2018-0244,2018-0244,2018-11-27,False,False,,,,2018-0244,True,610ed3782022323f,2018-0244__AD_2018-0244_1__EASA_AD_2018_0244.pdf
2018-0245,1,2018-0245R1,2018-0245R1,,False,False,,,,2018-0245R1,True,7f8530161bd2c6bf,2018-0245R1__AD_2018-0245R1_1__EASA_AD_2018_0245_R1_superseded.pdf
2018-0246,1,2018-0246,2018-0246,2018-11-27,False,False,,,,2018-0246,True,0ffbff521ab9746f,2018-0246__AD_2018-0246_1__EASA_AD_2018_0246.pdf
2018-0249,1,2018-0249R1,2018-0249R1,,False,False,,,,2018-0249R1,True,64a0c1af2897c785,2018-0249R1__AD_2018-0249R1_1__EASA_AD_2018_0249_R1_C1.pdf
2018-0255,1,2018-0255,2018-0255,2018-12-11,False,False,,,,2018-0255,True,5a1b9f96c150203e,2018-0255__AD_2018-0255_2__EASA_AD_2018_0255_superseded.pdf
2018-0256,1,2018-0256,2018-0256,2018-12-12,False,False,,,,2018-0256,True,1031fd522806fef6,2018-0256__AD_2018-0256_1__EASA_AD_2018_0256.pdf
2018-0259,1,2018-0259R1,2018-0259R1,,False,False,,,,2018-0259R1,True,bff2a72c827eda3f,2018-0259R1__AD_2018-0259R1_1__EASA_AD_2018_0259_R1_superseded.pdf
2018-0266,1,2018-0266,2018-0266,2018-12-25,False,False,,,,2018-0266,True,65231b2bcc2e9b58,2018-0266__AD_2018-0266_1__EASA_AD_2018_0266_Superseded.pdf
2018-0267,1,2018-0267,2018-0267,2018-12-25,False,False,,,,2018-0267,True,b671d8cc63352620,2018-0267__AD_2018-0267_1__EASA_AD_2018_0267.pdf
2018-0271,1,2018-0271,2018-0271,2018-12-26,False,False,,,,2018-0271,True,8ce4315f6581cd8d,2018-0271__AD_2018-0271_1__EASA_AD_2018_0271_superseded.pdf
2018-0275,1,2018-0275,2018-0275,2018-12-28,False,False,,,,2018-0275,True,2ce124ddf29dc24f,2018-0275__AD_2018-0275_1__EASA_AD_2018_0275.pdf
2018-0276,1,2018-0276R1,2018-0276R1,2019-01-13,False,False,,,,2018-0276R1,True,e29e661bb8c34093,2018-0276R1__AD_2018-0276R1_1__EASA_AD_2018_0276_R1_C1.pdf
2018-0288,1,2018-0288,2018-0288,2019-01-04,False,False,,,,2018-0288,True,da2a8972ddb16b54,2018-0288__AD_2018-0288_1__EASA_AD_2018_0288_superseded.pdf
2018-0289,1,2018-0289R1,2018-0289R1,,False,False,,,,2018-0289R1,True,0378bfe764e35740,2018-0289R1__AD_2018-0289R1_1__EASA_AD_2018_0289R1_superseded.pdf
2018-0290,1,2018-0290,2018-0290,2019-01-04,False,False,,,,2018-0290,True,01a484b425e9a5b6,2018-0290__AD_2018-0290_1__EASA_AD_2018_0290.pdf
2019-0002,1,2019-0002,2019-0002,2019-01-25,False,False,,,,2019-0002,True,c0d062608c3bd24e,2019-0002__AD_2019-0002_1__EASA_AD_2019_0002_superseded.pdf
2019-0005,1,2019-0005,2019-0005,2019-01-28,False,False,,,,2019-0005,True,ac158931f417ec89,2019-0005__AD_2019-0005_1__EASA_AD_2019_0005.pdf
2019-0006,1,2019-0006,2019-0006,2019-01-31,False,False,,,,2019-0006,True,9f88d0de4ae415ea,2019-0006__AD_2019-0006_1__EASA_AD_2019_0006.pdf
2019-0011,1,2019-0011R2,2019-0011R2,,False,False,,,,2019-0011R2,True,1949a5e809ac47e1,2019-0011R2__AD_2019-0011R2_2__EASA_AD_2019_0011_R2.pdf
2019-0012,1,2019-0012,2019-0012,2019-02-07,False,False,,,,2019-0012,True,71c6f23145a0b72f,2019-0012__AD_2019-0012_1__EASA_AD_2019_0012_superseded.pdf
2019-0014,1,2019-0014,2019-0014,2019-02-12,False,False,,,,2019-0014,True,20a618446e4866ed,2019-0014__AD_2019-0014_1__EASA_AD_2019_0014.pdf
2019-0017,1,2019-0017,2019-0017,2019-02-12,False,False,,,,2019-0017,True,65e07b9907730c91,2019-0017__AD_2019-0017_2__EASA_AD_2019_0017.pdf
2019-0020,1,2019-0020,2019-0020,2019-02-14,False,False,,,,2019-0020,True,08d1331b7d3b0d33,2019-0020__AD_2019-0020_1__EASA_AD_2019_0020.pdf
2019-0026,1,2019-0026,2019-0026,2019-02-18,False,False,,,,2019-0026,True,0bdf7ca20bbe4be1,2019-0026__AD_2019-0026_1__EASA_AD_2019_0026.pdf
2019-0027,1,2019-0027,2019-0027,2019-02-18,False,False,,,,2019-0027,True,6f0d0bb8b94e1fa9,2019-0027__AD_2019-0027_1__EASA_AD_2019_0027_superseded.pdf
2019-0028,1,2019-0028,2019-0028,2019-02-21,False,False,,,,2019-0028,True,e0aedb22b01aa8a1,2019-0028__AD_2019-0028_1__EASA_AD_2019_0028.pdf
2019-0031,1,2019-0031,2019-0031,2019-02-27,False,False,,,,2019-0031,True,3ae1bcce32fcecf1,2019-0031__AD_2019-0031_2__EASA_AD_2019_0031.pdf
2019-0035,1,2019-0035R1,2019-0035R1,,False,False,,,,2019-0035R1,True,3679b555570875dd,2019-0035R1__AD_2019-0035R1_1__EASA_AD_2019_0035_R1.pdf
2019-0038,1,2019-0038,2019-0038,2019-03-05,False,False,,,,2019-0038,True,f03762d21e0e563a,2019-0038__AD_2019-0038_1__EASA_AD_2019_0038_superseded.pdf
2019-0042,1,2019-0042,2019-0042,2019-03-13,False,False,,,,2019-0042,True,c79a63cfb32c7211,2019-0042__AD_2019-0042_1__EASA_AD_2019_0042.pdf
2019-0044,1,2019-0044R1,2019-0044R1,,False,False,,,,2019-0044R1,True,846610c4714178ea,2019-0044R1__AD_2019-0044R1_2__EASA_AD_2019_0044_R1.pdf
2019-0047,1,2019-0047,2019-0047,2019-03-25,False,False,,,,2019-0047,True,d8470174cacfa8ad,2019-0047__AD_2019-0047_1__EASA_AD_2019_0047_superseded.pdf
2019-0048,1,2019-0048,2019-0048,2019-03-25,False,False,,,,2019-0048,True,e87580babbfa402c,2019-0048__AD_2019-0048_1__EASA_AD_2019_0048_superseded.pdf
2019-0049,1,2019-0049,2019-0049,2019-03-25,False,False,,,,2019-0049,True,976cd0b6f5319d62,2019-0049__AD_2019-0049_1__EASA_AD_2019_0049_superseded.pdf
2019-0050,1,2019-0050,2019-0050,2019-03-25,False,False,,,,2019-0050,True,fe7ef651282711ed,2019-0050__AD_2019-0050_1__EASA_AD_2019_0050_superseded.pdf
2019-0056,1,2019-0056,2019-0056,2019-04-02,False,False,,,,2019-0056,True,f678ab3d213511ea,2019-0056__AD_2019-0056_1__EASA_AD_2019_0056_superseded.pdf
2019-0059,1,2019-0059,2019-0059,2019-04-03,False,False,,,,2019-0059,True,845c71f5020c1029,2019-0059__AD_2019-0059_1__EASA_AD_2019_0059_superseded.pdf
2019-0063,1,2019-0063,2019-0063,2019-04-09,False,False,,,,2019-0063,True,a91805ecb5e52ca3,2019-0063__AD_2019-0063_2__EASA_AD_2019_0063_superseded.pdf
2019-0065,1,2019-0065,2019-0065,2019-04-10,False,False,,,,2019-0065,True,ec97cf4c8163a5c4,2019-0065__AD_2019-0065_1__EASA_AD_2019_0065.pdf
2019-0067,1,2019-0067R1,2019-0067R1,,False,False,,,,2019-0067R1,True,8729e6763f00ba59,2019-0067R1__AD_2019-0067R1_1__EASA_AD_2019_0067_R1_superseded.pdf
2019-0068,1,2019-0068,2019-0068,2019-04-10,False,False,,,,2019-0068,True,b6137ff53be56c03,2019-0068__AD_2019-0068_1__EASA_AD_2019_0068.pdf
2019-0069,1,2019-0069R2,2019-0069R2,,False,False,,,,2019-0069R2,True,028813960a25f569,2019-0069R2__AD_2019-0069R2_1__EASA_AD_2019_0069_R2_C1.pdf
2019-0072,1,2019-0072,2019-0072,2019-04-11,False,False,,,,2019-0072,True,b046c10e8e4de51a,2019-0072__AD_2019-0072_1__EASA_AD_2019_0072_superseded.pdf
2019-0076,1,2019-0076,2019-0076,2019-04-12,False,False,,,,2019-0076,True,3307ae8e46132cc7,2019-0076__AD_2019-0076_1__EASA_AD_2019_0076.pdf
2019-0078,1,2019-0078,2019-0078,2019-04-12,False,False,,,,2019-0078,True,f5247af7e18e1e88,2019-0078__AD_2019-0078_1__EASA_AD_2019_0078.pdf
2019-0081,1,2019-0081,2019-0081,2019-04-17,False,False,,,,2019-0081,True,34fda0dd1e699f5e,2019-0081__AD_2019-0081_1__EASA_AD_2019_0081.pdf
2019-0083,1,2019-0083,2019-0083,2019-04-29,False,False,,,,2019-0083,True,e505e9cbc577fd09,2019-0083__AD_2019-0083_1__EASA_AD_2019_0083.pdf
2019-0085,1,2019-0085,2019-0085,2019-05-02,False,False,,,,2019-0085,True,2b6ef42c14524aec,2019-0085__AD_2019-0085_1__EASA_AD_2019_0085_superseded.pdf
2019-0090,1,2019-0090,2019-0090,2019-05-10,False,False,,,,2019-0090,True,838d726c756b786b,2019-0090__AD_2019-0090_1__EASA_AD_2019_0090_Superseded.pdf
2019-0091,1,2019-0091,2019-0091,2019-05-10,False,False,,,,2019-0091,True,33cff6c30a3fc0d2,2019-0091__AD_2019-0091_1__EASA_AD_2019_0091_Superseded.pdf
2019-0093,1,2019-0093,2019-0093,2019-05-10,False,False,,,,2019-0093,True,893fb0216e9cfc34,2019-0093__AD_2019-0093_1__EASA_AD_2019_0093_superseded.pdf
2019-0094,1,2019-0094,2019-0094,2019-05-10,False,False,,,,2019-0094,True,0c5ad89d4329aa3e,2019-0094__AD_2019-0094_1__EASA_AD_2019_0094.pdf
2019-0098,1,2019-0098,2019-0098,2019-05-17,False,False,,,,2019-0098,True,da056f1bfcdc82ba,2019-0098__AD_2019-0098_1__EASA_AD_2019_0098.pdf
2019-0100,1,2019-0100,2019-0100,2019-05-21,False,False,,,,2019-0100,True,401f523681072837,2019-0100__AD_2019-0100_1__EASA_AD_2019_0100.pdf
2019-0106,1,2019-0106,2019-0106,2019-05-29,False,False,,,,2019-0106,True,610faea1aa318cc3,2019-0106__AD_2019-0106_1__EASA_AD_2019_0106_superseded.pdf
2019-0114,1,2019-0114,2019-0114,2019-06-07,False,False,,,,2019-0114,True,bf9fc1c028721eaf,2019-0114__AD_2019-0114_1__EASA_AD_2019_0114_superseded.pdf
2019-0115,1,2019-0115,2019-0115,2019-06-11,False,False,,,,2019-0115,True,2154ddf090057214,2019-0115__AD_2019-0115_1__EASA_AD_2019_0115.pdf
2019-0122,1,2019-0122,2019-0122,2019-06-18,False,False,,,,2019-0122,True,162c69b88463d27f,2019-0122__AD_2019-0122_1__EASA_AD_2019_0122.pdf
2019-0123,1,2019-0123R1,2019-0123R1,2019-06-19,False,False,,,,2019-0123R1,True,967bf6e44026c616,2019-0123R1__AD_2019-0123R1_1__EASA_AD_2019_0123_R1_superseded.pdf
2019-0124,1,2019-0124,2019-0124,2019-06-19,False,False,,,,2019-0124,True,c1ff6f5861284453,2019-0124__AD_2019-0124_1__EASA_AD_2019_0124_superseded.pdf
2019-0126,1,2019-0126,2019-0126,2019-06-19,False,False,,,,2019-0126,True,855572493fbc432f,2019-0126__AD_2019-0126_2__EASA_AD_2019_0126.pdf
2019-0127,1,2019-0127,2019-0127,2019-06-19,False,False,,,,2019-0127,True,362325060002d523,2019-0127__AD_2019-0127_1__EASA_AD_2019_0127.pdf
2019-0138,1,2019-0138R1,2019-0138R1,,False,False,,,,2019-0138R1,True,ff1f22e6b75b03b7,2019-0138R1__AD_2019-0138R1_1__EASA_AD_2019_0138_R1_C1.pdf
2019-0140,1,2019-0140,2019-0140,2019-06-26,False,False,,,,2019-0140,True,0ff1195b3f1f888e,2019-0140__AD_2019-0140_2__EASA_AD_2019_0140.pdf
2019-0147,1,2019-0147,2019-0147,2019-06-28,False,False,,,,2019-0147,True,e61c66dd566f1342,2019-0147__AD_2019-0147_1__EASA_AD_2019_0147_superseded.pdf
2019-0155,1,2019-0155,2019-0155,2019-07-17,False,False,,,,2019-0155,True,3be27d17371cfe63,2019-0155__AD_2019-0155_1__EASA_AD_2019_0155_1_.pdf
2019-0159,1,2019-0159,2019-0159,2019-07-19,False,False,,,,2019-0159,True,3aeb26ef6e933820,2019-0159__AD_2019-0159_1__EASA_AD_2019_0159.pdf
2019-0164,1,2019-0164,2019-0164,2019-07-25,False,False,,,,2019-0164,True,a613d272052baa64,2019-0164__AD_2019-0164_1__EASA_AD_2019_0164_superseded.pdf
2019-0167,1,2019-0167,2019-0167,2019-07-29,False,False,,,,2019-0167,True,224a68bd3e15a772,2019-0167__AD_2019-0167_1__EASA_AD_2019_0167.pdf
2019-0168,1,2019-0168,2019-0168,2019-07-30,False,False,,,,2019-0168,True,093254f50f852311,2019-0168__AD_2019-0168_1__EASA_AD_2019_0168_superseded.pdf
2019-0170,1,2019-0170R1,2019-0170R1,,False,False,,,,2019-0170R1,True,a3c44c4760aedfcc,2019-0170R1__AD_2019-0170R1_1__EASA_AD_2019_0170_R1.pdf
2019-0171,1,2019-0171R2,2019-0171R2,,False,False,,,,2019-0171R2,True,32432c704e7abdca,2019-0171R2__AD_2019-0171R2_1__EASA_AD_2019_0171R2.pdf
2019-0173,1,2019-0173,2019-0173,2019-08-01,False,False,,,,2019-0173,True,9f5bdfc1342ce362,2019-0173__AD_2019-0173_1__EASA_AD_2019-0173_superseded.pdf
2019-0175,1,2019-0175,2019-0175,2019-08-02,False,False,,,,2019-0175,True,1b63890e9d99fad8,2019-0175__AD_2019-0175_1__EASA_AD_2019_0175.pdf
2019-0176,1,2019-0176,2019-0176,2019-08-02,False,False,,,,2019-0176,True,19b8df8ecf8c87c0,2019-0176__AD_2019-0176_2__EASA_AD_2019_0176.pdf
2019-0181,1,2019-0181R1,2019-0181R1,,False,False,,,,2019-0181R1,True,155a753474ca7101,2019-0181R1__AD_2019-0181R1_1__EASA_AD_2019_0181_R1.pdf
2019-0183,1,2019-0183,2019-0183,2019-08-09,False,False,,,,2019-0183,True,5577514a19f6917c,2019-0183__AD_2019-0183_1__EASA_AD_2019_0183.pdf
2019-0188,1,2019-0188,2019-0188,2019-08-31,False,False,,,,2019-0188,True,1d1f6357de0f3352,2019-0188__AD_2019-0188_1__EASA_AD_2019_0188.pdf
2019-0189,1,2019-0189,2019-0189,2019-08-14,False,False,,,,2019-0189,True,1233974e08e47aa4,2019-0189__AD_2019-0189_1__EASA_AD_2019_0189_superseded.pdf
2019-0190,1,2019-0190,2019-0190,2019-08-31,False,False,,,,2019-0190,True,36621ca01e22e5a9,2019-0190__AD_2019-0190_1__EASA_AD_2019_0190.pdf
2019-0192,1,2019-0192,2019-0192,2019-08-31,False,False,,,,2019-0192,True,f79e942c648ed6c0,2019-0192__AD_2019-0192_1__EASA_AD_2019_0192.pdf
2019-0196,1,2019-0196,2019-0196,2019-08-28,False,False,,,,2019-0196,True,58cf2f3624f49f4a,2019-0196__AD_2019-0196_1__EASA_AD_2019_0196.pdf
2019-0197,1,2019-0197R1,2019-0197R1,,False,False,,,,2019-0197R1,True,09678d757d6f0dc8,2019-0197R1__AD_2019-0197R1_1__EASA_AD_2019_0197_R1.pdf
2019-0203,1,2019-0203,2019-0203,2019-09-03,False,False,,,,2019-0203,True,4b2d4ea4440aaf3e,2019-0203__AD_2019-0203_2__EASA_AD_2019_0203_Superseded.pdf
2019-0205,1,2019-0205,2019-0205,2019-09-01,False,False,,,,2019-0205,True,762d98efc01f4ee0,2019-0205__AD_2019-0205_1__EASA_AD_2019_0205_superseded.pdf
2019-0206,1,2019-0206,2019-0206,2019-09-03,False,False,,,,2019-0206,True,820bba641259876a,2019-0206__AD_2019-0206_1__EASA_AD_2019_0206_superseded.pdf
2019-0207,1,2019-0207R2,2019-0207R2,,False,False,,,,2019-0207R2,True,ce07fb098e82286c,2019-0207R2__AD_2019-0207R2_1__EASA_AD_2019_0207_R2.pdf
2019-0210,1,2019-0210,2019-0210,2019-09-09,False,False,,,,2019-0210,True,c509d18529c275e4,2019-0210__AD_2019-0210_1__EASA_AD_2019_0210_superseded.pdf
2019-0214,1,2019-0214,2019-0214,2019-09-13,False,False,,,,2019-0214,True,4a03b6901cef7df5,2019-0214__AD_2019-0214_1__EASA_AD_2019_0214.pdf
2019-0215,1,2019-0215,2019-0215,2019-09-18,False,False,,,,2019-0215,True,39c9ad036a0838c2,2019-0215__AD_2019-0215_1__EASA_AD_2019_0215_superseded.pdf
2019-0216,1,2019-0216,2019-0216,2019-09-16,False,False,,,,2019-0216,True,8a9d61ebd2738f6c,2019-0216__AD_2019-0216_1__EASA_AD_2019_0216_superseded.pdf
2019-0217,1,2019-0217,2019-0217,2019-09-16,False,False,,,,2019-0217,True,1a78da4d00095248,2019-0217__AD_2019-0217_1__EASA_AD_2019_0217_superseded.pdf
2019-0219,1,2019-0219,2019-0219,2019-09-25,False,False,,,,2019-0219,True,bc00394423188e55,2019-0219__AD_2019-0219_2__EASA_AD_2019_0219_C1.pdf
2019-0220,1,2019-0220R1,2019-0220R1,,False,False,,,,2019-0220R1,True,25f74aa576c64351,2019-0220R1__AD_2019-0220R1_1__EASA_AD_2019_0220_R1_superseded.pdf
2019-0222,1,2019-0222,2019-0222,2019-09-20,False,False,,,,2019-0222,True,d524b7cb5fe78593,2019-0222__AD_2019-0222_1__EASA_AD_2019_0222_superseded.pdf
2019-0223,1,2019-0223,2019-0223,2019-09-20,False,False,,,,2019-0223,True,4274859241bf605d,2019-0223__AD_2019-0223_1__EASA_AD_2019_0223_superseded.pdf
2019-0226,1,2019-0226,2019-0226,2019-09-25,False,False,,,,2019-0226,True,3b2b105223218a00,2019-0226__AD_2019-0226_1__EASA_AD_2019_0226.pdf
2019-0227,1,2019-0227,2019-0227,2019-09-25,False,False,,,,2019-0227,True,8d8ac536f137a323,2019-0227__AD_2019-0227_1__EASA_AD_2019_0227.pdf
2019-0229,1,2019-0229R1,2019-0229R1,2019-09-26,False,False,,,,2019-0229R1,True,1f3fb1774146f7ba,2019-0229R1__AD_2019-0229R1_1__EASA_AD_2019_0229_R1.pdf
2019-0232,1,2019-0232,2019-0232,2019-09-30,False,False,,,,2019-0232,True,17415a6656f8e609,2019-0232__AD_2019-0232_2__EASA_AD_2019_0232.pdf
2019-0233,1,2019-0233,2019-0233,2019-10-02,False,False,,,,2019-0233,True,6ff324fd2349c9b0,2019-0233__AD_2019-0233_1__EASA_AD_2019_0233_C1_superseded.pdf
2019-0243,1,2019-0243,2019-0243,2019-10-14,False,False,,,,2019-0243,True,e84c9711659cdc52,2019-0243__AD_2019-0243_1__EASA_AD_2019_0243_superseded.pdf
2019-0251,1,2019-0251,2019-0251,2019-10-16,False,False,,,,2019-0251,True,cea4a1f292d63583,2019-0251__AD_2019-0251_1__EASA_AD_2019_0251_superseded.pdf
2019-0264,1,2019-0264,2019-0264,2019-11-06,False,False,,,,2019-0264,True,15ab43fdd94de9f9,2019-0264__AD_2019-0264_1__EASA_AD_2019_0264.pdf
2019-0265,1,2019-0265,2019-0265,2019-11-08,False,False,,,,2019-0265,True,fcbdcd290c33051b,2019-0265__AD_2019-0265_1__EASA_AD_2019_0265.pdf
2019-0279,1,2019-0279R1,2019-0279R1,,False,False,,,,2019-0279R1,True,efa0f22926cc89f0,2019-0279R1__AD_2019-0279R1_1__EASA_AD_2019_0279R1.pdf
2019-0283,1,2019-0283,2019-0283,2019-12-05,False,False,,,,2019-0283,True,e4fa7469123113f6,2019-0283__AD_2019-0283_1__EASA_AD_2019_0283.pdf
2019-0288,1,2019-0288,2019-0288,2019-12-12,False,False,,,,2019-0288,True,a8fd04af42c1e837,2019-0288__AD_2019-0288_1__EASA_AD_2019_0288_superseded.pdf
2019-0291,1,2019-0291R1,2019-0291R1,,False,False,,,,2019-0291R1,True,b87fb294428824b2,2019-0291R1__AD_2019-0291R1_1__EASA_AD_2019_0291_R1_superseded.pdf
2019-0297,1,2019-0297R1,2019-0297R1,,False,False,,,,2019-0297R1,True,c67b688edd19b951,2019-0297R1__AD_2019-0297R1_1__EASA_AD_2019_0297_R1_superseded.pdf
2019-0301,1,2019-0301,2019-0301,2019-12-26,False,False,,,,2019-0301,True,b2ce6bdea9c0acdd,2019-0301__AD_2019-0301_1__EASA_AD_2019_0301.pdf
2019-0304,1,2019-0304R1,2019-0304R1,2019-12-31,False,False,,,,2019-0304R1,True,af55bc5555607e90,2019-0304R1__AD_2019-0304R1_1__EASA_AD_2019_0304_R1.pdf
2019-0309,1,2019-0309,2019-0309,2020-01-02,False,False,,,,2019-0309,True,a0e35d0cb8df262d,2019-0309__AD_2019-0309_1__EASA_AD_2019_0309.pdf
2019-0310,1,2019-0310R1,2019-0310R1,,False,False,,,,2019-0310R1,True,dae7de329746e269,2019-0310R1__AD_2019-0310R1_1__EASA_AD_2019_0310_R1_superseded.pdf
2019-0312,1,2019-0312,2019-0312,2020-01-03,False,False,,,,2019-0312,True,44b484827239a084,2019-0312__AD_2019-0312_1__EASA_AD_2019_0312.pdf
2019-0314,1,2019-0314,2019-0314,2020-01-03,False,False,,,,2019-0314,True,3313282ab14eabf6,2019-0314__AD_2019-0314_1__EASA_AD_2019_0314_superseded.pdf
2019-0315,1,2019-0315R1,2019-0315R1,,False,False,,,,2019-0315R1,True,d526d03607b21849,2019-0315R1__AD_2019-0315R1_1__EASA_AD_2019_0315_R1.pdf
2019-0316,1,2019-0316,2019-0316,2020-01-06,False,False,,,,2019-0316,True,c51fff01c1b9c9e0,2019-0316__AD_2019-0316_1__EASA_AD_2019_0316_superseded.pdf
2020-0005,1,2020-0005R1,2020-0005R1,,False,False,,,,2020-0005R1,True,388a8cfd215ea958,2020-0005R1__AD_2020-0005R1_1__EASA_AD_2020_0005_R1.pdf
2020-0009,1,2020-0009,2020-0009,2020-02-06,False,False,,,,2020-0009,True,87ceddfe3407c783,2020-0009__AD_2020-0009_1__EASA_AD_2020_0009_superseded.pdf
2020-0012,1,2020-0012R1,2020-0012R1,,False,False,,,,2020-0012R1,True,575afa18651c0d7a,2020-0012R1__AD_2020-0012R1_1__EASA_AD_2020_0012_R1.pdf
2020-0016,1,2020-0016,2020-0016,2020-02-13,False,False,,,,2020-0016,True,5c6e21ab23447af0,2020-0016__AD_2020-0016_1__EASA_AD_2020_0016.pdf
2020-0019,1,2020-0019,2020-0019,2020-02-19,False,False,,,,2020-0019,True,15d62f05c70d4251,2020-0019__AD_2020-0019_1__EASA_AD_2020_0019.pdf
2020-0025,1,2020-0025,2020-0025,2020-02-28,False,False,,,,2020-0025,True,b3e8357146c72500,2020-0025__AD_2020-0025_1__EASA_AD_2020_0025.pdf
2020-0027,1,2020-0027R1,2020-0027R1,2020-02-28,False,False,,,,2020-0027R1,True,e56092d407f88f2a,2020-0027R1__AD_2020-0027R1_1__EASA_AD_2020_0027_R1.pdf
2020-0028,1,2020-0028,2020-0028,2020-02-29,False,False,,,,2020-0028,True,734af537e02af649,2020-0028__AD_2020-0028_1__EASA_AD_2020_0028.pdf
2020-0030,1,2020-0030,2020-0030,2020-03-03,False,False,,,,2020-0030,True,c286951c64b8007c,2020-0030__AD_2020-0030_1__EASA_AD_2020_0030.pdf
2020-0031,1,2020-0031,2020-0031,2020-03-03,False,False,,,,2020-0031,True,a502d7dafa97c01e,2020-0031__AD_2020-0031_1__EASA_AD_2020_0031_superseded.pdf
2020-0032,1,2020-0032,2020-0032,2020-03-03,False,False,,,,2020-0032,True,d8a3115f5cd452b5,2020-0032__AD_2020-0032_1__EASA_AD_2020_0032_superseded.pdf
2020-0034,1,2020-0034,2020-0034,2020-03-10,False,False,,,,2020-0034,True,8eee27a7edd05d7c,2020-0034__AD_2020-0034_1__EASA_AD_2020_0034_superseded.pdf
2020-0036,1,2020-0036R1,2020-0036R1,,False,False,,,,2020-0036R1,True,3b410c2117dc3163,2020-0036R1__AD_2020-0036R1_1__EASA_AD_2020_0036_R1_superseded.pdf
2020-0037,1,2020-0037,2020-0037,2020-03-12,False,False,,,,2020-0037,True,c5e0821ce52eb446,2020-0037__AD_2020-0037_1__EASA_AD_2020_0037_C1.pdf
2020-0040,1,2020-0040R1,2020-0040R1,,False,False,,,,2020-0040R1,True,e51b5036686fe27a,2020-0040R1__AD_2020-0040R1_1__EASA_AD_2020_0040R1.pdf
2020-0050,1,2020-0050,2020-0050,2020-03-23,False,False,,,,2020-0050,True,a7111cc699feb094,2020-0050__AD_2020-0050_1__EASA_AD_2020_0050_C1.pdf
2020-0051,1,2020-0051,2020-0051,2020-03-25,False,False,,,,2020-0051,True,d6ef663261a3c017,2020-0051__AD_2020-0051_2__EASA_AD_2020_0051.pdf
2020-0052,1,2020-0052,2020-0052,2020-03-24,False,False,,,,2020-0052,True,ae85720a82947012,2020-0052__AD_2020-0052_1__EASA_AD_2020_0052.pdf
2020-0053,1,2020-0053,2020-0053,2020-03-31,False,False,,,,2020-0053,True,1aa5a4cb48376387,2020-0053__AD_2020-0053_1__EASA_AD_2020_0053.pdf
2020-0054,1,2020-0054,2020-0054,2020-03-25,False,False,,,,2020-0054,True,ff5be2e692358cd1,2020-0054__AD_2020-0054_1__EASA_AD_2020_0054_superseded.pdf
2020-0058,1,2020-0058,2020-0058,2020-03-31,False,False,,,,2020-0058,True,0d6dff7ec30bd4fc,2020-0058__AD_2020-0058_1__EASA_AD_2020_0058.pdf
2020-0060,1,2020-0060,2020-0060,2020-03-23,False,False,,,,2020-0060,True,39eede21825541b1,2020-0060__AD_2020-0060_1__EASA_AD_2020_0060.pdf
2020-0067,1,2020-0067,2020-0067,2020-04-06,False,False,,,,2020-0067,True,a09b3ff1bd2a7e9c,2020-0067__AD_2020-0067_1__EASA_AD_2020_0067_superseded.pdf
2020-0070,1,2020-0070,2020-0070,2020-04-07,False,False,,,,2020-0070,True,4945c3c1c19a21b4,2020-0070__AD_2020-0070_2__EASA_AD_2020_0070.pdf
2020-0071,1,2020-0071,2020-0071,2020-04-08,False,False,,,,2020-0071,True,ae73a0cfdbce2844,2020-0071__AD_2020-0071_1__EASA_AD_2020_0071.pdf
2020-0073,1,2020-0073,2020-0073,2020-04-02,False,False,,,,2020-0073,True,52fde4f7f9d6b3c5,2020-0073__AD_2020-0073_1__EASA_AD_2020_0073_superseded.pdf
2020-0076,1,2020-0076,2020-0076,2020-04-13,False,False,,,,2020-0076,True,691d39ed44c22e85,2020-0076__AD_2020-0076_1__EASA_AD_2020_0076.pdf
2020-0077,1,2020-0077,2020-0077,2020-04-14,False,False,,,,2020-0077,True,38623d61de4051ef,2020-0077__AD_2020-0077_2__EASA_AD_2020_0077.pdf
2020-0080,1,2020-0080,2020-0080,2020-04-15,False,False,,,,2020-0080,True,4acc1512adf212ad,2020-0080__AD_2020-0080_1__EASA_AD_2020_0080_superseded.pdf
2020-0083,1,2020-0083,2020-0083,2020-04-17,False,False,,,,2020-0083,True,73c0793697b553ed,2020-0083__AD_2020-0083_1__EASA_AD_2020_0083.pdf
2020-0085,1,2020-0085R1,2020-0085R1,,False,False,,,,2020-0085R1,True,5ced2074d6402f32,2020-0085R1__AD_2020-0085R1_1__EASA_AD_2020_0085R1.pdf
2020-0088,1,2020-0088,2020-0088,2020-05-01,False,False,,,,2020-0088,True,0d401d0aaa8d93dc,2020-0088__AD_2020-0088_1__EASA_AD_2020_0088.pdf
2020-0089,1,2020-0089,2020-0089,2020-05-01,False,False,,,,2020-0089,True,20600153efdef715,2020-0089__AD_2020-0089_1__EASA_AD_2020_0089.pdf
2020-0090,1,2020-0090R1,2020-0090R1,,False,False,,,,2020-0090R1,True,bbaf2de7b83daccd,2020-0090R1__AD_2020-0090R1_1__EASA_AD_2020_0090_R1_superseded.pdf
2020-0091,1,2020-0091,2020-0091,2020-05-06,False,False,,,,2020-0091,True,72121627e857a711,2020-0091__AD_2020-0091_1__EASA_AD_2020-0091_Superseded.pdf
2020-0092,1,2020-0092,2020-0092,2020-05-08,False,False,,,,2020-0092,True,b410676740006019,2020-0092__AD_2020-0092_1__EASA_AD_2020_0092.pdf
2020-0093,1,2020-0093,2020-0093,2020-05-08,False,False,,,,2020-0093,True,ac439557b562572b,2020-0093__AD_2020-0093_1__EASA_AD_2020_0093.pdf
2020-0100,1,2020-0100R1,2020-0100R1,,False,False,,,,2020-0100R1,True,5f6f67cc8a1426e2,2020-0100R1__AD_2020-0100R1_1__EASA_AD_2020_0100_R1.pdf
2020-0103,1,2020-0103,2020-0103,2020-05-21,False,False,,,,2020-0103,True,f17c8a3c70be6623,2020-0103__AD_2020-0103_1__EASA_AD_2020_0103_C1.pdf
2020-0104,1,2020-0104R1,2020-0104R1,2024-08-30,False,False,,,,2020-0104R1,True,8f3fcdf4b441bfac,2020-0104R1-CN__AD_2020-0104R1-CN_1__EASA_AD_2020_0104_R1_CN.pdf
2020-0106,1,2020-0106,2020-0106,2020-05-26,False,False,,,,2020-0106,True,392bc3591f8330f9,2020-0106__AD_2020-0106_1__EASA_AD_2020_0106.pdf
2020-0108,1,2020-0108,2020-0108,2020-05-28,False,False,,,,2020-0108,True,429e32c14b247261,2020-0108__AD_2020-0108_1__EASA_AD_2020_0108.pdf
2020-0109,1,2020-0109,2020-0109,2020-05-29,False,False,,,,2020-0109,True,20ba77faf8a18387,2020-0109__AD_2020-0109_1__EASA_AD_2020_0109.pdf
2020-0110,1,2020-0110R1,2020-0110R1,2020-06-03,False,False,,,,2020-0110R1,True,b799951cb2e08b7b,2020-0110R1__AD_2020-0110R1_1__EASA_AD_2020_0110_R1_Superseded.pdf
2020-0111,1,2020-0111R2,2020-0111R2,,False,False,,,,2020-0111R2,True,c292dd451648a1e2,2020-0111R2__AD_2020-0111R2_1__EASA_AD_2020_0111R2_Superseded.pdf
2020-0112,1,2020-0112R1,2020-0112R1,2020-06-03,False,False,,,,2020-0112R1,True,df9325f4242ba61a,2020-0112R1__AD_2020-0112R1_1__EASA_AD_2020_0112_R1_Superseded.pdf
2020-0118,1,2020-0118,2020-0118,2020-06-05,False,False,,,,2020-0118,True,f034415bf375f2c0,2020-0118__AD_2020-0118_1__EASA_AD_2020_0118_superseded.pdf
2020-0122,1,2020-0122,2020-0122,2020-06-12,False,False,,,,2020-0122,True,4a5e3fb78b10623e,2020-0122__AD_2020-0122_1__EASA_AD_2020_0122.pdf
2020-0123,1,2020-0123,2020-0123,2020-06-12,False,False,,,,2020-0123,True,95157937f61c7649,2020-0123__AD_2020-0123_1__EASA_AD_2020_0123_superseded.pdf
2020-0125,1,2020-0125,2020-0125,2020-06-09,False,False,,,,2020-0125,True,ac0cb36b6a004e7a,2020-0125__AD_2020-0125_1__EASA_AD_2020_0125.pdf
2020-0126,1,2020-0126,2020-0126,2020-06-17,False,False,,,,2020-0126,True,25cde32799e5408a,2020-0126__AD_2020-0126_1__EASA_AD_2020_0126.pdf
2020-0129,1,2020-0129,2020-0129,2020-06-19,False,False,,,,2020-0129,True,301a45c34505f90c,2020-0129__AD_2020-0129_1__EASA_AD_2020_0129.pdf
2020-0130,1,2020-0130,2020-0130,2020-06-22,False,False,,,,2020-0130,True,08c8dd45290325ad,2020-0130__AD_2020-0130_1__EASA_AD_2020_0130.pdf
2020-0133,1,2020-0133,2020-0133,2020-06-24,False,False,,,,2020-0133,True,246bc8ce4cc149a8,2020-0133__AD_2020-0133_1__EASA_AD_2020_0133_superseded.pdf
2020-0139,1,2020-0139R1,2020-0139R1,2020-07-06,False,False,,,,2020-0139R1,True,a6108e16286a105d,2020-0139R1__AD_2020-0139R1_1__EASA_AD_2020_0139_R1_superseded.pdf
2020-0144,1,2020-0144,2020-0144,2020-07-13,False,False,,,,2020-0144,True,f49cf1fb7f25bfce,2020-0144__AD_2020-0144_1__EASA_AD_2020_0144.pdf
2020-0145,1,2020-0145,2020-0145,2020-07-15,False,False,,,,2020-0145,True,b77d87f3aa8b5680,2020-0145__AD_2020-0145_2__EASA_AD_2020_0145.pdf
2020-0148,1,2020-0148,2020-0148,2020-07-20,False,False,,,,2020-0148,True,566095b7e60968f4,2020-0148__AD_2020-0148_1__EASA_AD_2020_0148.pdf
2020-0153,1,2020-0153,2020-0153,2020-07-24,False,False,,,,2020-0153,True,19b0b74ef657a975,2020-0153__AD_2020-0153_1__EASA_AD_2020_0153.pdf
2020-0155,1,2020-0155,2020-0155,2020-07-21,False,False,,,,2020-0155,True,591c53d698fafa48,2020-0155__AD_2020-0155_1__EASA_AD_2020_0155.pdf
2020-0157,1,2020-0157,2020-0157,2020-07-30,False,False,,,,2020-0157,True,eb85663ac0f8e4ec,2020-0157__AD_2020-0157_1__EASA_AD_2020_0157.pdf
2020-0162,1,2020-0162,2020-0162,2020-08-04,False,False,,,,2020-0162,True,67d3f5b03931b9d1,2020-0162__AD_2020-0162_1__EASA_AD_2020_0162_superseded.pdf
2020-0163,1,2020-0163R2,2020-0163R2,,False,False,,,,2020-0163R2,True,210cfd0bcda6c06e,2020-0163R2__AD_2020-0163R2_1__EASA_AD_2020_0163_R2_superseded.pdf
2020-0165,1,2020-0165,2020-0165,2020-08-06,False,False,,,,2020-0165,True,c54abf44a4c8d370,2020-0165__AD_2020-0165_1__EASA_AD_2020_0165.pdf
2020-0166,1,2020-0166,2020-0166,2020-08-10,False,False,,,,2020-0166,True,1a734e13976f3405,2020-0166__AD_2020-0166_1__EASA_AD_2020_0166.pdf
2020-0167,1,2020-0167R1,2020-0167R1,,False,False,,,,2020-0167R1,True,3eadec5e80e45210,2020-0167R1__AD_2020-0167R1_1__EASA_AD_2020_0167_R1.pdf
2020-0169,1,2020-0169R1,2020-0169R1,,False,False,,,,2020-0169R1,True,af61b12d911064ce,2020-0169R1__AD_2020-0169R1_2__EASA_AD_2020_0169_R1_superseded.pdf
2020-0172,1,2020-0172,2020-0172,2020-08-10,False,False,,,,2020-0172,True,29758375553d8b12,2020-0172__AD_2020-0172_1__EASA_AD_2020_0172.pdf
2020-0174,1,2020-0174,2020-0174,2020-08-19,False,False,,,,2020-0174,True,7a2a0163b09abacc,2020-0174__AD_2020-0174_1__EASA_AD_2020_0174_superseded.pdf
2020-0176,1,2020-0176,2020-0176,2020-08-19,False,False,,,,2020-0176,True,a22a7ff005569af4,2020-0176__AD_2020-0176_1__EASA_AD_2020_0176.pdf
2020-0183,1,2020-0183,2020-0183,2020-08-31,False,False,,,,2020-0183,True,cb49d2ac6f555947,2020-0183__AD_2020-0183_1__EASA_AD_2020_0183_superseded.pdf
2020-0190,1,2020-0190,2020-0190,2021-11-17,False,False,,,,2020-0190,True,e997b83a6b93119a,2020-0190-CN__AD_2020-0190-CN_1__EASA_AD_2020_0190_CN.pdf
2020-0193,1,2020-0193,2020-0193,2020-09-21,False,False,,,,2020-0193,True,82b6e0019a6eebb3,2020-0193__AD_2020-0193_1__EASA_AD_2020_0193.pdf
2020-0198,1,2020-0198,2020-0198,2020-09-29,False,False,,,,2020-0198,True,692d73866aa207b1,2020-0198__AD_2020-0198_1__EASA_AD_2020_0198_superseded.pdf
2020-0203,1,2020-0203,2020-0203,2020-10-07,False,False,,,,2020-0203,True,2120860d3609d09c,2020-0203__AD_2020-0203_1__EASA_AD_2020_0203.pdf
2020-0205,1,2020-0205,2020-0205,2020-10-01,False,False,,,,2020-0205,True,4c148e3149f81ed6,2020-0205__AD_2020-0205_1__EASA_AD_2020_0205_superseded.pdf
2020-0209,1,2020-0209,2020-0209,2020-10-19,False,False,,,,2020-0209,True,2ef518d2d40c075c,2020-0209__AD_2020-0209_1__EASA_AD_2020_0209.pdf
2020-0210,1,2020-0210,2020-0210,2020-10-19,False,False,,,,2020-0210,True,ac27f4e5abd5dc34,2020-0210__AD_2020-0210_1__EASA_AD_2020_0210_superseded.pdf
2020-0211,1,2020-0211,2020-0211,2020-10-19,False,False,,,,2020-0211,True,60e0ffde66b7e239,2020-0211__AD_2020-0211_1__EASA_AD_2020_0211_Superseded.pdf
2020-0218,1,2020-0218,2020-0218,2020-10-26,False,False,,,,2020-0218,True,c2446b6be72f72b4,2020-0218__AD_2020-0218_1__EASA_AD_2020_0218.pdf
2020-0219,1,2020-0219,2020-0219,2020-10-26,False,False,,,,2020-0219,True,b8082c86041069b3,2020-0219__AD_2020-0219_1__EASA_AD_2020_0219_superseded.pdf
2020-0220,1,2020-0220,2020-0220,2020-10-27,False,False,,,,2020-0220,True,e76be3b31e38e12a,2020-0220__AD_2020-0220_1__EASA_AD_2020_0220_superseded.pdf
2020-0222,1,2020-0222,2020-0222,2020-10-28,False,False,,,,2020-0222,True,6e60870d8349517f,2020-0222__AD_2020-0222_1__EASA_AD_2020_0222.pdf
2020-0232,1,2020-0232,2020-0232,2020-11-09,False,False,,,,2020-0232,True,ce408a2f2517ff83,2020-0232__AD_2020-0232_1__EASA_AD_2020_0232_superseded.pdf
2020-0234,1,2020-0234,2020-0234,2020-11-10,False,False,,,,2020-0234,True,fef9cd9da97905ac,2020-0234__AD_2020-0234_1__EASA_AD_2020_0234.pdf
2020-0236,1,2020-0236,2020-0236,2022-05-16,False,False,,,,2020-0236,True,5a0a872c26e2410f,2020-0236-CN__AD_2020-0236-CN_1__EASA_AD_2020_0236_CN.pdf
2020-0239,1,2020-0239,2020-0239,2020-11-18,False,False,,,,2020-0239,True,4eda8e9a3448ff71,2020-0239__AD_2020-0239_1__EASA_AD_2020_0239.pdf
2020-0245,1,2020-0245,2020-0245,2020-11-23,False,False,,,,2020-0245,True,4ca817a1f097f544,2020-0245__AD_2020-0245_2__EASA_AD_2020_0245.pdf
2020-0248,1,2020-0248,2020-0248,2020-11-25,False,False,,,,2020-0248,True,2ec5e3a0619b4ae7,2020-0248__AD_2020-0248_1__EASA_AD_2020_0248_C1.pdf
2020-0250,1,2020-0250,2020-0250,2020-11-25,False,False,,,,2020-0250,True,fe631d8ef39bdc27,2020-0250__AD_2020-0250_1__EASA_AD_2020_0250.pdf
2020-0255,1,2020-0255,2020-0255,2020-11-27,False,False,,,,2020-0255,True,12b398524510af96,2020-0255__AD_2020-0255_1__EASA_AD_2020_0255.pdf
2020-0258,1,2020-0258,2020-0258,2020-12-02,False,False,,,,2020-0258,True,f60e41c72c630f9b,2020-0258__AD_2020-0258_1__EASA_AD_2020_0258_C1_superseded.pdf
2020-0265,1,2020-0265,2020-0265,2020-12-16,False,False,,,,2020-0265,True,eacfc52b8087576e,2020-0265__AD_2020-0265_1__EASA_AD_2020_0265.pdf
2020-0267,1,2020-0267,2020-0267,2020-12-17,False,False,,,,2020-0267,True,2f2fa87f62882c53,2020-0267__AD_2020-0267_1__EASA_AD_2020_0267.pdf
2020-0268,1,2020-0268,2020-0268,2020-12-18,False,False,,,,2020-0268,True,df1e929a942b9421,2020-0268__AD_2020-0268_2__EASA_AD_2020_0268_superseded.pdf
2020-0270,1,2020-0270,2020-0270,2020-12-21,False,False,,,,2020-0270,True,b36094c4ddd7fad0,2020-0270__AD_2020-0270_1__EASA_AD_2020_0270_superseded.pdf
2020-0273,1,2020-0273,2020-0273,2024-12-17,False,False,,,,2020-0273,True,03c6ee8742b96aa9,2020-0273-CN__AD_2020-0273-CN_1__EASA_AD_2020_0273_CN.pdf
2020-0274,1,2020-0274,2020-0274,2020-12-24,False,False,,,,2020-0274,True,3c712859c4eb913a,2020-0274__AD_2020-0274_1__EASA_AD_2020_0274_superseded.pdf
2020-0276,1,2020-0276,2020-0276,2020-12-25,False,False,,,,2020-0276,True,8de54c140655c0e9,2020-0276__AD_2020-0276_2__EASA_AD_2020_0276.pdf
2020-0279,1,2020-0279,2020-0279,2020-12-21,False,False,,,,2020-0279,True,0b82f0bb071c7ebc,2020-0279__AD_2020-0279_1__EASA_AD_2020_0279.pdf
2020-0280,1,2020-0280,2020-0280,2020-12-28,False,False,,,,2020-0280,True,7369e2a913a898e2,2020-0280__AD_2020-0280_1__EASA_AD_2020_0280.pdf
2020-0283,1,2020-0283,2020-0283,2020-12-31,False,False,,,,2020-0283,True,f8abdf4633005d3d,2020-0283__AD_2020-0283_1__EASA_AD_2020_0283_C1_superseded.pdf
2020-0285,1,2020-0285,2020-0285,2021-01-01,False,False,,,,2020-0285,True,6aefbd16e385bee7,2020-0285__AD_2020-0285_1__EASA_AD_2020_0285.pdf
2020-0286,1,2020-0286,2020-0286,2021-01-01,False,False,,,,2020-0286,True,e03c02a3953be361,2020-0286__AD_2020-0286_1__EASA_AD_2020_0286_superseded.pdf
2021-0001,1,2021-0001,2021-0001,2021-01-18,False,False,,,,2021-0001,True,7b091f335bdafe70,2021-0001__AD_2021-0001_1__EASA_AD_2021_0001_superseded.pdf
2021-0002,1,2021-0002R1,2021-0002R1,,False,False,,,,2021-0002R1,True,6665d110614c4501,2021-0002R1__AD_2021-0002R1_1__EASA_AD_2021_0002_R1.pdf
2021-0004,1,2021-0004R1,2021-0004R1,,False,False,,,,2021-0004R1,True,ed1e1f29dae2596e,2021-0004R1__AD_2021-0004R1_1__EASA_AD_2021_0004_R1.pdf
2021-0007,1,2021-0007,2021-0007,2021-01-21,False,False,,,,2021-0007,True,eb117e2fe8756299,2021-0007__AD_2021-0007_1__EASA_AD_2021_0007.pdf
2021-0017,1,2021-0017,2021-0017,2021-01-28,False,False,,,,2021-0017,True,542bf52ddd407695,2021-0017__AD_2021-0017_1__EASA_AD_2021_0017.pdf
2021-0018,1,2021-0018,2021-0018,2021-01-29,False,False,,,,2021-0018,True,db25da9b79ea2353,2021-0018__AD_2021-0018_1__EASA_AD_2021_0018_Superseded.pdf
2021-0019,1,2021-0019,2021-0019,2021-01-29,False,False,,,,2021-0019,True,6e460ce64893b4eb,2021-0019__AD_2021-0019_1__EASA_AD_2021_0019.pdf
2021-0026,1,2021-0026,2021-0026,2021-02-03,False,False,,,,2021-0026,True,98417f7641c1c419,2021-0026__AD_2021-0026_1__EASA_AD_2021_0026_Superseded.pdf
2021-0028,1,2021-0028,2021-0028,2021-02-04,False,False,,,,2021-0028,True,5b89000f3ee03c26,2021-0028__AD_2021-0028_1__EASA_AD_2021_0028.pdf
2021-0029,1,2021-0029,2021-0029,2021-02-05,False,False,,,,2021-0029,True,f4b42a1801d7e1cb,2021-0029__AD_2021-0029_1__EASA_AD_2021_0029.pdf
2021-0032,1,2021-0032,2021-0032,2021-02-05,False,False,,,,2021-0032,True,e1f5813d38fbe089,2021-0032__AD_2021-0032_1__EASA_AD_2021_0032.pdf
2021-0033,1,2021-0033,2021-0033,2021-02-08,False,False,,,,2021-0033,True,63857141e8f83a0b,2021-0033__AD_2021-0033_1__EASA_AD_2021_0033.pdf
2021-0034,1,2021-0034R1,2021-0034R1,,False,False,,,,2021-0034R1,True,359ad973badc2b88,2021-0034R1__AD_2021-0034R1_1__EASA_AD_2021_0034_R1.pdf
2021-0035,1,2021-0035,2021-0035,2021-02-08,False,False,,,,2021-0035,True,709759bf00d1b8bf,2021-0035__AD_2021-0035_1__EASA_AD_2021_0035.pdf
2021-0037,1,2021-0037,2021-0037,2021-02-08,False,False,,,,2021-0037,True,36179981494e4933,2021-0037__AD_2021-0037_2__EASA_AD_2021_0037.pdf
2021-0045,1,2021-0045,2021-0045,2021-03-02,False,False,,,,2021-0045,True,8e30bb6136073250,2021-0045__AD_2021-0045_1__EASA_AD_2021_0045_superseded.pdf
2021-0049,1,2021-0049,2021-0049,2021-03-04,False,False,,,,2021-0049,True,7d0cbe9875f0b0d2,2021-0049__AD_2021-0049_1__EASA_AD_2021_0049.pdf
2021-0051,1,2021-0051,2021-0051,2021-03-09,False,False,,,,2021-0051,True,0864a4d14dbbdd34,2021-0051__AD_2021-0051_1__EASA_AD_2021_0051_C1.pdf
2021-0053,1,2021-0053R1,2021-0053R1,,False,False,,,,2021-0053R1,True,93e8320de05c9b28,2021-0053R1__AD_2021-0053R1_1__EASA_AD_2021_0053_R1_superseded.pdf
2021-0061,1,2021-0061,2021-0061,2021-03-19,False,False,,,,2021-0061,True,ce256b1b481dbebc,2021-0061__AD_2021-0061_1__EASA_AD_2021_0061.pdf
2021-0063,1,2021-0063R1,2021-0063R1,2021-03-19,False,False,,,,2021-0063R1,True,8692975913157d7a,2021-0063R1__AD_2021-0063R1_1__EASA_AD_2021_0063_R1.pdf
2021-0068,1,2021-0068,2021-0068,2021-03-25,False,False,,,,2021-0068,True,9533053674c3c1e7,2021-0068__AD_2021-0068_1__EASA_AD_2021_0068_superseded.pdf
2021-0071,1,2021-0071,2021-0071,2021-03-26,False,False,,,,2021-0071,True,ec238d7a926d2339,2021-0071__AD_2021-0071_1__EASA_AD_2021_0071.pdf
2021-0073,1,2021-0073,2021-0073,2021-03-29,False,False,,,,2021-0073,True,b760e19f9f349d6d,2021-0073__AD_2021-0073_1__EASA_AD_2021_0073_Superseded.pdf
2021-0082,1,2021-0082,2021-0082,2021-04-02,False,False,,,,2021-0082,True,5f493bb21c8ddb99,2021-0082__AD_2021-0082_1__EASA_AD_2021_0082.pdf
2021-0085,1,2021-0085,2021-0085,2021-04-02,False,False,,,,2021-0085,True,7e558add0bd59d4c,2021-0085__AD_2021-0085_1__EASA_AD_2021_0085.pdf
2021-0087,1,2021-0087,2021-0087,2021-04-07,False,False,,,,2021-0087,True,9e367bf311641409,2021-0087__AD_2021-0087_1__EASA_AD_2021_0087.pdf
2021-0092,1,2021-0092R1,2021-0092R1,,False,False,,,,2021-0092R1,True,7ce52ac87911e35d,2021-0092R1__AD_2021-0092R1_1__EASA_AD_2021_0092_R1.pdf
2021-0093,1,2021-0093,2021-0093,2021-04-13,False,False,,,,2021-0093,True,fe181c31641a61f4,2021-0093__AD_2021-0093_1__EASA_AD_2021_0093_Superseded.pdf
2021-0100,1,2021-0100,2021-0100,2021-04-26,False,False,,,,2021-0100,True,7ff7d177d281f37a,2021-0100__AD_2021-0100_1__EASA_AD_2021_0100.pdf
2021-0103,1,2021-0103,2021-0103,2021-04-27,False,False,,,,2021-0103,True,d7a48bcd113468dc,2021-0103__AD_2021-0103_1__EASA_AD_2021_0103.pdf
2021-0106,1,2021-0106,2021-0106,2021-04-29,False,False,,,,2021-0106,True,29d81d017280773f,2021-0106__AD_2021-0106_1__EASA_AD_2021_0106.pdf
2021-0108,1,2021-0108,2021-0108,2021-05-04,False,False,,,,2021-0108,True,b549e0638cc86d4d,2021-0108__AD_2021-0108_1__EASA_AD_2021_0108_superseded.pdf
2021-0111,1,2021-0111R1,2021-0111R1,,False,False,,,,2021-0111R1,True,8bf55fa0c6d94c61,2021-0111R1__AD_2021-0111R1_1__EASA_AD_2021_0111R1.pdf
2021-0112,1,2021-0112,2021-0112,2021-04-29,False,False,,,,2021-0112,True,961853c596bfea6f,2021-0112__AD_2021-0112_1__EASA_AD_2021_0112.pdf
2021-0115,1,2021-0115R1,2021-0115R1,,False,False,,,,2021-0115R1,True,cbc745aed783f506,2021-0115R1__AD_2021-0115R1_1__EASA_AD_2021_0115R1.pdf
2021-0127,1,2021-0127,2021-0127,2021-05-26,False,False,,,,2021-0127,True,9393b06a586d7b2f,2021-0127__AD_2021-0127_1__EASA_AD_2021_0127.pdf
2021-0128,1,2021-0128,2021-0128,2021-06-01,False,False,,,,2021-0128,True,9901c622a7ee8f2b,2021-0128__AD_2021-0128_1__EASA_AD_2021_0128.pdf
2021-0130,1,2021-0130R1,2021-0130R1,,False,False,,,,2021-0130R1,True,2da24590ed0e365b,2021-0130R1__AD_2021-0130R1_1__EASA_AD_2021_0130_R1_superseded.pdf
2021-0133,1,2021-0133,2021-0133,2021-06-11,False,False,,,,2021-0133,True,ae2af6fae021a89f,2021-0133__AD_2021-0133_1__EASA_AD_2021_0133.pdf
2021-0134,1,2021-0134,2021-0134,2021-06-15,False,False,,,,2021-0134,True,f34f7fc6b964d8e2,2021-0134__AD_2021-0134_1__EASA_AD_2021_0134_Superseded.pdf
2021-0136,1,2021-0136,2021-0136,2021-06-18,False,False,,,,2021-0136,True,190297f4280439af,2021-0136__AD_2021-0136_1__EASA_AD_2021_0136_superseded.pdf
2021-0140,1,2021-0140,2021-0140,2021-06-28,False,False,,,,2021-0140,True,bab6c414a5af5eb4,2021-0140__AD_2021-0140_1__EASA_AD_2021_0140_superseded.pdf
2021-0141,1,2021-0141,2021-0141,2021-06-29,False,False,,,,2021-0141,True,246041f7dbe810f1,2021-0141__AD_2021-0141_1__EASA_AD_2021_0141.pdf
2021-0145,1,2021-0145,2021-0145,2021-07-02,False,False,,,,2021-0145,True,404d76275b505578,2021-0145__AD_2021-0145_1__EASA_AD_2021_0145.pdf
2021-0147,1,2021-0147,2021-0147,2021-07-05,False,False,,,,2021-0147,True,0fde7891126a8422,2021-0147__AD_2021-0147_1__EASA_AD_2021_0147_superseded.pdf
2021-0150,1,2021-0150,2021-0150,2021-06-28,False,False,,,,2021-0150,True,f881bb7f7191b8eb,2021-0150__AD_2021-0150_1__EASA_AD_2021_0150_C1_superseded.pdf
2021-0153,1,2021-0153,2021-0153,2021-07-14,False,False,,,,2021-0153,True,57d64f43f892b9a0,2021-0153__AD_2021-0153_1__EASA_AD_2021_0153.pdf
2021-0161,1,2021-0161,2021-0161,2021-07-20,False,False,,,,2021-0161,True,073d69bba011b741,2021-0161__AD_2021-0161_1__EASA_AD_2021_0161.pdf
2021-0162,1,2021-0162,2021-0162,2021-07-21,False,False,,,,2021-0162,True,4f1ce38122de7c3e,2021-0162__AD_2021-0162_1__EASA_AD_2021_0162.pdf
2021-0166,1,2021-0166R1,2021-0166R1,,False,False,,,,2021-0166R1,True,0918137c334a81d6,2021-0166R1__AD_2021-0166R1_1__EASA_AD_2021_0166R1.pdf
2021-0167,1,2021-0167,2021-0167,2021-07-28,False,False,,,,2021-0167,True,231043e21a8330b4,2021-0167__AD_2021-0167_1__EASA_AD_2021_0167.pdf
2021-0172,1,2021-0172,2021-0172,2021-08-03,False,False,,,,2021-0172,True,bd46d1979c510d9d,2021-0172__AD_2021-0172_2__EASA_AD_2021_0172_superseded.pdf
2021-0173,1,2021-0173,2021-0173,2021-08-04,False,False,,,,2021-0173,True,0f0256e198fe0159,2021-0173__AD_2021-0173_1__EASA_AD_2021_0173.pdf
2021-0175,1,2021-0175,2021-0175,2021-08-05,False,False,,,,2021-0175,True,8fb6ec6fef4f69f7,2021-0175__AD_2021-0175_1__EASA_AD_2021_0175_C1.pdf
2021-0177,1,2021-0177R3,2021-0177R3,,False,False,,,,2021-0177R3,True,3b33c390a77e6340,2021-0177R3__AD_2021-0177R3_1__EASA_AD_2021_0177R3.pdf
2021-0180,1,2021-0180,2021-0180,2023-09-05,False,False,,,,2021-0180,True,6724337d11666871,2021-0180-CN__AD_2021-0180-CN_1__EASA_AD_2021_0180_CN.pdf
2021-0181,1,2021-0181,2021-0181,2021-08-13,False,False,,,,2021-0181,True,d496d27f3bfc7b82,2021-0181__AD_2021-0181_1__EASA_AD_2021_0181_Superseded.pdf
2021-0183,1,2021-0183R1,2021-0183R1,,False,False,,,,2021-0183R1,True,5a8b639a62854a88,2021-0183R1__AD_2021-0183R1_1__EASA_AD_2021_0183R1_superseded.pdf
2021-0190,1,2021-0190,2021-0190,2021-08-31,False,False,,,,2021-0190,True,2044d926ccc83f2d,2021-0190__AD_2021-0190_1__EASA_AD_2021_0190_superseded.pdf
2021-0198,1,2021-0198,2021-0198,2021-09-10,False,False,,,,2021-0198,True,832c49539986ebbb,2021-0198__AD_2021-0198_1__EASA_AD_2021_0198_superseded.pdf
2021-0201,1,2021-0201,2021-0201,2021-09-20,False,False,,,,2021-0201,True,c89d9c9a033a2dbb,2021-0201__AD_2021-0201_1__EASA_AD_2021_0201.pdf
2021-0204,1,2021-0204,2021-0204,2021-09-28,False,False,,,,2021-0204,True,ec57433b71b8c9db,2021-0204__AD_2021-0204_1__EASA_AD_2021_0204_Superseded.pdf
2021-0205,1,2021-0205,2021-0205,2021-09-28,False,False,,,,2021-0205,True,a5457ab4880d7cc4,2021-0205__AD_2021-0205_1__EASA_AD_2021_0205_Superseded.pdf
2021-0206,1,2021-0206,2021-0206,2021-09-29,False,False,,,,2021-0206,True,29a8916a7339cb75,2021-0206__AD_2021-0206_1__EASA_AD_2021_0206_superseded.pdf
2021-0207,1,2021-0207,2021-0207,2021-09-29,False,False,,,,2021-0207,True,9795f089bcfe6ea9,2021-0207__AD_2021-0207_1__EASA_AD_2021_0207_superseded.pdf
2021-0208,1,2021-0208,2021-0208,2021-09-29,False,False,,,,2021-0208,True,15b6ce056d5305e0,2021-0208__AD_2021-0208_1__EASA_AD_2021_0208_superseded.pdf
2021-0209,1,2021-0209,2021-0209,2021-09-29,False,False,,,,2021-0209,True,5442aea8a535a25d,2021-0209__AD_2021-0209_1__EASA_AD_2021_0209_superseded.pdf
2021-0210,1,2021-0210,2021-0210,2021-09-23,False,False,,,,2021-0210,True,7b1dae75702527c8,2021-0210__AD_2021-0210_1__EASA_AD_2021_0210.pdf
2021-0219,1,2021-0219,2021-0219,2021-10-12,False,False,,,,2021-0219,True,28ece0c3d2d8ecaa,2021-0219__AD_2021-0219_1__EASA_AD_2021_0219.pdf
2021-0220,1,2021-0220,2021-0220,2021-10-15,False,False,,,,2021-0220,True,ce3028a4e69e8f7d,2021-0220__AD_2021-0220_1__EASA_AD_2021_0220.pdf
2021-0221,1,2021-0221,2021-0221,2021-10-15,False,False,,,,2021-0221,True,8aaaf372db377584,2021-0221__AD_2021-0221_1__EASA_AD_2021_0221.pdf
2021-0226,1,2021-0226,2021-0226,2021-10-22,False,False,,,,2021-0226,True,9c5093f0a3b490d1,2021-0226__AD_2021-0226_1__EASA_AD_2021_0226.pdf
2021-0227,1,2021-0227,2021-0227,2021-10-25,False,False,,,,2021-0227,True,11a7c4f2f5b93689,2021-0227__AD_2021-0227_1__EASA_AD_2021_0227_superseded.pdf
2021-0228,1,2021-0228,2021-0228,2021-10-26,False,False,,,,2021-0228,True,92dbe1604af189f7,2021-0228__AD_2021-0228_1__EASA_AD_2021_0228.pdf
2021-0229,1,2021-0229,2021-0229,2021-11-19,False,False,,,,2021-0229,True,ebd83eb52781b90e,2021-0229__AD_2021-0229_1__EASA_AD_2021_0229.pdf
2021-0233,1,2021-0233,2021-0233,2021-11-10,False,False,,,,2021-0233,True,cbbf0ca65383f88b,2021-0233__AD_2021-0233_1__EASA_AD_EASA_AD_2021_0233.pdf
2021-0234,1,2021-0234R1,2021-0234R1,,False,False,,,,2021-0234R1,True,df10149fa9151a4a,2021-0234R1__AD_2021-0234R1_1__EASA_AD_2021_0234_R1.pdf
2021-0236,1,2021-0236,2021-0236,2021-11-12,False,False,,,,2021-0236,True,5fcc90bb570d055e,2021-0236__AD_2021-0236_1__EASA_AD_2021_0236.pdf
2021-0241,1,2021-0241,2021-0241,2021-11-22,False,False,,,,2021-0241,True,062afde73fd4b9f3,2021-0241__AD_2021-0241_1__EASA_AD_2021_0241_superseded.pdf
2021-0242,1,2021-0242,2021-0242,2021-11-22,False,False,,,,2021-0242,True,3d05d4995d986ef5,2021-0242__AD_2021-0242_2__EASA_AD_2021_0242.pdf
2021-0246,1,2021-0246R1,2021-0246R1,,False,False,,,,2021-0246R1,True,a6dec23d7584e44c,2021-0246R1__AD_2021-0246R1_1__EASA_AD_2021_0246R1_superseded.pdf
2021-0247,1,2021-0247R1,2021-0247R1,,False,False,,,,2021-0247R1,True,189c6ab1af166ee0,2021-0247R1__AD_2021-0247R1_1__EASA_AD_2021_0247R1_superseded.pdf
2021-0248,1,2021-0248R1,2021-0248R1,,False,False,,,,2021-0248R1,True,3a1014a97788d0d2,2021-0248R1__AD_2021-0248R1_2__EASA_AD_2021_0248R1_superseded.pdf
2021-0249,1,2021-0249R1,2021-0249R1,,False,False,,,,2021-0249R1,True,9a2f3f7d54295475,2021-0249R1__AD_2021-0249R1_1__EASA_AD_2021_0249R1_superseded.pdf
2021-0250,1,2021-0250R1,2021-0250R1,,False,False,,,,2021-0250R1,True,2aafc1723a2d4753,2021-0250R1__AD_2021-0250R1_1__EASA_AD_2021_0250R1_superseded.pdf
2021-0251,1,2021-0251R1,2021-0251R1,,False,False,,,,2021-0251R1,True,2e29fd792199f332,2021-0251R1__AD_2021-0251R1_1__EASA_AD_2021_0251R1_superseded.pdf
2021-0252,1,2021-0252R1,2021-0252R1,,False,False,,,,2021-0252R1,True,8138620ce0a34957,2021-0252R1__AD_2021-0252R1_1__EASA_AD_2021_0252R1.pdf
2021-0253,1,2021-0253R1,2021-0253R1,,False,False,,,,2021-0253R1,True,319f890fb7d58d55,2021-0253R1__AD_2021-0253R1_1__EASA_AD_2021_0253R1.pdf
2021-0254,1,2021-0254,2021-0254,2021-11-29,False,False,,,,2021-0254,True,b650598b0af9d732,2021-0254__AD_2021-0254_2__EASA_AD_2021_0254.pdf
2021-0256,1,2021-0256,2021-0256,2021-11-30,False,False,,,,2021-0256,True,a5e4bee83a1a013f,2021-0256__AD_2021-0256_1__EASA_AD_2021_0256_superseded.pdf
2021-0257,1,2021-0257,2021-0257,2021-12-01,False,False,,,,2021-0257,True,753026cafe4d413a,2021-0257__AD_2021-0257_1__EASA_AD_2021_0257_Superseded.pdf
2021-0258,1,2021-0258,2021-0258,2021-12-01,False,False,,,,2021-0258,True,411cbd77ab281ab5,2021-0258__AD_2021-0258_1__EASA_AD_2021_0258_superseded.pdf
2021-0260,1,2021-0260,2021-0260,2021-12-02,False,False,,,,2021-0260,True,e06a8e4cbae789be,2021-0260__AD_2021-0260_2__EASA_AD_2021_0260_superseded.pdf
2021-0261,1,2021-0261,2021-0261,2021-12-06,False,False,,,,2021-0261,True,f1260676af1ea310,2021-0261__AD_2021-0261_1__EASA_AD_2021_0261_superseded.pdf
2021-0262,1,2021-0262,2021-0262,2021-12-27,False,False,,,,2021-0262,True,3a3631c6268434c8,2021-0262__AD_2021-0262_1__EASA_AD_2021_0262_superseded.pdf
2021-0263,1,2021-0263,2021-0263,2021-12-03,False,False,,,,2021-0263,True,ea1a641d56079765,2021-0263__AD_2021-0263_1__EASA_AD_2021_0263.pdf
2021-0269,1,2021-0269,2021-0269,2021-12-17,False,False,,,,2021-0269,True,2f1fd2214b4a3718,2021-0269__AD_2021-0269_1__EASA_AD_2021_0269.pdf
2021-0275,1,2021-0275,2021-0275,2021-12-24,False,False,,,,2021-0275,True,0d9b09f550693d09,2021-0275__AD_2021-0275_1__EASA_AD_2021_0275.pdf
2021-0277,1,2021-0277,2021-0277,2021-12-28,False,False,,,,2021-0277,True,aeaceca7c8f90a65,2021-0277__AD_2021-0277_1__EASA_AD_2021_0277.pdf
2021-0279,1,2021-0279,2021-0279,2021-12-29,False,False,,,,2021-0279,True,eaece2c6484bfa28,2021-0279__AD_2021-0279_2__EASA_AD_2021_0279.pdf
2021-0280,1,2021-0280R1,2021-0280R1,,False,False,,,,2021-0280R1,True,5a8b6886aa6605df,2021-0280R1__AD_2021-0280R1_1__EASA_AD_2021_0280_R1.pdf
2021-0281,1,2021-0281R3,2021-0281R3,,False,False,,,,2021-0281R3,True,b20cc1566bcc8d73,2021-0281R3__AD_2021-0281R3_1__EASA_AD_2021_0281R3.pdf
2021-0284,1,2021-0284,2021-0284,2021-12-31,False,False,,,,2021-0284,True,3baab13fe41b2bd4,2021-0284__AD_2021-0284_1__EASA_AD_2021_0284.pdf
2021-0285,1,2021-0285,2021-0285,2022-01-04,False,False,,,,2021-0285,True,39a862004085f8b2,2021-0285__AD_2021-0285_1__EASA_AD_2021_0285_superseded.pdf
2021-0286,1,2021-0286,2021-0286,2022-01-04,False,False,,,,2021-0286,True,a36d7f18af6e7a27,2021-0286__AD_2021-0286_1__EASA_AD_2021_0286.pdf
2021-0288,1,2021-0288,2021-0288,2022-01-04,False,False,,,,2021-0288,True,22390e8276ade56c,2021-0288__AD_2021-0288_2__EASA_AD_2021_0288.pdf
2021-0291,1,2021-0291R2,2021-0291R2,,False,False,,,,2021-0291R2,True,9ec19ee525efd178,2021-0291R2__AD_2021-0291R2_1__EASA_AD_2021_0291_R2.pdf
2022-0001,1,2022-0001,2022-0001,2022-01-21,False,False,,,,2022-0001,True,64ee8c60f6187ca5,2022-0001__AD_2022-0001_1__EASA_AD_2022_0001.pdf
2022-0004,1,2022-0004,2022-0004,2022-01-25,False,False,,,,2022-0004,True,b1d8b84efcf2dd1d,2022-0004__AD_2022-0004_1__EASA_AD_2022_0004.pdf
2022-0011,1,2022-0011,2022-0011,2022-02-04,False,False,,,,2022-0011,True,eef6c30f969a7d72,2022-0011__AD_2022-0011_1__EASA_AD_2022_0011_superseded.pdf
2022-0013,1,2022-0013,2022-0013,2022-02-08,False,False,,,,2022-0013,True,53ef181a54e0bb9c,2022-0013__AD_2022-0013_1__EASA_AD_2022_0013.pdf
2022-0014,1,2022-0014,2022-0014,2022-02-08,False,False,,,,2022-0014,True,c89599493771551a,2022-0014__AD_2022-0014_1__EASA_AD_2022_0014.pdf
2022-0015,1,2022-0015,2022-0015,2022-02-09,False,False,,,,2022-0015,True,b29286b53fb4b262,2022-0015__AD_2022-0015_1__EASA_AD_2022_0015.pdf
2022-0019,1,2022-0019,2022-0019,2022-02-14,False,False,,,,2022-0019,True,4ccbb2989b2861b6,2022-0019__AD_2022-0019_1__EASA_AD_2022_0019_superseded.pdf
2022-0020,1,2022-0020,2022-0020,2022-02-14,False,False,,,,2022-0020,True,d4adba84c71de2f6,2022-0020__AD_2022-0020_1__EASA_AD_2022_0020.pdf
2022-0022,1,2022-0022,2022-0022,2022-02-16,False,False,,,,2022-0022,True,c95fb3fec3545c92,2022-0022__AD_2022-0022_1__EASA_AD_2022_0022.pdf
2022-0025,1,2022-0025R2,2022-0025R2,,False,False,,,,2022-0025R2,True,55e61332801f1efe,2022-0025R2__AD_2022-0025R2_1__EASA_AD_2022_0025R2.pdf
2022-0026,1,2022-0026,2022-0026,2022-03-02,False,False,,,,2022-0026,True,2003cabcfcd8976a,2022-0026__AD_2022-0026_2__EASA_AD_2022_0026_superseded.pdf
2022-0028,1,2022-0028,2022-0028,2022-03-08,False,False,,,,2022-0028,True,75a78c7d61f4f1fd,2022-0028__AD_2022-0028_1__EASA_AD_2022_0028.pdf
2022-0030,1,2022-0030,2022-0030,2022-03-11,False,False,,,,2022-0030,True,f75051dbe9a74082,2022-0030__AD_2022-0030_1__EASA_AD_2022_0030_superseded.pdf
2022-0031,1,2022-0031,2022-0031,2022-03-11,False,False,,,,2022-0031,True,f048d99bd4f69a01,2022-0031__AD_2022-0031_1__EASA_AD_2022_0031.pdf
2022-0032,1,2022-0032R1,2022-0032R1,,False,False,,,,2022-0032R1,True,789a84a070df52ea,2022-0032R1__AD_2022-0032R1_1__EASA_AD_2022_0032_R1_superseded.pdf
2022-0039,1,2022-0039,2022-0039,2022-03-22,False,False,,,,2022-0039,True,5ca404a9b4e556e6,2022-0039__AD_2022-0039_1__EASA_AD_2022_0039_superseded.pdf
2022-0040,1,2022-0040,2022-0040,2022-03-15,False,False,,,,2022-0040,True,d88f00c67b695f9b,2022-0040__AD_2022-0040_1__EASA_AD_2022_0040_superseded.pdf
2022-0045,1,2022-0045,2022-0045,2022-03-30,False,False,,,,2022-0045,True,c5ddf59ae9fe82a7,2022-0045__AD_2022-0045_1__EASA_AD_2022_0045_superseded.pdf
2022-0048,1,2022-0048,2022-0048,2022-04-01,False,False,,,,2022-0048,True,4778e493588cf728,2022-0048__AD_2022-0048_1__EASA_AD_2022_0048.pdf
2022-0049,1,2022-0049,2022-0049,2022-04-04,False,False,,,,2022-0049,True,249ce5b6fbe30935,2022-0049__AD_2022-0049_1__EASA_AD_2022_0049.pdf
2022-0054,1,2022-0054,2022-0054,2022-04-06,False,False,,,,2022-0054,True,7f0a8b287bb291cb,2022-0054__AD_2022-0054_1__EASA_AD_2022_0054.pdf
2022-0057,1,2022-0057,2022-0057,2022-04-11,False,False,,,,2022-0057,True,fafaaa2f9df9fe66,2022-0057__AD_2022-0057_2__EASA_AD_2022_0057.pdf
2022-0058,1,2022-0058,2022-0058,2022-04-11,False,False,,,,2022-0058,True,772cd84a0961a452,2022-0058__AD_2022-0058_1__EASA_AD_2022_0058.pdf
2022-0060,1,2022-0060,2022-0060,2022-04-15,False,False,,,,2022-0060,True,e762469fd83763b8,2022-0060__AD_2022-0060_1__EASA_AD_2022_0060.pdf
2022-0065,1,2022-0065,2022-0065,2022-04-30,False,False,,,,2022-0065,True,06bc2c69e448e11a,2022-0065__AD_2022-0065_1__EASA_AD_2022_0065.pdf
2022-0075,1,2022-0075,2022-0075,2022-05-05,False,False,,,,2022-0075,True,c4cfa6a2f9af515a,2022-0075__AD_2022-0075_1__EASA_AD_2022_0075_superseded.pdf
2022-0078,1,2022-0078,2022-0078,2022-05-18,False,False,,,,2022-0078,True,bd2dfe54bf7349f9,2022-0078__AD_2022-0078_2__EASA_AD_2022_0078_superseded.pdf
2022-0080,1,2022-0080,2022-0080,2022-05-23,False,False,,,,2022-0080,True,f7cecf34dd012e16,2022-0080__AD_2022-0080_1__EASA_AD_2022-0080_superseded.pdf
2022-0082,1,2022-0082,2022-0082,2022-05-24,False,False,,,,2022-0082,True,357c72bcd8673aec,2022-0082__AD_2022-0082_1__EASA_AD_2022_0082_superseded.pdf
2022-0085,1,2022-0085,2022-0085,2022-05-26,False,False,,,,2022-0085,True,b61aadb299548790,2022-0085__AD_2022-0085_1__EASA_AD_2022_0085_superseded.pdf
2022-0088,1,2022-0088,2022-0088,2022-05-31,False,False,,,,2022-0088,True,2499a67c654ec3e4,2022-0088__AD_2022-0088_1__EASA_AD_2022_0088.pdf
2022-0089,1,2022-0089,2022-0089,2022-05-31,False,False,,,,2022-0089,True,f1f57d23f50d52d5,2022-0089__AD_2022-0089_1__EASA_AD_2022_0089.pdf
2022-0090,1,2022-0090,2022-0090,2022-06-01,False,False,,,,2022-0090,True,a692d3f919b8af6c,2022-0090__AD_2022-0090_1__EASA_AD_2022_0090.pdf
2022-0091,1,2022-0091,2022-0091,2022-06-03,False,False,,,,2022-0091,True,1cd8c1910825aeb0,2022-0091__AD_2022-0091_1__EASA_AD_2022_0091_superseded.pdf
2022-0093,1,2022-0093,2022-0093,2022-06-08,False,False,,,,2022-0093,True,140c95a550e136e0,2022-0093__AD_2022-0093_1__EASA_AD_2022_0093.pdf
2022-0094,1,2022-0094,2022-0094,2022-06-08,False,False,,,,2022-0094,True,50759d7bf0c41f9d,2022-0094__AD_2022-0094_1__EASA_AD_2022_0094.pdf
2022-0096,1,2022-0096R2,2022-0096R2,,False,False,,,,2022-0096R2,True,07a22f3869aa3bfd,2022-0096R2__AD_2022-0096R2_1__EASA_AD_2022_0096_R2_superseded.pdf
2022-0098,1,2022-0098,2022-0098,2022-06-15,False,False,,,,2022-0098,True,339e72b808c5377b,2022-0098__AD_2022-0098_1__EASA_AD_2022_0098.pdf
2022-0100,1,2022-0100,2022-0100,2022-06-16,False,False,,,,2022-0100,True,4232791736b3dfca,2022-0100__AD_2022-0100_1__EASA_AD_2022_0100.pdf
2022-0102,1,2022-0102,2022-0102,2022-06-22,False,False,,,,2022-0102,True,ef376f13ba864d4f,2022-0102__AD_2022-0102_1__EASA_AD_2022_0102_superseded.pdf
2022-0105,1,2022-0105,2022-0105,2022-06-24,False,False,,,,2022-0105,True,93b423afb6c45361,2022-0105__AD_2022-0105_1__EASA_AD_2022_0105_superseded.pdf
2022-0106,1,2022-0106,2022-0106,2022-06-24,False,False,,,,2022-0106,True,e53b73a279c4f616,2022-0106__AD_2022-0106_1__EASA_AD_2022_0106_superseded.pdf
2022-0111,1,2022-0111R1,2022-0111R1,,False,False,,,,2022-0111R1,True,0fc479f3b94e9855,2022-0111R1__AD_2022-0111R1_2__EASA_AD_2022_0111_R1.pdf
2022-0112,1,2022-0112,2022-0112,2022-07-01,False,False,,,,2022-0112,True,03b1b0cbf72365fc,2022-0112__AD_2022-0112_1__EASA_AD_2022_0112.pdf
2022-0115,1,2022-0115,2022-0115,2022-07-04,False,False,,,,2022-0115,True,7ae137ac732a1018,2022-0115__AD_2022-0115_2__EASA_AD_2022_0115.pdf
2022-0116,1,2022-0116,2022-0116,2022-07-05,False,False,,,,2022-0116,True,9c1f8c8e9d2994b3,2022-0116__AD_2022-0116_1__EASA_AD_2022_0116.pdf
2022-0119,1,2022-0119,2022-0119,2022-07-05,False,False,,,,2022-0119,True,e43609bed6b20d32,2022-0119__AD_2022-0119_1__EASA_AD_2022_0119.pdf
2022-0120,1,2022-0120R2,2022-0120R2,,False,False,,,,2022-0120R2,True,1bdd23c7dad9c744,2022-0120R2__AD_2022-0120R2_1__EASA_AD_2022_0120_R2_superseded.pdf
2022-0124,1,2022-0124,2022-0124,2022-07-12,False,False,,,,2022-0124,True,752a6ed02a36d731,2022-0124__AD_2022-0124_1__EASA_AD_2022_0124_superseded.pdf
2022-0125,1,2022-0125,2022-0125,2022-07-12,False,False,,,,2022-0125,True,1dfcc555fa32cd7b,2022-0125__AD_2022-0125_1__EASA_AD_2022_0125_superseded.pdf
2022-0126,1,2022-0126,2022-0126,2022-07-12,False,False,,,,2022-0126,True,41265d208b0fc542,2022-0126__AD_2022-0126_1__EASA_AD_2022_0126.pdf
2022-0127,1,2022-0127,2022-0127,2022-07-12,False,False,,,,2022-0127,True,beba6da05c3e27dd,2022-0127__AD_2022-0127_1__EASA_AD_2022_0127_superseded.pdf
2022-0133,1,2022-0133,2022-0133,2022-07-19,False,False,,,,2022-0133,True,c5c90fbc126685a4,2022-0133__AD_2022-0133_1__EASA_AD_2022_0133.pdf
2022-0147,1,2022-0147,2022-0147,2022-07-28,False,False,,,,2022-0147,True,5b1e5af7dfa25452,2022-0147__AD_2022-0147_1__EASA_AD_2022_0147_C1_superseded.pdf
2022-0151,1,2022-0151,2022-0151,2022-08-09,False,False,,,,2022-0151,True,cd39d6f340897019,2022-0151__AD_2022-0151_1__EASA_AD_2022_0151_superseded.pdf
2022-0156,1,2022-0156,2022-0156,2022-08-16,False,False,,,,2022-0156,True,be47c6ea1726cdbf,2022-0156__AD_2022-0156_1__EASA_AD_2022_0156.pdf
2022-0157,1,2022-0157,2022-0157,2022-08-18,False,False,,,,2022-0157,True,446480973e58d9cc,2022-0157__AD_2022-0157_1__EASA_AD_2022_0157.pdf
2022-0159,1,2022-0159,2022-0159,2022-08-04,False,False,,,,2022-0159,True,8a3e97f8aba38024,2022-0159-CN__AD_2022-0159-CN_1__EASA_AD_2022_0159_CN.pdf
2022-0160,1,2022-0160,2022-0160,2022-08-04,False,False,,,,2022-0160,True,2548a536e6685c02,2022-0160-CN__AD_2022-0160-CN_1__EASA_AD_2022_0160_CN.pdf
2022-0162,1,2022-0162R1,2022-0162R1,2022-08-19,False,False,,,,2022-0162R1,True,1ac13240e88503c9,2022-0162R1__AD_2022-0162R1_1__EASA_AD_2022_0162_R1.pdf
2022-0165,1,2022-0165R1,2022-0165R1,,False,False,,,,2022-0165R1,True,cc9823941b27a051,2022-0165R1__AD_2022-0165R1_1__EASA_AD_2022_0165_R1.pdf
2022-0171,1,2022-0171,2022-0171,2022-09-02,False,False,,,,2022-0171,True,405c61f78ea34f8f,2022-0171__AD_2022-0171_2__EASA_AD_2022_0171.pdf
2022-0172,1,2022-0172,2022-0172,2022-09-05,False,False,,,,2022-0172,True,0b45c1cacca83f3a,2022-0172__AD_2022-0172_1__EASA_AD_2022_0172_superseded.pdf
2022-0173,1,2022-0173,2022-0173,2022-09-07,False,False,,,,2022-0173,True,4344d43789692433,2022-0173__AD_2022-0173_1__EASA_AD_2022_0173_superseded.pdf
2022-0174,1,2022-0174R1,2022-0174R1,,False,False,,,,2022-0174R1,True,11738390053d20cc,2022-0174R1__AD_2022-0174R1_1__EASA_AD_2022_0174_R1_superseded.pdf
2022-0175,1,2022-0175,2022-0175,2022-09-06,False,False,,,,2022-0175,True,70fc5517fd9380b2,2022-0175__AD_2022-0175_2__EASA_AD_2022_0175.pdf
2022-0176,1,2022-0176,2022-0176,2022-09-07,False,False,,,,2022-0176,True,a4b71e5ad90228cf,2022-0176__AD_2022-0176_1__EASA_AD_2022_0176_superseded.pdf
2022-0179,1,2022-0179,2022-0179,2022-09-09,False,False,,,,2022-0179,True,8d7d18c2e03b2743,2022-0179__AD_2022-0179_2__EASA_AD_2022_0179_superseded.pdf
2022-0181,1,2022-0181,2022-0181,2022-09-05,False,False,,,,2022-0181,True,aad21c146a5b3b85,2022-0181__AD_2022-0181_1__EASA_AD_2022_0181_superseded.pdf
2022-0183,1,2022-0183,2022-0183,2022-09-13,False,False,,,,2022-0183,True,92a239c1c905ec9c,2022-0183__AD_2022-0183_1__EASA_AD_2022_0183.pdf
2022-0185,1,2022-0185,2022-0185,2022-09-19,False,False,,,,2022-0185,True,80fe15b6ba03d2e7,2022-0185__AD_2022-0185_1__EASA_AD_2022_0185.pdf
2022-0186,1,2022-0186,2022-0186,2022-09-27,False,False,,,,2022-0186,True,91e0af4a276a6ff9,2022-0186__AD_2022-0186_1__EASA_AD_2022_0186.pdf
2022-0187,1,2022-0187,2022-0187,2022-09-27,False,False,,,,2022-0187,True,0d4c181fcf6e5600,2022-0187__AD_2022-0187_1__EASA_AD_2022_0187_superseded.pdf
2022-0188,1,2022-0188,2022-0188,2022-09-27,False,False,,,,2022-0188,True,e4040e173dad48eb,2022-0188__AD_2022-0188_1__EASA_AD_2022_0188_superseded.pdf
2022-0189,1,2022-0189,2022-0189,2022-10-03,False,False,,,,2022-0189,True,83549cb202e2ee0c,2022-0189__AD_2022-0189_1__EASA_AD_2022_0189.pdf
2022-0190,1,2022-0190,2022-0190,2022-09-28,False,False,,,,2022-0190,True,aa4075e0fd08c6a0,2022-0190__AD_2022-0190_1__EASA_AD_2022_0190.pdf
2022-0192,1,2022-0192,2022-0192,2022-10-07,False,False,,,,2022-0192,True,2433a1780cc0a937,2022-0192__AD_2022-0192_1__EASA_AD_2022_0192_Superseded.pdf
2022-0193,1,2022-0193,2022-0193,2022-10-07,False,False,,,,2022-0193,True,63c0081fe3162796,2022-0193__AD_2022-0193_1__EASA_AD_2022_0193_Superseded.pdf
2022-0194,1,2022-0194,2022-0194,2022-10-07,False,False,,,,2022-0194,True,a517e199aa80ebd1,2022-0194__AD_2022-0194_1__EASA_AD_2022_0194.pdf
2022-0195,1,2022-0195,2022-0195,2022-10-07,False,False,,,,2022-0195,True,c51f67f9951e9ebf,2022-0195__AD_2022-0195_1__EASA_AD_2022_0195.pdf
2022-0196,1,2022-0196,2022-0196,2022-10-04,False,False,,,,2022-0196,True,276e414701db183a,2022-0196__AD_2022-0196_1__EASA_AD_2022_0196_superseded.pdf
2022-0197,1,2022-0197,2022-0197,2022-10-06,False,False,,,,2022-0197,True,2f70e87899358165,2022-0197__AD_2022-0197_1__EASA_AD_2022_0197.pdf
2022-0204,1,2022-0204R1,2022-0204R1,,False,False,,,,2022-0204R1,True,6fff2c5a6c562302,2022-0204R1__AD_2022-0204R1_1__EASA_AD_2022_0204R1_C1.pdf
2022-0211,1,2022-0211,2022-0211,2022-10-31,False,False,,,,2022-0211,True,b170c4d844567449,2022-0211__AD_2022-0211_1__EASA_AD_2022_0211.pdf
2022-0213,1,2022-0213R1,2022-0213R1,,False,False,,,,2022-0213R1,True,45fea7d86c83c43e,2022-0213R1__AD_2022-0213R1_1__EASA_AD_2022_0213_R1.pdf
2022-0217,1,2022-0217R1,2022-0217R1,,False,False,,,,2022-0217R1,True,7da8433ffe871ee3,2022-0217R1__AD_2022-0217R1_1__EASA_AD_2022_0217R1.pdf
2022-0218,1,2022-0218,2022-0218,2022-11-15,False,False,,,,2022-0218,True,cc4f4e3a0dce2253,2022-0218__AD_2022-0218_1__EASA_AD_2022_0218_Superseded.pdf
2022-0222,1,2022-0222,2022-0222,2022-12-05,False,False,,,,2022-0222,True,55c13dd9ffb65867,2022-0222__AD_2022-0222_1__EASA_AD_2022_0222.pdf
2022-0227,1,2022-0227,2022-0227,2022-12-08,False,False,,,,2022-0227,True,8ae3774de0a70ac9,2022-0227__AD_2022-0227_1__EASA_AD_2022_0227_superseded.pdf
2022-0238,1,2022-0238,2022-0238,2022-12-19,False,False,,,,2022-0238,True,3867483b28b134df,2022-0238__AD_2022-0238_1__EASA_AD_2022_0238.pdf
2022-0243,1,2022-0243,2022-0243,2022-12-22,False,False,,,,2022-0243,True,ba53a0447cb3b395,2022-0243__AD_2022-0243_1__EASA_AD_2022_0243_superseded.pdf
2022-0250,1,2022-0250,2022-0250,2022-12-28,False,False,,,,2022-0250,True,7b3b1e4940317c2e,2022-0250__AD_2022-0250_1__EASA_AD_2022_0250_superseded.pdf
2022-0253,1,2022-0253,2022-0253,2023-01-02,False,False,,,,2022-0253,True,5a24a9a9548aa5cf,2022-0253__AD_2022-0253_1__EASA_AD_2022_0253.pdf
2022-0257,1,2022-0257,2022-0257,2023-01-04,False,False,,,,2022-0257,True,7a62d42a80f6ce94,2022-0257__AD_2022-0257_1__EASA_AD_2022_0257.pdf
2022-0262,1,2022-0262,2022-0262,2023-01-04,False,False,,,,2022-0262,True,a803959b94af79e0,2022-0262__AD_2022-0262_1__EASA_AD_2022_0262_superseded.pdf
2022-0263,1,2022-0263,2022-0263,2023-01-04,False,False,,,,2022-0263,True,ac28a8cc39d7e210,2022-0263__AD_2022-0263_1__EASA_AD_2022_0263.pdf
2022-0266,1,2022-0266,2022-0266,2023-01-05,False,False,,,,2022-0266,True,0dbaac7225705af5,2022-0266__AD_2022-0266_1__EASA_AD_2022_0266.pdf
2023-0004,1,2023-0004,2023-0004,2023-01-20,False,False,,,,2023-0004,True,0c97f5e84f63d0e6,2023-0004__AD_2023-0004_1__EASA_AD_2023_0004_superseded.pdf
2023-0008,1,2023-0008,2023-0008,2023-01-30,False,False,,,,2023-0008,True,65b9aaf820776fde,2023-0008__AD_2023-0008_1__EASA_AD_2023_0008_superseded.pdf
2023-0009,1,2023-0009,2023-0009,2023-01-30,False,False,,,,2023-0009,True,562095a198ec98cb,2023-0009__AD_2023-0009_1__EASA_AD_2023_0009.pdf
2023-0011,1,2023-0011R1,2023-0011R1,,False,False,,,,2023-0011R1,True,8db43a256872599d,2023-0011R1__AD_2023-0011R1_1__EASA_AD_2023_0011_R1_superseded.pdf
2023-0012,1,2023-0012,2023-0012,2023-01-31,False,False,,,,2023-0012,True,2139d9bdb9bd09a3,2023-0012__AD_2023-0012_1__EASA_AD_2023_0012.pdf
2023-0014,1,2023-0014,2023-0014,2023-02-01,False,False,,,,2023-0014,True,6074b13e69f507c8,2023-0014__AD_2023-0014_1__EASA_AD_2023_0014.pdf
2023-0015,1,2023-0015,2023-0015,2023-02-02,False,False,,,,2023-0015,True,1b0d95c7c10f6f24,2023-0015__AD_2023-0015_1__EASA_AD_2023_0015_superseded.pdf
2023-0016,1,2023-0016,2023-0016,2023-02-02,False,False,,,,2023-0016,True,ab23b8500792c536,2023-0016__AD_2023-0016_1__EASA_AD_2023_0016_superseded.pdf
2023-0017,1,2023-0017,2023-0017,2023-02-06,False,False,,,,2023-0017,True,90e27928dc959958,2023-0017__AD_2023-0017_1__EASA_AD_2023_0017.pdf
2023-0018,1,2023-0018,2023-0018,2023-02-06,False,False,,,,2023-0018,True,9789cb45f2ffca8e,2023-0018__AD_2023-0018_1__EASA_AD_2023_0018.pdf
2023-0019,1,2023-0019,2023-0019,2023-01-20,False,False,,,,2023-0019,True,2a25d2a748c2fbd4,2023-0019-CN__AD_2023-0019-CN_1__EASA_AD_2023_0019_CN.pdf
2023-0023,1,2023-0023,2023-0023,2023-02-09,False,False,,,,2023-0023,True,3162cc6ae22b2097,2023-0023__AD_2023-0023_1__EASA_AD_2023_0023.pdf
2023-0024,1,2023-0024,2023-0024,2023-02-09,False,False,,,,2023-0024,True,7023faf1c0de4f20,2023-0024__AD_2023-0024_1__EASA_AD_2023_0024_superseded.pdf
2023-0026,1,2023-0026,2023-0026,2023-02-13,False,False,,,,2023-0026,True,52f42d4eee899af7,2023-0026__AD_2023-0026_1__EASA_AD_2023_0026.pdf
2023-0029,1,2023-0029,2023-0029,2023-02-15,False,False,,,,2023-0029,True,3930f7d015ce758d,2023-0029__AD_2023-0029_1__EASA_AD_2023_0029.pdf
2023-0031,1,2023-0031,2023-0031,2023-02-15,False,False,,,,2023-0031,True,0e4f71db407836cb,2023-0031__AD_2023-0031_1__EASA_AD_2023_0031_superseded.pdf
2023-0032,1,2023-0032,2023-0032,2023-02-22,False,False,,,,2023-0032,True,a5f625961e54d3df,2023-0032__AD_2023-0032_1__EASA_AD_2023_0032.pdf
2023-0033,1,2023-0033,2023-0033,2023-02-22,False,False,,,,2023-0033,True,f5440058caf9c430,2023-0033__AD_2023-0033_1__EASA_AD_2023_0033.pdf
2023-0034,1,2023-0034,2023-0034,2023-02-22,False,False,,,,2023-0034,True,d7a4f9363cc59617,2023-0034__AD_2023-0034_1__EASA_AD_2023_0034.pdf
2023-0043,1,2023-0043,2023-0043,2023-03-14,False,False,,,,2023-0043,True,b122fc41e01603b5,2023-0043__AD_2023-0043_1__EASA_AD_2023_0043.pdf
2023-0051,1,2023-0051,2023-0051,2023-03-24,False,False,,,,2023-0051,True,92095fae428dddfb,2023-0051__AD_2023-0051_1__EASA_AD_2023_0051.pdf
2023-0052,1,2023-0052,2023-0052,2023-03-28,False,False,,,,2023-0052,True,527d748a59f0496b,2023-0052__AD_2023-0052_1__EASA_AD_2023_0052.pdf
2023-0053,1,2023-0053,2023-0053,2023-03-28,False,False,,,,2023-0053,True,12730651cf129251,2023-0053__AD_2023-0053_1__EASA_AD_2023_0053.pdf
2023-0054,1,2023-0054,2023-0054,2023-03-28,False,False,,,,2023-0054,True,d521f75e2a7770e4,2023-0054__AD_2023-0054_1__EASA_AD_2023_0054.pdf
2023-0056,1,2023-0056,2023-0056,2023-03-30,False,False,,,,2023-0056,True,c76334076a8feffb,2023-0056__AD_2023-0056_2__EASA_AD_2023_0056_superseded.pdf
2023-0057,1,2023-0057,2023-0057,2023-03-30,False,False,,,,2023-0057,True,e17febf10e432eb9,2023-0057__AD_2023-0057_1__EASA_AD_2023_0057.pdf
2023-0067,1,2023-0067,2023-0067,2023-04-07,False,False,,,,2023-0067,True,53ecf61d9e7794e3,2023-0067__AD_2023-0067_1__EASA_AD_2023_0067.pdf
2023-0068,1,2023-0068,2023-0068,2023-04-13,False,False,,,,2023-0068,True,8fef18145850509b,2023-0068__AD_2023-0068_1__EASA_AD_2023_0068.pdf
2023-0070,1,2023-0070,2023-0070,2023-04-13,False,False,,,,2023-0070,True,e0b9424278daf9fd,2023-0070__AD_2023-0070_2__EASA_AD_2023_0070.pdf
2023-0074,1,2023-0074,2023-0074,2023-04-19,False,False,,,,2023-0074,True,bf9d38b99b264a4b,2023-0074__AD_2023-0074_1__EASA_AD_2023_0074.pdf
2023-0091,1,2023-0091,2023-0091,2023-05-19,False,False,,,,2023-0091,True,119f256c40adadee,2023-0091__AD_2023-0091_1__EASA_AD_2023_0091_Superdeded.pdf
2023-0092,1,2023-0092,2023-0092,2023-05-19,False,False,,,,2023-0092,True,e66ea68bd44d27a1,2023-0092__AD_2023-0092_1__EASA_AD_2023_0092_Superseded.pdf
2023-0093,1,2023-0093R1,2023-0093R1,,False,False,,,,2023-0093R1,True,f8c89a351f146b17,2023-0093R1__AD_2023-0093R1_1__EASA_AD_2023_0093_R1.pdf
2023-0094,1,2023-0094,2023-0094,2023-05-22,False,False,,,,2023-0094,True,9ecd221e1dddd700,2023-0094__AD_2023-0094_2__EASA_AD_2023_0094_superseded.pdf
2023-0098,1,2023-0098R1,2023-0098R1,2023-05-25,False,False,,,,2023-0098R1,True,ed343acd45dc30dc,2023-0098R1__AD_2023-0098R1_1__EASA_AD_2023_0098_R1_Superseded.pdf
2023-0102,1,2023-0102,2023-0102,2023-05-31,False,False,,,,2023-0102,True,6b5a0b19ca52504e,2023-0102__AD_2023-0102_1__EASA_AD_2023_0102.pdf
2023-0104,1,2023-0104,2023-0104,2023-06-07,False,False,,,,2023-0104,True,ad270133db6a84fe,2023-0104__AD_2023-0104_1__EASA_AD_2023_0104_Superseded.pdf
2023-0106,1,2023-0106R1,2023-0106R1,,False,False,,,,2023-0106R1,True,2773206278f02135,2023-0106R1__AD_2023-0106R1_1__EASA_AD_2023_0106_R1.pdf
2023-0111,1,2023-0111R1,2023-0111R1,,False,False,,,,2023-0111R1,True,836d4965745da417,2023-0111R1__AD_2023-0111R1_1__EASA_AD_2023_0111R1_superseded.pdf
2023-0112,1,2023-0112,2023-0112,2023-06-13,False,False,,,,2023-0112,True,dbcbf3fabd9485a8,2023-0112__AD_2023-0112_2__EASA_AD_2023_0112.pdf
2023-0117,1,2023-0117,2023-0117,2023-06-27,False,False,,,,2023-0117,True,4eb222e754fd59c4,2023-0117__AD_2023-0117_2__EASA_AD_2023_0117.pdf
2023-0124,1,2023-0124,2023-0124,2023-06-23,False,False,,,,2023-0124,True,55aa5d770e51de56,2023-0124__AD_2023-0124_1__EASA_AD_2023_0124_Superseded.pdf
2023-0132,1,2023-0132R1,2023-0132R1,,False,False,,,,2023-0132R1,True,04d3c05903e20346,2023-0132R1__AD_2023-0132R1_1__EASA_AD_2023_0132_R1.pdf
2023-0136,1,2023-0136R1,2023-0136R1,,False,False,,,,2023-0136R1,True,048f34856daef732,2023-0136R1__AD_2023-0136R1_1__EASA_AD_2023_0136R1.pdf
2023-0138,1,2023-0138,2023-0138,2023-07-27,False,False,,,,2023-0138,True,f2fcbcc9685102d7,2023-0138__AD_2023-0138_2__EASA_AD_2023_0138_superseded.pdf
2023-0150,1,2023-0150,2023-0150,2023-08-03,False,False,,,,2023-0150,True,ca85c8f4d93bbd12,2023-0150__AD_2023-0150_1__EASA_AD_2023_0150.pdf
2023-0151,1,2023-0151,2023-0151,2023-08-08,False,False,,,,2023-0151,True,862c1ede156612ed,2023-0151__AD_2023-0151_1__EASA_AD_2023_0151_superseded.pdf
2023-0153,1,2023-0153,2023-0153,2023-08-09,False,False,,,,2023-0153,True,8327cc736876c612,2023-0153__AD_2023-0153_1__EASA_AD_2023_0153_superseded.pdf
2023-0157,1,2023-0157,2023-0157,2023-08-14,False,False,,,,2023-0157,True,8e0c2959469ea44e,2023-0157__AD_2023-0157_1__EASA_AD_2023_0157_superseded.pdf
2023-0158,1,2023-0158,2023-0158,2023-08-16,False,False,,,,2023-0158,True,0015b1efad39c8f5,2023-0158__AD_2023-0158_1__EASA_AD_2023_0158.pdf
2023-0162,1,2023-0162,2023-0162,2023-08-31,False,False,,,,2023-0162,True,15bab39eb5146017,2023-0162__AD_2023-0162_1__EASA_AD_2023_0162.pdf
2023-0167,1,2023-0167R1,2023-0167R1,,False,False,,,,2023-0167R1,True,1df2c5709e3c2633,2023-0167R1__AD_2023-0167R1_1__EASA_AD_2023_0167R1.pdf
2023-0169,1,2023-0169,2023-0169,2023-09-18,False,False,,,,2023-0169,True,3cdaa6b0aa7504de,2023-0169__AD_2023-0169_1__EASA_AD_2023_0169.pdf
2023-0171,1,2023-0171,2023-0171,2023-09-27,False,False,,,,2023-0171,True,7455a6c9bb41a521,2023-0171-CN__AD_2023-0171-CN_1__EASA_AD_2023_0171_CN.pdf
2023-0173,1,2023-0173,2023-0173,2023-10-04,False,False,,,,2023-0173,True,09507c843634673a,2023-0173__AD_2023-0173_1__EASA_AD_2023_0173_superseded.pdf
2023-0176,1,2023-0176R1,2023-0176R1,,False,False,,,,2023-0176R1,True,e756313aceb29a7f,2023-0176R1__AD_2023-0176R1_1__EASA_AD_2023_0176_R1_C1.pdf
2023-0179,1,2023-0179,2023-0179,2023-10-25,False,False,,,,2023-0179,True,d70e47420eaf2bf6,2023-0179__AD_2023-0179_1__EASA_AD_2023_0179.pdf
2023-0189,1,2023-0189R1,2023-0189R1,,False,False,,,,2023-0189R1,True,122f7734762b8ff5,2023-0189R1__AD_2023-0189R1_1__EASA_AD_2023_0189_R1_superseded.pdf
2023-0196,1,2023-0196,2023-0196,2023-11-24,False,False,,,,2023-0196,True,231f2788e12a7665,2023-0196__AD_2023-0196_1__EASA_AD_2023_0196.pdf
2023-0198,1,2023-0198,2023-0198,2023-12-01,False,False,,,,2023-0198,True,2eff223016a83667,2023-0198__AD_2023-0198_1__EASA_AD_2023_0198_superseded.pdf
2023-0199,1,2023-0199,2023-0199,2023-12-01,False,False,,,,2023-0199,True,e96c7f215ec451a9,2023-0199__AD_2023-0199_1__EASA_AD_2023_0199_superseded.pdf
2023-0200,1,2023-0200,2023-0200,2023-12-01,False,False,,,,2023-0200,True,9df9f009b3fe2160,2023-0200__AD_2023-0200_1__EASA_AD_2023_0200.pdf
2023-0205,1,2023-0205,2023-0205,2023-12-05,False,False,,,,2023-0205,True,35abef528cd6b9e4,2023-0205__AD_2023-0205_1__EASA_AD_2023_0205.pdf
2023-0206,1,2023-0206,2023-0206,2023-12-05,False,False,,,,2023-0206,True,eb43f009d45e9e7b,2023-0206__AD_2023-0206_1__EASA_AD_2023_0206.pdf
2023-0209,1,2023-0209,2023-0209,2023-12-06,False,False,,,,2023-0209,True,b3850c5eb321f271,2023-0209__AD_2023-0209_1__EASA_AD_2023_0209_superseded.pdf
2023-0212,1,2023-0212,2023-0212,2023-12-20,False,False,,,,2023-0212,True,f125b1c221e9d3ac,2023-0212__AD_2023-0212_1__EASA_AD_2023_0212_superseded.pdf
2023-0215,1,2023-0215,2023-0215,2023-12-25,False,False,,,,2023-0215,True,791adb12a5b8d699,2023-0215__AD_2023-0215_1__EASA_AD_2023_0215_C1.pdf
2024-0001,1,2024-0001,2024-0001,2024-01-18,False,False,,,,2024-0001,True,dc59a5a0114b782d,2024-0001__AD_2024-0001_1__EASA_AD_2024_0001.pdf
2024-0003,1,2024-0003,2024-0003,2024-01-19,False,False,,,,2024-0003,True,e7a9b99233b0fcaf,2024-0003__AD_2024-0003_1__EASA_AD_2024_0003.pdf
2024-0005,1,2024-0005,2024-0005,2024-01-19,False,False,,,,2024-0005,True,0f710e4d825d9c69,2024-0005__AD_2024-0005_1__EASA_AD_2024_0005_superseded.pdf
2024-0008,1,2024-0008,2024-0008,2024-01-23,False,False,,,,2024-0008,True,d64d0ef846ed6517,2024-0008__AD_2024-0008_1__EASA_AD_2024_0008.pdf
2024-0009,1,2024-0009,2024-0009,2024-01-23,False,False,,,,2024-0009,True,cf72a2b0d60b46e9,2024-0009__AD_2024-0009_1__EASA_AD_2024_0009.pdf
2024-0010,1,2024-0010,2024-0010,2024-01-23,False,False,,,,2024-0010,True,85bc41bd8105da9e,2024-0010__AD_2024-0010_1__EASA_AD_2024_0010.pdf
2024-0011,1,2024-0011,2024-0011,2024-01-24,False,False,,,,2024-0011,True,7e98fab971fb75c0,2024-0011__AD_2024-0011_2__EASA_AD_2024_0011_superseded.pdf
2024-0012,1,2024-0012,2024-0012,2024-01-24,False,False,,,,2024-0012,True,94fb2ae935a7d0ca,2024-0012__AD_2024-0012_2__EASA_AD_2024_0012_superseded.pdf
2024-0013,1,2024-0013,2024-0013,2024-01-24,False,False,,,,2024-0013,True,0d642370be0a86bc,2024-0013__AD_2024-0013_1__EASA_AD_2024_0013_superseded.pdf
2024-0014,1,2024-0014,2024-0014,2024-01-24,False,False,,,,2024-0014,True,1a16ee8f0de8470b,2024-0014__AD_2024-0014_1__EASA_AD_2024_0014_superseded.pdf
2024-0015,1,2024-0015,2024-0015,2024-01-24,False,False,,,,2024-0015,True,a494dc12d0cdac0d,2024-0015__AD_2024-0015_1__EASA_AD_2024_0015.pdf
2024-0016,1,2024-0016,2024-0016,2024-01-25,False,False,,,,2024-0016,True,e1a91af8401c198c,2024-0016__AD_2024-0016_1__EASA_AD_2024_0016_superseded.pdf
2024-0020,1,2024-0020,2024-0020,2024-01-31,False,False,,,,2024-0020,True,bd4ddf97663786fa,2024-0020__AD_2024-0020_1__EASA_AD_2024_0020.pdf
2024-0022,1,2024-0022,2024-0022,2024-02-06,False,False,,,,2024-0022,True,7f03733b584ed8e1,2024-0022__AD_2024-0022_2__EASA_AD_2024_0022.pdf
2024-0023,1,2024-0023,2024-0023,2024-02-06,False,False,,,,2024-0023,True,2278091b68d3bf6a,2024-0023__AD_2024-0023_1__EASA_AD_2024_0023.pdf
2024-0027,1,2024-0027,2024-0027,2024-02-08,False,False,,,,2024-0027,True,9ce9ebe8f9c5c9fa,2024-0027__AD_2024-0027_1__EASA_AD_2024_0027_superseded.pdf
2024-0030,1,2024-0030,2024-0030,2024-02-14,False,False,,,,2024-0030,True,f4ce3ee4da01fb5f,2024-0030__AD_2024-0030_1__EASA_AD_2024_0030_superseded.pdf
2024-0031,1,2024-0031,2024-0031,2024-02-14,False,False,,,,2024-0031,True,05bf9540acc0d045,2024-0031__AD_2024-0031_1__EASA_AD_2024_0031_superseded.pdf
2024-0032,1,2024-0032,2024-0032,2024-02-14,False,False,,,,2024-0032,True,1efe7416bbe9fc4f,2024-0032__AD_2024-0032_1__EASA_AD_2024_0032.pdf
2024-0038,1,2024-0038,2024-0038,2024-02-19,False,False,,,,2024-0038,True,db594c767fc8f98e,2024-0038__AD_2024-0038_1__EASA_AD_2024_0038_superseded.pdf
2024-0046,1,2024-0046,2024-0046,2024-03-04,False,False,,,,2024-0046,True,5dd14460725d1b9c,2024-0046__AD_2024-0046_1__EASA_AD_2024_0046_superseded.pdf
2024-0047,1,2024-0047,2024-0047,2024-03-04,False,False,,,,2024-0047,True,95e61c10252c4f44,2024-0047__AD_2024-0047_1__EASA_AD_2024_0047_superseded.pdf
2024-0048,1,2024-0048,2024-0048,2024-03-01,False,False,,,,2024-0048,True,666f006c87b9d10f,2024-0048__AD_2024-0048_1__EASA_AD_2024_0048_superseded.pdf
2024-0057,1,2024-0057,2024-0057,2024-03-13,False,False,,,,2024-0057,True,1da59f375fc7b82b,2024-0057__AD_2024-0057_1__EASA_AD_2024_0057_superseded.pdf
2024-0058,1,2024-0058R2,2024-0058R2,2025-08-20,False,False,,,,2024-0058R2,True,3daccf37ca1b92ec,2024-0058R2-CN__AD_2024-0058R2-CN_1__EASA_AD_2024_0058_R2_CN.pdf
2024-0060,1,2024-0060R1,2024-0060R1,,False,False,,,,2024-0060R1,True,7eb63b578add3e37,2024-0060R1__AD_2024-0060R1_1__EASA_AD_2024_0060_R1_superseded.pdf
2024-0061,1,2024-0061,2024-0061,2024-03-20,False,False,,,,2024-0061,True,6ddae7ef4e252e52,2024-0061__AD_2024-0061_1__EASA_AD_2024_0061.pdf
2024-0066,1,2024-0066,2024-0066,2024-03-22,False,False,,,,2024-0066,True,ba48244fee04bf71,2024-0066__AD_2024-0066_1__EASA_AD_2024_0066_superseded.pdf
2024-0068,1,2024-0068,2024-0068,2024-03-25,False,False,,,,2024-0068,True,67f5dbf4368e2746,2024-0068__AD_2024-0068_1__EASA_AD_2024_0068.pdf
2024-0073,1,2024-0073,2024-0073,2024-04-01,False,False,,,,2024-0073,True,9fc16ef477ddbde0,2024-0073__AD_2024-0073_1__EASA_AD_2024_0073.pdf
2024-0077,1,2024-0077,2024-0077,2024-04-02,False,False,,,,2024-0077,True,f03c2af10d966546,2024-0077__AD_2024-0077_1__EASA_AD_2024_0077_C1.pdf
2024-0078,1,2024-0078,2024-0078,2024-04-03,False,False,,,,2024-0078,True,1cab43716e3d337d,2024-0078__AD_2024-0078_1__EASA_AD_2024_0078.pdf
2024-0079,1,2024-0079,2024-0079,2024-04-09,False,False,,,,2024-0079,True,6dfba01b254142d0,2024-0079__AD_2024-0079_2__EASA_AD_2024_0079_C1.pdf
2024-0080,1,2024-0080,2024-0080,2024-04-09,False,False,,,,2024-0080,True,1e9c893da1344d2d,2024-0080__AD_2024-0080_1__EASA_AD_2024_0080_superseded.pdf
2024-0083,1,2024-0083,2024-0083,2024-04-23,False,False,,,,2024-0083,True,c108c75331a9dab3,2024-0083__AD_2024-0083_1__EASA_AD_2024_0083.pdf
2024-0086,1,2024-0086,2024-0086,2024-04-26,False,False,,,,2024-0086,True,5afa4d7e469dd6e2,2024-0086__AD_2024-0086_1__EASA_AD_2024_0086.pdf
2024-0087,1,2024-0087,2024-0087,2024-04-30,False,False,,,,2024-0087,True,0ac9a390aa04ee59,2024-0087__AD_2024-0087_2__EASA_AD_2024_0087_C1.pdf
2024-0089,1,2024-0089,2024-0089,2024-04-29,False,False,,,,2024-0089,True,893df074119ddfad,2024-0089__AD_2024-0089_1__EASA_AD_2024_0089.pdf
2024-0091,1,2024-0091R1,2024-0091R1,,False,False,,,,2024-0091R1,True,1a725e39d63e157c,2024-0091R1__AD_2024-0091R1_2__EASA_AD_2024_0091R1.pdf
2024-0092,1,2024-0092R1,2024-0092R1,,False,False,,,,2024-0092R1,True,6dca182b93e8c741,2024-0092R1__AD_2024-0092R1_1__EASA_AD_2024_0092_R1.pdf
2024-0095,1,2024-0095,2024-0095,2024-05-14,False,False,,,,2024-0095,True,53e4fefd2d273164,2024-0095__AD_2024-0095_1__EASA_AD_2024_0095.pdf
2024-0097,1,2024-0097R2,2024-0097R2,,False,False,,,,2024-0097R2,True,750d017b2f8e79fb,2024-0097R2__AD_2024-0097R2_1__EASA_AD_2024_0097R2_superseded.pdf
2024-0098,1,2024-0098,2024-0098,2024-05-16,False,False,,,,2024-0098,True,2b7edb38116c1a5b,2024-0098__AD_2024-0098_1__EASA_AD_2024_0098_superseded.pdf
2024-0099,1,2024-0099,2024-0099,2024-05-20,False,False,,,,2024-0099,True,82a12e50a84bd06f,2024-0099__AD_2024-0099_1__EASA_AD_2024_0099_Superseded.pdf
2024-0101,1,2024-0101R1,2024-0101R1,,False,False,,,,2024-0101R1,True,00049c8f2de95a12,2024-0101R1__AD_2024-0101R1_1__EASA_AD_2024_0101_R1.pdf
2024-0103,1,2024-0103,2024-0103,2024-05-22,False,False,,,,2024-0103,True,89b2718b1a9d0ed7,2024-0103-CN__AD_2024-0103-CN_1__EASA_AD_2024_0103_CN.pdf
2024-0105,1,2024-0105,2024-0105,2024-06-13,False,False,,,,2024-0105,True,4666cf52c9d616d1,2024-0105__AD_2024-0105_1__EASA_AD_2024_0105.pdf
2024-0106,1,2024-0106,2024-0106,2024-06-14,False,False,,,,2024-0106,True,549cf2b2b1a7c4a2,2024-0106__AD_2024-0106_1__EASA_AD_2024_0106_superseded.pdf
2024-0119,1,2024-0119,2024-0119,2024-07-11,False,False,,,,2024-0119,True,833af517e698192c,2024-0119__AD_2024-0119_1__EASA_AD_2024_0119.pdf
2024-0128,1,2024-0128,2024-0128,2024-07-17,False,False,,,,2024-0128,True,60ce42b72cc89457,2024-0128__AD_2024-0128_2__EASA_AD_2024_0128.pdf
2024-0129,1,2024-0129,2024-0129,2024-07-12,False,False,,,,2024-0129,True,e4eec853d51ee45b,2024-0129__AD_2024-0129_1__EASA_AD_2024_0129_superseded.pdf
2024-0135,1,2024-0135,2024-0135,2024-07-24,False,False,,,,2024-0135,True,4953a4474516c89f,2024-0135__AD_2024-0135_1__EASA_AD_2024_0135.pdf
2024-0141,1,2024-0141,2024-0141,2024-07-30,False,False,,,,2024-0141,True,b65971c8badc3f1b,2024-0141__AD_2024-0141_1__EASA_AD_2024_0141_Superseded.pdf
2024-0143,1,2024-0143,2024-0143,2024-07-26,False,False,,,,2024-0143,True,bf27392b7ec673cf,2024-0143__AD_2024-0143_1__EASA_AD_2024_0143.pdf
2024-0145,1,2024-0145,2024-0145,2024-08-06,False,False,,,,2024-0145,True,50f8ce10118e7fad,2024-0145__AD_2024-0145_1__EASA_AD_2024_0145.pdf
2024-0147,1,2024-0147R1,2024-0147R1,2024-08-13,False,False,,,,2024-0147R1,True,19b0dfb6d757746e,2024-0147R1__AD_2024-0147R1_1__EASA_AD_2024_0147_R1.pdf
2024-0151,1,2024-0151,2024-0151,2024-08-14,False,False,,,,2024-0151,True,9a532f712d190e4a,2024-0151__AD_2024-0151_1__EASA_AD_2024_0151.pdf
2024-0155,1,2024-0155,2024-0155,2024-08-27,False,False,,,,2024-0155,True,bff3caefbf67528f,2024-0155__AD_2024-0155_1__EASA_AD_2024_0155.pdf
2024-0156,1,2024-0156,2024-0156,2024-08-27,False,False,,,,2024-0156,True,92ac0327a97ad99e,2024-0156__AD_2024-0156_1__EASA_AD_2024_0156.pdf
2024-0157,1,2024-0157,2024-0157,2024-08-28,False,False,,,,2024-0157,True,73b90ff6db518e6a,2024-0157__AD_2024-0157_1__EASA_AD_2024_0157.pdf
2024-0161,1,2024-0161,2024-0161,2024-09-02,False,False,,,,2024-0161,True,96f4afaff90c5eb8,2024-0161__AD_2024-0161_1__EASA_AD_2024_0161.pdf
2024-0162,1,2024-0162,2024-0162,2024-09-03,False,False,,,,2024-0162,True,8084e2f39651ccf9,2024-0162__AD_2024-0162_1__EASA_AD_2024_0162.pdf
2024-0163,1,2024-0163,2024-0163,2024-09-03,False,False,,,,2024-0163,True,091f2dc92901074e,2024-0163__AD_2024-0163_1__EASA_AD_2024_0163_Superseded.pdf
2024-0164,1,2024-0164,2024-0164,2024-09-04,False,False,,,,2024-0164,True,ca4e74cf2da31f87,2024-0164__AD_2024-0164_1__EASA_AD_2024_0164.pdf
2024-0165,1,2024-0165,2024-0165,2024-09-04,False,False,,,,2024-0165,True,0f1af9bd1a2a4c8a,2024-0165__AD_2024-0165_1__EASA_AD_2024_0165.pdf
2024-0169,1,2024-0169,2024-0169,2024-09-06,False,False,,,,2024-0169,True,793164d93c639f68,2024-0169__AD_2024-0169_1__EASA_AD_2024_0169.pdf
2024-0170,1,2024-0170,2024-0170,2024-09-09,False,False,,,,2024-0170,True,596049acc79c1f06,2024-0170__AD_2024-0170_1__EASA_AD_2024_0170.pdf
2024-0180,1,2024-0180,2024-0180,2024-10-01,False,False,,,,2024-0180,True,6275dfb9812e0bae,2024-0180__AD_2024-0180_1__EASA_AD_2024_0180.pdf
2024-0186,1,2024-0186,2024-0186,2024-10-08,False,False,,,,2024-0186,True,3e00ce16b46a9dcb,2024-0186__AD_2024-0186_1__EASA_AD_2024_0186.pdf
2024-0187,1,2024-0187,2024-0187,2024-10-09,False,False,,,,2024-0187,True,d33fcdd2f358ee09,2024-0187__AD_2024-0187_1__EASA_AD_2024_0187.pdf
2024-0188,1,2024-0188,2024-0188,2024-10-04,False,False,,,,2024-0188,True,87ad5209b4c734aa,2024-0188__AD_2024-0188_1__EASA_AD_2024_0188_superseded.pdf
2024-0189,1,2024-0189,2024-0189,2024-10-15,False,False,,,,2024-0189,True,4c7794225561beb2,2024-0189__AD_2024-0189_1__EASA_AD_2024_0189.pdf
2024-0190,1,2024-0190,2024-0190,2024-10-24,False,False,,,,2024-0190,True,d95071b4d0d62f2d,2024-0190__AD_2024-0190_2__EASA_AD_2024_0190_C1.pdf
2024-0191,1,2024-0191,2024-0191,2024-10-24,False,False,,,,2024-0191,True,ebc9c773083a1d6b,2024-0191__AD_2024-0191_1__EASA_AD_2024_0191.pdf
2024-0196,1,2024-0196,2024-0196,2024-11-01,False,False,,,,2024-0196,True,91f5dd1f9cb5cc42,2024-0196__AD_2024-0196_1__EASA_AD_2024_0196.pdf
2024-0197,1,2024-0197,2024-0197,2024-11-01,False,False,,,,2024-0197,True,4edcf14b30c6d076,2024-0197__AD_2024-0197_1__EASA_AD_2024_0197.pdf
2024-0198,1,2024-0198,2024-0198,2024-11-01,False,False,,,,2024-0198,True,2574652a6b6cdcff,2024-0198__AD_2024-0198_1__EASA_AD_2024_0198.pdf
2024-0199,1,2024-0199,2024-0199,2024-11-01,False,False,,,,2024-0199,True,504336317366da36,2024-0199__AD_2024-0199_1__EASA_AD_2024_0199_superseded.pdf
2024-0200,1,2024-0200,2024-0200,2024-11-04,False,False,,,,2024-0200,True,bedc86b16409e883,2024-0200__AD_2024-0200_1__EASA_AD_2024_0200.pdf
2024-0201,1,2024-0201R1,2024-0201R1,,False,False,,,,2024-0201R1,True,71bbea93d983178d,2024-0201R1__AD_2024-0201R1_1__EASA_AD_2024_0201_R1.pdf
2024-0203,1,2024-0203,2024-0203,2024-11-05,False,False,,,,2024-0203,True,b163c7717954ff97,2024-0203__AD_2024-0203_1__EASA_AD_2024_0203.pdf
2024-0204,1,2024-0204,2024-0204,2024-11-05,False,False,,,,2024-0204,True,0da6c51457ddf91f,2024-0204__AD_2024-0204_1__EASA_AD_2024_0204.pdf
2024-0208,1,2024-0208,2024-0208,2024-11-08,False,False,,,,2024-0208,True,ff510a363a1df6b8,2024-0208__AD_2024-0208_1__EASA_AD_2024_0208_superseded.pdf
2024-0210,1,2024-0210R1,2024-0210R1,,False,False,,,,2024-0210R1,True,31f1c71f120d9931,2024-0210R1__AD_2024-0210R1_2__EASA_AD_2024_0210_R1_superseded.pdf
2024-0213,1,2024-0213,2024-0213,2024-11-28,False,False,,,,2024-0213,True,44180521361f0e9b,2024-0213__AD_2024-0213_2__EASA_AD_2024_0213_superseded.pdf
2024-0214,1,2024-0214,2024-0214,2024-11-28,False,False,,,,2024-0214,True,9d4128423399d126,2024-0214__AD_2024-0214_1__EASA_AD_2024_0214.pdf
2024-0216,1,2024-0216,2024-0216,2024-11-22,False,False,,,,2024-0216,True,bb030e40f80fbdd6,2024-0216__AD_2024-0216_1__EASA_AD_2024_0216_superseded.pdf
2024-0217,1,2024-0217,2024-0217,2024-12-02,False,False,,,,2024-0217,True,bf7b5f763711da83,2024-0217__AD_2024-0217_1__EASA_AD_2024_0217.pdf
2024-0220,1,2024-0220,2024-0220,2024-12-04,False,False,,,,2024-0220,True,2e0b12c4c569825c,2024-0220__AD_2024-0220_2__EASA_AD_2024_0220.pdf
2024-0230,1,2024-0230,2024-0230,2024-12-16,False,False,,,,2024-0230,True,bbb164d217c1ce72,2024-0230__AD_2024-0230_1__EASA_AD_2024_0230.pdf
2024-0231,1,2024-0231,2024-0231,2024-12-18,False,False,,,,2024-0231,True,21e169c49e164f46,2024-0231__AD_2024-0231_1__EASA_AD_2024_0231_superseded.pdf
2024-0234,1,2024-0234,2024-0234,2024-12-20,False,False,,,,2024-0234,True,0198527e3b8784c3,2024-0234__AD_2024-0234_1__EASA_AD_2024_0234.pdf
2024-0238,1,2024-0238,2024-0238,2024-12-24,False,False,,,,2024-0238,True,4ea547ffcf76e8b8,2024-0238__AD_2024-0238_1__EASA_AD_2024_0238.pdf
2024-0247,1,2024-0247,2024-0247,2025-01-01,False,False,,,,2024-0247,True,7be6df5ed4b0eeb9,2024-0247__AD_2024-0247_1__EASA_AD_2024_0247_superseded.pdf
2024-0248,1,2024-0248,2024-0248,2025-01-01,False,False,,,,2024-0248,True,b033116dbe432bc4,2024-0248__AD_2024-0248_1__EASA_AD_2024_0248.pdf
2025-0008,1,2025-0008,2025-0008,2025-01-23,False,False,,,,2025-0008,True,b829efee031a2fcf,2025-0008__AD_2025-0008_1__EASA_AD_2025_0008.pdf
2025-0012,1,2025-0012,2025-0012,2025-01-27,False,False,,,,2025-0012,True,60a832e98e27df52,2025-0012__AD_2025-0012_1__EASA_AD_2025_0012.pdf
2025-0013,1,2025-0013,2025-0013,2025-01-27,False,False,,,,2025-0013,True,e75471969e057f8a,2025-0013__AD_2025-0013_1__EASA_AD_2025_0013.pdf
2025-0015,1,2025-0015,2025-0015,2025-01-27,False,False,,,,2025-0015,True,36dafadb60af0208,2025-0015__AD_2025-0015_2__EASA_AD_2025_0015_superseded.pdf
2025-0016,1,2025-0016,2025-0016,2025-01-27,False,False,,,,2025-0016,True,bc3e6a23cb84eb02,2025-0016__AD_2025-0016_1__EASA_AD_2025_0016_superseded.pdf
2025-0030,1,2025-0030,2025-0030,2025-02-24,False,False,,,,2025-0030,True,fdd2c6e6327b3317,2025-0030__AD_2025-0030_2__EASA_AD_2025_0030_superseded.pdf
2025-0031,1,2025-0031,2025-0031,2025-02-24,False,False,,,,2025-0031,True,1034412b61b9c302,2025-0031__AD_2025-0031_2__EASA_AD_2025_0031_superseded.pdf
2025-0032,1,2025-0032,2025-0032,2025-02-24,False,False,,,,2025-0032,True,4dbb47843d2841c6,2025-0032__AD_2025-0032_1__EASA_AD_2025_0032_superseded.pdf
2025-0033,1,2025-0033,2025-0033,2025-02-24,False,False,,,,2025-0033,True,ab8f92ebfc1502ca,2025-0033__AD_2025-0033_1__EASA_AD_2025_0033_superseded.pdf
2025-0034,1,2025-0034,2025-0034,2025-02-26,False,False,,,,2025-0034,True,a979fffd78b825a2,2025-0034__AD_2025-0034_1__EASA_AD_2025_0034.pdf
2025-0035,1,2025-0035,2025-0035,2025-02-26,False,False,,,,2025-0035,True,69ebec39afa511c7,2025-0035__AD_2025-0035_1__EASA_AD_2025_0035_superseded.pdf
2025-0037,1,2025-0037,2025-0037,2025-02-26,False,False,,,,2025-0037,True,963b41ca6a4d5cea,2025-0037__AD_2025-0037_1__EASA_AD_2025_0037_superseded.pdf
2025-0041,1,2025-0041,2025-0041,2025-02-25,False,False,,,,2025-0041,True,b1454d1e33bf6ba5,2025-0041__AD_2025-0041_2__EASA_AD_2025_0041.pdf
2025-0043,1,2025-0043R1,2025-0043R1,,False,False,,,,2025-0043R1,True,eaae384a80f7f225,2025-0043R1__AD_2025-0043R1_1__EASA_AD_2025_0043R1_C1_superseded.pdf
2025-0047,1,2025-0047,2025-0047,2025-03-06,False,False,,,,2025-0047,True,e7bf9bd4831cb5b5,2025-0047__AD_2025-0047_1__EASA_AD_2025_0047.pdf
2025-0049,1,2025-0049,2025-0049,2025-03-10,False,False,,,,2025-0049,True,7d7f7acf977c0dc5,2025-0049__AD_2025-0049_1__EASA_AD_2025_0049_superseded.pdf
2025-0053,1,2025-0053,2025-0053,2025-03-19,False,False,,,,2025-0053,True,94680229b2aa4b28,2025-0053__AD_2025-0053_2__EASA_AD_2025_0053.pdf
2025-0057,1,2025-0057,2025-0057,2025-03-31,False,False,,,,2025-0057,True,f784cb5ddff1130e,2025-0057__AD_2025-0057_1__EASA_AD_2025_0057_superseded.pdf
2025-0058,1,2025-0058R1,2025-0058R1,2025-03-31,False,False,,,,2025-0058R1,True,204e5fc842acdbc3,2025-0058R1__AD_2025-0058R1_1__EASA_AD_2025_0058R1.pdf
2025-0059,1,2025-0059,2025-0059,2025-03-31,False,False,,,,2025-0059,True,fa45fcb9c03e9b05,2025-0059__AD_2025-0059_1__EASA_AD_2025_0059.pdf
2025-0060,1,2025-0060R1,2025-0060R1,2025-03-31,False,False,,,,2025-0060R1,True,1b90f53f56d4fa75,2025-0060R1__AD_2025-0060R1_1__EASA_AD_2025_0060R1.pdf
2025-0065,1,2025-0065,2025-0065,2025-04-10,False,False,,,,2025-0065,True,68e77c13b92f7f57,2025-0065__AD_2025-0065_2__EASA_AD_2025_0065.pdf
2025-0066,1,2025-0066,2025-0066,2025-04-11,False,False,,,,2025-0066,True,d335a7764b2b0d9b,2025-0066__AD_2025-0066_1__EASA_AD_2025_0066.pdf
2025-0067,1,2025-0067,2025-0067,2025-04-11,False,False,,,,2025-0067,True,79c03a5f7eb70404,2025-0067__AD_2025-0067_1__EASA_AD_2025_0067.pdf
2025-0068,1,2025-0068,2025-0068,2025-04-11,False,False,,,,2025-0068,True,6e80e67e640ba6d1,2025-0068__AD_2025-0068_1__EASA_AD_2025_0068_superseded.pdf
2025-0071,1,2025-0071,2025-0071,2025-04-14,False,False,,,,2025-0071,True,cf6740380a3a8b71,2025-0071__AD_2025-0071_1__EASA_AD_2025_0071.pdf
2025-0073,1,2025-0073,2025-0073,2025-04-17,False,False,,,,2025-0073,True,0cadf09b261e217a,2025-0073__AD_2025-0073_1__EASA_AD_2025_0073.pdf
2025-0074,1,2025-0074,2025-0074,2025-04-14,False,False,,,,2025-0074,True,6fdfe7f81c08a938,2025-0074__AD_2025-0074_1__EASA_AD_2025_0074_superseded.pdf
2025-0075,1,2025-0075R1,2025-0075R1,,False,False,,,,2025-0075R1,True,2c0310193d04fad5,2025-0075R1__AD_2025-0075R1_2__EASA_AD_2025_0075R1.pdf
2025-0078,1,2025-0078,2025-0078,2025-04-23,False,False,,,,2025-0078,True,46f92c8ab49bbdef,2025-0078__AD_2025-0078_1__EASA_AD_2025_0078.pdf
2025-0083,1,2025-0083R1,2025-0083R1,,False,False,,,,2025-0083R1,True,1044e2396224940b,2025-0083R1__AD_2025-0083R1_1__EASA_AD_2025_0083_R1.pdf
2025-0089,1,2025-0089,2025-0089,2025-05-08,False,False,,,,2025-0089,True,b29c44098607aea1,2025-0089__AD_2025-0089_2__EASA_AD_2025_0089_C1.pdf
2025-0093,1,2025-0093,2025-0093,2026-05-26,False,False,,,,2025-0093,True,97cae22481bc43f4,2025-0093-CN__AD_2025-0093-CN_1__EASA_AD_2025_0093_CN.pdf
2025-0095,1,2025-0095,2025-0095,2025-05-09,False,False,,,,2025-0095,True,6a5039d9967fce50,2025-0095__AD_2025-0095_1__EASA_AD_2025_0095_superseded.pdf
2025-0096,1,2025-0096,2025-0096,2025-05-12,False,False,,,,2025-0096,True,0a1eec6b41ae4089,2025-0096__AD_2025-0096_2__EASA_AD_2025_0096.pdf
2025-0099,1,2025-0099,2025-0099,2025-05-07,False,False,,,,2025-0099,True,7aeb5c772a422015,2025-0099__AD_2025-0099_1__EASA_AD_2025_0099_superseded.pdf
2025-0100,1,2025-0100,2025-0100,2025-05-14,False,False,,,,2025-0100,True,dfb0e53bb396dcec,2025-0100__AD_2025-0100_1__EASA_AD_2025_0100.pdf
2025-0104,1,2025-0104R1,2025-0104R1,,False,False,,,,2025-0104R1,True,4b6f88ed96bb9151,2025-0104R1__AD_2025-0104R1_1__EASA_AD_2025_0104R1.pdf
2025-0105,1,2025-0105,2025-0105,2025-05-21,False,False,,,,2025-0105,True,0673e70ecb956f5f,2025-0105__AD_2025-0105_1__EASA_AD_2025_0105.pdf
2025-0106,1,2025-0106,2025-0106,2025-05-21,False,False,,,,2025-0106,True,fd8dc94e90240a62,2025-0106__AD_2025-0106_1__EASA_AD_2025_0106.pdf
2025-0107,1,2025-0107,2025-0107,2025-05-21,False,False,,,,2025-0107,True,5e072469811a708a,2025-0107__AD_2025-0107_1__EASA_AD_2025_0107.pdf
2025-0109,1,2025-0109,2025-0109,2025-05-30,False,False,,,,2025-0109,True,fe23a68cd6fb8ff1,2025-0109__AD_2025-0109_1__EASA_AD_2025_0109_superseded.pdf
2025-0111,1,2025-0111,2025-0111,2025-05-28,False,False,,,,2025-0111,True,4ed47552b2384bda,2025-0111__AD_2025-0111_1__EASA_AD__2025_0111.pdf
2025-0114,1,2025-0114,2025-0114,2025-05-29,False,False,,,,2025-0114,True,0688f2952821323b,2025-0114__AD_2025-0114_1__EASA_AD_2025_0114.pdf
2025-0115,1,2025-0115,2025-0115,2025-05-30,False,False,,,,2025-0115,True,8b2792a3b8d34a80,2025-0115__AD_2025-0115_1__EASA_AD_2025_0115.pdf
2025-0117,1,2025-0117,2025-0117,2025-05-30,False,False,,,,2025-0117,True,0cbeec359ae9532a,2025-0117__AD_2025-0117_1__EASA_AD_2025_0117.pdf
2025-0118,1,2025-0118R1,2025-0118R1,,False,False,,,,2025-0118R1,True,404698c246c339e4,2025-0118R1__AD_2025-0118R1_2__EASA_AD_2025_0118R1.pdf
2025-0120,1,2025-0120,2025-0120,2025-06-09,False,False,,,,2025-0120,True,76568b9b541d5f12,2025-0120__AD_2025-0120_1__EASA_AD_2025_0120.pdf
2025-0121,1,2025-0121,2025-0121,2025-06-11,False,False,,,,2025-0121,True,8ebdf40fbccfab56,2025-0121__AD_2025-0121_1__EASA_AD_2025_0121.pdf
2025-0129,1,2025-0129,2025-0129,2025-06-12,False,False,,,,2025-0129,True,37c7e0abdc3d89cb,2025-0129__AD_2025-0129_1__EASA_AD_2025-0129_superseded.pdf
2025-0133,1,2025-0133,2025-0133,2025-07-09,False,False,,,,2025-0133,True,81880a6cf71a6bbc,2025-0133__AD_2025-0133_2__EASA_AD__2025_0133.pdf
2025-0138,1,2025-0138,2025-0138,2025-07-15,False,False,,,,2025-0138,True,5762b029d7edbc0c,2025-0138__AD_2025-0138_1__EASA_AD_2025_0138.pdf
2025-0139,1,2025-0139,2025-0139,2025-07-30,False,False,,,,2025-0139,True,bdcf1376d3cc86f5,2025-0139__AD_2025-0139_1__EASA_AD_2025_0139_superseded.pdf
2025-0150,1,2025-0150,2025-0150,2025-07-28,False,False,,,,2025-0150,True,d08c9f0cec607641,2025-0150__AD_2025-0150_1__EASA_AD_2025_0150.pdf
2025-0151,1,2025-0151R2,2025-0151R2,,False,False,,,,2025-0151R2,True,bdff1c1619019913,2025-0151R2__AD_2025-0151R2_1__EASA_AD__2025_0151R2.pdf
2025-0152,1,2025-0152,2025-0152,2025-08-02,False,False,,,,2025-0152,True,e71da8a01a53a597,2025-0152__AD_2025-0152_1__EASA_AD_2025_0152.pdf
2025-0158,1,2025-0158R2,2025-0158R2,,False,False,,,,2025-0158R2,True,cecb6482a0f8940d,2025-0158R2__AD_2025-0158R2_1__EASA_AD_2025_0158R2.pdf
2025-0164,1,2025-0164,2025-0164,2025-08-12,False,False,,,,2025-0164,True,ada8689ba9eea8d2,2025-0164__AD_2025-0164_1__EASA_AD_2025_0164.pdf
2025-0166,1,2025-0166R1,2025-0166R1,,False,False,,,,2025-0166R1,True,8b68090c3bc7c7aa,2025-0166R1__AD_2025-0166R1_1__EASA_AD_2025_0166R1.pdf
2025-0167,1,2025-0167R1,2025-0167R1,,False,False,,,,2025-0167R1,True,de8abc1d428fed50,2025-0167R1__AD_2025-0167R1_1__EASA_AD_2025_0167R1.pdf
2025-0168,1,2025-0168,2025-0168,2025-08-14,False,False,,,,2025-0168,True,db728a90ba7d7c4c,2025-0168__AD_2025-0168_2__EASA_AD_2025_0168.pdf
2025-0169,1,2025-0169,2025-0169,2025-08-14,False,False,,,,2025-0169,True,d6fde671a6d39044,2025-0169__AD_2025-0169_1__EASA_AD_2025_0169.pdf
2025-0170,1,2025-0170,2025-0170,2025-08-18,False,False,,,,2025-0170,True,0b1cb75443e9190b,2025-0170__AD_2025-0170_2__EASA_AD_2025_0170.pdf
2025-0175,1,2025-0175,2025-0175,2025-08-22,False,False,,,,2025-0175,True,79bb3261fe692c20,2025-0175__AD_2025-0175_1__EASA_AD_2025_0175.pdf
2025-0177,1,2025-0177,2025-0177,2025-08-22,False,False,,,,2025-0177,True,aa75c188376b11be,2025-0177__AD_2025-0177_2__EASA_AD_2025_0177.pdf
2025-0178,1,2025-0178,2025-0178,2025-08-22,False,False,,,,2025-0178,True,2f673a366d8fc1a2,2025-0178__AD_2025-0178_2__EASA_AD_2025-0178.pdf
2025-0179,1,2025-0179,2025-0179,2025-08-27,False,False,,,,2025-0179,True,e5fe11f0cdf48364,2025-0179__AD_2025-0179_2__EASA_AD_2025_0179.pdf
2025-0180,1,2025-0180,2025-0180,2025-08-29,False,False,,,,2025-0180,True,843bf230e6ef071a,2025-0180__AD_2025-0180_2__EASA_AD_2025_0180.pdf
2025-0181,1,2025-0181,2025-0181,2025-09-03,False,False,,,,2025-0181,True,b0e89b78cd668c9e,2025-0181__AD_2025-0181_1__EASA_AD_2025_0181.pdf
2025-0183,1,2025-0183,2025-0183,2025-09-01,False,False,,,,2025-0183,True,ecfa593e6bee5c0a,2025-0183__AD_2025-0183_2__EASA_AD_2025_0183.pdf
2025-0185,1,2025-0185,2025-0185,2025-09-09,False,False,,,,2025-0185,True,32ae1a8bcf236c43,2025-0185__AD_2025-0185_1__EASA_AD__2025_0185.pdf
2025-0189,1,2025-0189,2025-0189,2025-09-16,False,False,,,,2025-0189,True,087ae00c8ad8b5f8,2025-0189__AD_2025-0189_2__EASA_AD__2025_0189.pdf
2025-0192,1,2025-0192,2025-0192,2025-09-22,False,False,,,,2025-0192,True,b70535fceffddacd,2025-0192__AD_2025-0192_1__EASA_AD_2025_0192_superseded.pdf
2025-0193,1,2025-0193,2025-0193,2025-09-22,False,False,,,,2025-0193,True,314e006e4697c30d,2025-0193__AD_2025-0193_1__EASA_AD__2025_0193.pdf
2025-0194,1,2025-0194,2025-0194,2025-09-24,False,False,,,,2025-0194,True,13b2a938de56e2bf,2025-0194__AD_2025-0194_1__EASA_AD_2025_0194_C.pdf
2025-0195,1,2025-0195,2025-0195,2025-09-26,False,False,,,,2025-0195,True,d11bb624d6cb9635,2025-0195__AD_2025-0195_1__EASA_AD_2025_0195.pdf
2025-0197,1,2025-0197R1,2025-0197R1,,False,False,,,,2025-0197R1,True,e1b3d9e920a792d0,2025-0197R1__AD_2025-0197R1_1__EASA_AD_2025_0197_R1.pdf
2025-0202,1,2025-0202,2025-0202,2025-10-02,False,False,,,,2025-0202,True,8566ac39cd8ea035,2025-0202__AD_2025-0202_1__EASA_AD_2025_0202.pdf
2025-0203,1,2025-0203,2025-0203,2025-10-03,False,False,,,,2025-0203,True,f3d5a0ca5888e368,2025-0203__AD_2025-0203_1__EASA_AD_2025_0203.pdf
2025-0204,1,2025-0204,2025-0204,2025-10-03,False,False,,,,2025-0204,True,181fdb0048aa0d9d,2025-0204__AD_2025-0204_1__EASA_AD_2025_0204.pdf
2025-0207,1,2025-0207R1,2025-0207R1,,False,False,,,,2025-0207R1,True,d8571df121da7f3a,2025-0207R1__AD_2025-0207R1_1__EASA_AD_2025_0207_R1.pdf
2025-0208,1,2025-0208,2025-0208,2025-10-08,False,False,,,,2025-0208,True,306191864ac50540,2025-0208__AD_2025-0208_2__EASA_AD_2025_0208.pdf
2025-0209,1,2025-0209,2025-0209,2025-10-08,False,False,,,,2025-0209,True,268d3d83804231bc,2025-0209__AD_2025-0209_1__EASA_AD_2025_0209.pdf
2025-0210,1,2025-0210,2025-0210,2025-10-08,False,False,,,,2025-0210,True,af43a7a23eb10fb1,2025-0210__AD_2025-0210_1__EASA_AD_2025_0210.pdf
2025-0212,1,2025-0212,2025-0212,2025-10-01,False,False,,,,2025-0212,True,08f328824746442b,2025-0212__AD_2025-0212_1__EASA_AD_2025_0212.pdf
2025-0214,1,2025-0214,2025-0214,2025-10-14,False,False,,,,2025-0214,True,d556dab6084ec386,2025-0214__AD_2025-0214_2__EASA_AD_2025_0214.pdf
2025-0216,1,2025-0216,2025-0216,2025-10-15,False,False,,,,2025-0216,True,bd5f8a264948c8dd,2025-0216__AD_2025-0216_1__EASA_AD_2025_0216.pdf
2025-0219,1,2025-0219,2025-0219,2025-10-20,False,False,,,,2025-0219,True,1ce6f6947f5e9d21,2025-0219__AD_2025-0219_1__EASA_AD_2025_0219_superseded.pdf
2025-0224,1,2025-0224,2025-0224,2025-10-30,False,False,,,,2025-0224,True,9bd83dbf9a406a64,2025-0224__AD_2025-0224_1__EASA_AD_2025_0224.pdf
2025-0232,1,2025-0232,2025-0232,2025-11-05,False,False,,,,2025-0232,True,9cd3c30a8f7e9b1d,2025-0232__AD_2025-0232_1__EASA_AD_2025_0232.pdf
2025-0234,1,2025-0234,2025-0234,2025-11-06,False,False,,,,2025-0234,True,b41087ed46d53185,2025-0234__AD_2025-0234_1__EASA_AD__2025_0234_superseded.pdf
2025-0236,1,2025-0236,2025-0236,2025-11-06,False,False,,,,2025-0236,True,08f43b18005dcdd5,2025-0236__AD_2025-0236_1__EASA_AD_2025_0236.pdf
2025-0237,1,2025-0237R1,2025-0237R1,,False,False,,,,2025-0237R1,True,6e28103a96f2ffaa,2025-0237R1__AD_2025-0237R1_2__EASA_AD__2025_0237R1_C1.pdf
2025-0238,1,2025-0238,2025-0238,2025-11-10,False,False,,,,2025-0238,True,b3b9014c767ee4f3,2025-0238__AD_2025-0238_1__EASA_AD_2025_0238_C1.pdf
2025-0241,1,2025-0241,2025-0241,2025-11-12,False,False,,,,2025-0241,True,b8950eff4eb0f90e,2025-0241__AD_2025-0241_1__EASA_AD_2025_0241.pdf
2025-0244,1,2025-0244,2025-0244,2025-11-13,False,False,,,,2025-0244,True,926266ea5bc5cf3a,2025-0244__AD_2025-0244_2__EASA_AD_2025_0244.pdf
2025-0247,1,2025-0247R1,2025-0247R1,,False,False,,,,2025-0247R1,True,67526c7d281ae1a8,2025-0247R1__AD_2025-0247R1_1__EASA_AD_2025_0247_R1.pdf
2025-0248,1,2025-0248,2025-0248,2025-11-20,False,False,,,,2025-0248,True,271011b0f29cc7fe,2025-0248__AD_2025-0248_1__EASA_AD__2025_0248.pdf
2025-0251,1,2025-0251,2025-0251,2025-12-08,False,False,,,,2025-0251,True,f413b5f1cdb2e90a,2025-0251__AD_2025-0251_1__EASA_AD_2025_0251.pdf
2025-0252,1,2025-0252,2025-0252,2025-11-28,False,False,,,,2025-0252,True,ce3b82a2c8f912c5,2025-0252__AD_2025-0252_1__EASA_AD_2025_0252.pdf
2025-0253,1,2025-0253,2025-0253,2025-11-21,False,False,,,,2025-0253,True,ee54c271e808c9ca,2025-0253__AD_2025-0253_1__EASA_AD_2025_0253_superseded.pdf
2025-0254,1,2025-0254R1,2025-0254R1,,False,False,,,,2025-0254R1,True,80a0cf1cb671d045,2025-0254R1__AD_2025-0254R1_1__EASA_AD__2025_0254_R1.pdf
2025-0255,1,2025-0255,2025-0255,2025-12-03,False,False,,,,2025-0255,True,b73757b2d1852279,2025-0255__AD_2025-0255_1__EASA_AD_2025_0255.pdf
2025-0256,1,2025-0256,2025-0256,2025-12-04,False,False,,,,2025-0256,True,b77c059be8bd9cd0,2025-0256__AD_2025-0256_1__EASA_AD_2025_0256.pdf
2025-0258,1,2025-0258,2025-0258,2025-12-05,False,False,,,,2025-0258,True,86aa46cd759f411b,2025-0258__AD_2025-0258_1__EASA_AD__2025_0258.pdf
2025-0259,1,2025-0259,2025-0259,2025-12-08,False,False,,,,2025-0259,True,60ed09045f1baa83,2025-0259__AD_2025-0259_1__EASA_AD_2025_0259.pdf
2025-0270,1,2025-0270,2025-0270,2025-12-16,False,False,,,,2025-0270,True,4b164b5644b32616,2025-0270__AD_2025-0270_1__EASA_AD_2025_0270.pdf
2025-0272,1,2025-0272,2025-0272,2025-12-16,False,False,,,,2025-0272,True,9a92cf0890868804,2025-0272__AD_2025-0272_1__EASA_AD_2025_0272.pdf
2025-0274,1,2025-0274R1,2025-0274R1,,False,False,,,,2025-0274R1,True,beef6a768938ca03,2025-0274R1__AD_2025-0274R1_1__EASA_AD_2025_0274R1.pdf
2025-0275,1,2025-0275,2025-0275,2025-12-23,False,False,,,,2025-0275,True,be4f5745be451d48,2025-0275__AD_2025-0275_2__EASA_AD_2025_0275.pdf
2025-0276,1,2025-0276,2025-0276,2025-12-24,False,False,,,,2025-0276,True,4eee2159f602eabb,2025-0276__AD_2025-0276_2__EASA_AD_2025_0276.pdf
2025-0280,1,2025-0280,2025-0280,2025-12-18,False,False,,,,2025-0280,True,821524455ae9db35,2025-0280__AD_2025-0280_2__EASA_AD_2025_0280.pdf
2025-0283,1,2025-0283,2025-0283,2025-12-29,False,False,,,,2025-0283,True,69eb27dbfecf2e08,2025-0283__AD_2025-0283_1__EASA_AD_2025_0283_C2.pdf
2025-0286,1,2025-0286,2025-0286,2025-12-31,False,False,,,,2025-0286,True,99b2dd45f842e7ce,2025-0286__AD_2025-0286_1__EASA_AD_2025_0286.pdf
2025-0289,1,2025-0289,2025-0289,2025-12-31,False,False,,,,2025-0289,True,cedb1128466e4c2b,2025-0289__AD_2025-0289_1__EASA_AD_2025_0289.pdf
2026-0007,1,2026-0007,2026-0007,2026-01-28,False,False,,,,2026-0007,True,2bc08bdaff5ec98a,2026-0007__AD_2026-0007_1__EASA_AD_2026_0007.pdf
2026-0014,1,2026-0014,2026-0014,2026-02-03,False,False,,,,2026-0014,True,2501937455dee8d6,2026-0014__AD_2026-0014_2__EASA_AD_2026_0014.pdf
2026-0017,1,2026-0017,2026-0017,2026-02-06,False,False,,,,2026-0017,True,1f3af1a66dad0ea4,2026-0017__AD_2026-0017_1__EASA_AD_2026_0017.pdf
2026-0018,1,2026-0018,2026-0018,2026-02-09,False,False,,,,2026-0018,True,cf10523e9f0d0421,2026-0018__AD_2026-0018_2__EASA_AD_2026_0018.pdf
2026-0025,1,2026-0025,2026-0025,2026-02-24,False,False,,,,2026-0025,True,33e266e554b6b4a4,2026-0025__AD_2026-0025_1__EASA_AD_2026_0025.pdf
2026-0026,1,2026-0026,2026-0026,2026-02-24,False,False,,,,2026-0026,True,4b7ce1602affa155,2026-0026__AD_2026-0026_1__EASA_AD_2026_0026.pdf
2026-0028,1,2026-0028,2026-0028,2026-02-25,False,False,,,,2026-0028,True,633f5029346c44d9,2026-0028__AD_2026-0028_1__EASA_AD_2026_0028.pdf
2026-0030,1,2026-0030,2026-0030,2026-03-12,False,False,,,,2026-0030,True,6ca572f71ebc51c5,2026-0030__AD_2026-0030_1__EASA_AD_2026_0030.pdf
2026-0034,1,2026-0034,2026-0034,2026-03-09,False,False,,,,2026-0034,True,cb0d70015970d745,2026-0034__AD_2026-0034_1__EASA_AD_2026_0034.pdf
2026-0035,1,2026-0035,2026-0035,2026-03-11,False,False,,,,2026-0035,True,76bdc6caa0007aa4,2026-0035__AD_2026-0035_1__EASA_AD_2026_0035.pdf
2026-0036,1,2026-0036,2026-0036,2026-03-11,False,False,,,,2026-0036,True,63fb2250f10a313c,2026-0036__AD_2026-0036_1__EASA_AD_2026_0036.pdf
2026-0037,1,2026-0037R1,2026-0037R1,,False,False,,,,2026-0037R1,True,917ba8264523ae30,2026-0037R1__AD_2026-0037R1_1__EASA_AD__2026_0037R1.pdf
2026-0042,1,2026-0042,2026-0042,2026-03-17,False,False,,,,2026-0042,True,9983feda2593fb68,2026-0042__AD_2026-0042_1__EASA_AD_2026_0042.pdf
2026-0047,1,2026-0047,2026-0047,2026-03-24,False,False,,,,2026-0047,True,535ab2570d0a0ae6,2026-0047__AD_2026-0047_1__EASA_AD_2026_0047.pdf
2026-0055,1,2026-0055R1,2026-0055R1,,False,False,,,,2026-0055R1,True,e8b5ceaa82cde044,2026-0055R1__AD_2026-0055R1_1__EASA_AD_2026_0055R1.pdf
2026-0058,1,2026-0058,2026-0058,2026-03-31,False,False,,,,2026-0058,True,7bae41abcca8ee06,2026-0058__AD_2026-0058_1__EASA_AD_2026_0058.pdf
2026-0059,1,2026-0059,2026-0059,2026-04-02,False,False,,,,2026-0059,True,550ac6fd47d07ea1,2026-0059__AD_2026-0059_2__EASA_AD_2026_0059.pdf
2026-0060,1,2026-0060R1,2026-0060R1,,False,False,,,,2026-0060R1,True,e49005f9ba18fd13,2026-0060R1__AD_2026-0060R1_1__EASA_AD_2026_0060_R1.pdf
2026-0061,1,2026-0061,2026-0061,2026-04-08,False,False,,,,2026-0061,True,739501c0984f9451,2026-0061__AD_2026-0061_1__EASA_AD__2026_0061.pdf
2026-0062,1,2026-0062,2026-0062,2026-04-08,False,False,,,,2026-0062,True,177fa79687165100,2026-0062__AD_2026-0062_1__EASA_AD__2026_0062.pdf
2026-0063,1,2026-0063,2026-0063,2026-04-09,False,False,,,,2026-0063,True,b2bf42131b3bc9ab,2026-0063__AD_2026-0063_2__EASA_AD__2026_0063.pdf
2026-0064,1,2026-0064,2026-0064,2026-04-09,False,False,,,,2026-0064,True,fa779a43260460bf,2026-0064__AD_2026-0064_1__EASA_AD__2026_0064.pdf
2026-0073,1,2026-0073,2026-0073,2026-04-15,False,False,,,,2026-0073,True,20ef8e786e2cbafd,2026-0073__AD_2026-0073_1__EASA_AD_2026_0073_C1.pdf
2026-0074,1,2026-0074,2026-0074,2026-04-22,False,False,,,,2026-0074,True,68fe60ea3d5c2f17,2026-0074__AD_2026-0074_1__EASA_AD_2026_0074.pdf
2026-0079,1,2026-0079,2026-0079,2026-05-01,False,False,,,,2026-0079,True,1f16f3df632283df,2026-0079__AD_2026-0079_1__EASA_AD_2026_0079.pdf
2026-0082,1,2026-0082,2026-0082,2026-05-04,False,False,,,,2026-0082,True,5114b191c4b4371c,2026-0082__AD_2026-0082_1__EASA_AD_2026_0082_C1.pdf
2026-0083,1,2026-0083,2026-0083,2026-04-29,False,False,,,,2026-0083,True,00cdf29eff061470,2026-0083__AD_2026-0083_2__EASA_AD_2026_0083.pdf
2026-0084,1,2026-0084,2026-0084,2026-05-11,False,False,,,,2026-0084,True,4aef51837278b16c,2026-0084__AD_2026-0084_1__EASA_AD_2026_0084.pdf
2026-0085,1,2026-0085,2026-0085,2026-05-11,False,False,,,,2026-0085,True,9d740abe49695c55,2026-0085__AD_2026-0085_1__EASA_AD_2026_0085.pdf
2026-0092,1,2026-0092,2026-0092,2026-05-25,False,False,,,,2026-0092,True,da521b02a26cb271,2026-0092__AD_2026-0092_1__EASA_AD_2026_0092.pdf
2026-0100,1,2026-0100,2026-0100,2026-06-04,False,False,,,,2026-0100,True,34edf2d1b2e65515,2026-0100__AD_2026-0100_1__EASA_AD_2026_0100.pdf
2026-0114,1,2026-0114,2026-0114,2026-06-26,False,False,,,,2026-0114,True,c367690ceac2054f,2026-0114__AD_2026-0114_1__EASA_AD_2026_0114.pdf
2026-0120,1,2026-0120,2026-0120,2026-07-07,False,False,,,,2026-0120,True,f90f96b79ecb389c,2026-0120__AD_2026-0120_1__EASA_AD_2026_0120.pdf
2026-0122,1,2026-0122,2026-0122,2026-07-10,False,False,,,,2026-0122,True,49664a2c4730b885,2026-0122__AD_2026-0122_1__EASA_AD_2026_0122.pdf
2026-0130,1,2026-0130,2026-0130,2026-07-20,False,False,,,,2026-0130,True,6e85777e1582121d,2026-0130__AD_2026-0130_1__EASA_AD_2026_0130.pdf
2026-0133,1,2026-0133,2026-0133,2026-07-22,False,False,,,,2026-0133,True,752529087584b6c2,2026-0133__AD_2026-0133_1__EASA_AD_2026_0133.pdf
2026-0134,1,2026-0134,2026-0134,2026-07-22,False,False,,,,2026-0134,True,1e7c8fcdf9e9f0c3,2026-0134__AD_2026-0134_1__EASA_AD_2026_0134.pdf
2026-0135,1,2026-0135,2026-0135,2026-07-23,False,False,,,,2026-0135,True,5c00f7f95ce7c1a5,2026-0135__AD_2026-0135_1__EASA_AD_2026_0135.pdf
2026-0136,1,2026-0136,2026-0136,2026-07-24,False,False,,,,2026-0136,True,486619c8cfc8dd51,2026-0136__AD_2026-0136_1__EASA_AD_2026_0136.pdf
