file,header_id,header_base,manifest_id,hash_match,sha256,verification
2006-0046__AD_2006-0046_1__easa_ad_2006_0046.pdf,2006-0046,2006-0046,2006-0046,True,bbed304394e0cd39271e7c222a438ec010e9cb9f96d8d40514f3784ab7f46fc5,First-page AD header
2006-0047__AD_2006-0047_1__easa_ad_2006_0047_superseded.pdf,2006-0047,2006-0047,2006-0047,True,964209f8742cdc0d98b0f8b05dfe0ffd553ba39d21415580d4e7ff95a5ff4887,First-page AD header
2006-0048__AD_2006-0048_1__easa_ad_2006_0048.pdf,2006-0048,2006-0048,2006-0048,True,879616d00b78814fa2ed63d76d0f0b368e27c51cb7f79cd4f9cc88066050b448,First-page AD header
2006-0049__AD_2006-0049_1__easa_ad_2006_0049.pdf,2006-0049,2006-0049,2006-0049,True,54475d1c6a9ecc2e52c837b82f782c15e6a506abd32a6a66624bc960cacecb48,First-page AD header
2006-0050__AD_2006-0050_1__easa_ad_2006_0050.pdf,2006-0050,2006-0050,2006-0050,True,21dd213727388d26524a3d58881ef610bb13261fd72cc5010a170bd3f5d010d0,First-page AD header
2006-0066__AD_2006-0066_1__easa_ad_2006_0066_superseded.pdf,2006-0066,2006-0066,2006-0066,True,307d5eb3ec1534ba8f091fb04ab85833960e200d5cf36f2dc319fb554ec80a0a,First-page AD header
2006-0069R1__AD_2006-0069R1_1__easa_ad_2006_0069_R1_superseded.pdf,2006-0069R1,2006-0069,2006-0069R1,True,bb78a9e2d6cb8fe8257bee1c6d68202a68426a94c017ce6d31eb43b706026c6d,First-page AD header
2006-0071__AD_2006-0071_1__easa_ad_2006_0071_superseded.pdf,2006-0071,2006-0071,2006-0071,True,cba57b662216bd61a0cb77f41409d1a4e1969ce9ce834ebc93df1e368ff7549e,First-page AD header
2006-0074__AD_2006-0074_1__easa_ad_2006_0074.pdf,2006-0074,2006-0074,2006-0074,True,dbeceacb1c71522fcd0d8d01a8dc6850f491b943d2fb8f67be836232cb05e79a,First-page AD header
2006-0075R2__AD_2006-0075R2_1__easa_ad_2006_0075_R2_superseded.pdf,2006-0075R2,2006-0075,2006-0075R2,True,b78668dfc7046d80cefe70c4c4f647f5487e81749baac0ef3ee804d2c8346a0b,First-page AD header
2006-0076__AD_2006-0076_1__easa_ad_2006_0076.pdf,2006-0076,2006-0076,2006-0076,True,53bc18d9a0a1fa169d98265a2d035eb59557029deda72f612cf4649b4cb01750,First-page AD header
2006-0077__AD_2006-0077_1__easa_ad_2006_0077.pdf,2006-0077,2006-0077,2006-0077,True,f2f2257c6fdb4893eaee3f660d41da367a26c8a7186a6a7333c372d2a1905389,First-page AD header
2006-0107__AD_2006-0107_1__easa_ad_2006_0107_superseded.pdf,2006-0107,2006-0107,2006-0107,True,a63bdd27f5a10b076dd8c02f3751a2c6c96f72e8b2e6a2a1de632fa3e8eeb9e3,First-page AD header
2006-0108__AD_2006-0108_1__easa_ad_2006_0108_superseded.pdf,2006-0108,2006-0108,2006-0108,True,bd75255c21e672134158c877b538dbd96fe0a121020d5fed6a534e0bb6886052,First-page AD header
2006-0111R1__AD_2006-0111R1_1__easa_ad_2006_0111_R1.pdf,2006-0111R1,2006-0111,2006-0111R1,True,790e8b924cfab89ec08a7a070968f966247282878c06dae11b03bc7f4f5a35bc,First-page AD header
2006-0112R1__AD_2006-0112R1_1__easa_ad_2006_0112_R1_superseded.pdf,2006-0112R1,2006-0112,2006-0112R1,True,b1437266ad2f232103b0b405db64c03cf94c9d1a8b0bfd7d59b0626058f114ad,First-page AD header
2006-0122__AD_2006-0122_1__easa_ad_2006_0122.pdf,2006-0122,2006-0122,2006-0122,True,e369a22e095e34a3d99ba141b9380e59a5ef939a22bb3380d0ac77f507444382,First-page AD header
2006-0124__AD_2006-0124_1__easa_ad_2006_0124.pdf,2006-0124,2006-0124,2006-0124,True,ff7fed761e736eb2ba190a3a097af373037dc3f6a56f8a419ad0e3deb87ccd12,First-page AD header
2006-0125__AD_2006-0125_1__easa_ad_2006_0125_Superseded.pdf,2006-0125,2006-0125,2006-0125,True,b3e812bf481d83ecd50f051bc36efd16866de288fb4c0a0b08e3d5cba50729b0,First-page AD header
2006-0129__AD_2006-0129_1__easa_ad_2006_0129_superseded.pdf,2006-0129,2006-0129,2006-0129,True,f73ed7bb4688e1d82f4aea40c797d36296374998575b4aaee13584427e882e45,First-page AD header
2006-0130__AD_2006-0130_1__easa_ad_2006_0130_superseded.pdf,2006-0130,2006-0130,2006-0130,True,12f08e3602988e2014234bf1acaa47fdcdf1a097c1b7c377e6831e9ebc6b80d4,First-page AD header
2006-0135-CN__AD_2006-0135-CN_1__EASA_AD_2006_0135_CN.pdf,2006-0135,2006-0135,2006-0135,True,d4dcf047dcb75d73ae3a09ecd9a9856b2bd939c22a9012ab279a2941516299ba,First-page AD header
2006-0136__AD_2006-0136_1__easa_ad_2006_0136.pdf,2006-0136,2006-0136,2006-0136,True,da5a44a5904dec89b83aa6e723132cd293dc4082caef69447ccdba8493d91694,First-page AD header
2006-0153R2__AD_2006-0153R2_2__easa_ad_2006_0153_R2_superseded.pdf,2006-0153R2,2006-0153,2006-0153R2,True,2399a87d43038400ad9a17708f2d68bccf7c7c49577a24973a091ce5a387c3d7,First-page AD header
2006-0155__AD_2006-0155_1__easa_ad_2006_0155_superseded.pdf,2006-0155,2006-0155,2006-0155,True,489d99fba4625d7294dc513b298f188815049294db5413a62e40bb0f72da82b2,First-page AD header
2006-0158__AD_2006-0158_1__easa_ad_2006_0158_superseded.pdf,2006-0158,2006-0158,2006-0158,True,dad817a48629fe07f54b965bf93e6df7ec278ebd63ca292729db00ba6bbb1750,First-page AD header
2006-0159__AD_2006-0159_1__easa_ad_2006_0159_superseded.pdf,2006-0159,2006-0159,2006-0159,True,e7eba0107aecbbc6a1f2ce0400ea61410bba02dc496cf52733bd262789341931,First-page AD header
2006-0161__AD_2006-0161_1__easa_ad_2006_0161.pdf,2006-0161,2006-0161,2006-0161,True,d0c28c49b8f2c14f0d37c921c0060bc4db79537f507006bc3ed2120b871e4f03,First-page AD header
2006-0162__AD_2006-0162_1__easa_ad_2006_0162_superseded.pdf,2006-0162,2006-0162,2006-0162,True,4afbc375ccb2c8a2a4756f39a19341136134c005ca10e66db2f24fd7dc763f70,First-page AD header
2006-0165__AD_2006-0165_1__easa_ad_2006_0165_superseded.pdf,2006-0165,2006-0165,2006-0165,True,f453cff69bf14fec32730ef1839fb4e1db63cfce15bd0ac9cd42c3d2b6b2f2ed,First-page AD header
2006-0174__AD_2006-0174_2__easa_ad_2006_0174_superseded.pdf,2006-0174,2006-0174,2006-0174,True,42107ad77e4534588b0b359b46b4c6cd4e90120dc593fc3a5754ca2111c43675,First-page AD header
2006-0176__AD_2006-0176_1__easa_ad_2006_0176.pdf,2006-0176,2006-0176,2006-0176,True,40675077165852ca109c0c95011bc05cbe216a6b313ed013a223619a8947058f,First-page AD header
2006-0177__AD_2006-0177_1__easa_ad_2006_0177.pdf,2006-0177,2006-0177,2006-0177,True,fee67607bbdf40097fab67ba76c04e8f1aa0944c2daf207c5f3afa10c486b58f,First-page AD header
2006-0178R1__AD_2006-0178R1_2__easa_ad_2006_0178_R1.pdf,2006-0178R1,2006-0178,2006-0178R1,True,7b907d71543c28f58d10e54624137eb27f9b1a283a6044a6cd59a5f4ae0ced1e,First-page AD header
2006-0179__AD_2006-0179_1__easa_ad_2006_0179.pdf,2006-0179,2006-0179,2006-0179,True,dbeb4d78bd3abeb24de1157d76baf60f37bd4bed51c8501f8f8420c1d475c634,First-page AD header
2006-0184__AD_2006-0184_1__easa_ad_2006_0184_superseded.pdf,2006-0184,2006-0184,2006-0184,True,b517a0fbe5bbc1aa61cc19b839382c010819077943dceca06ccf37f6a69ed0fe,First-page AD header
2006-0187__AD_2006-0187_2__easa_ad_2006_0187_superseded.pdf,2006-0187,2006-0187,2006-0187,True,5ee0e75a346eaf53684de7bbc3d1cc9af8da9f2f0e40398c1b56bd31afbc4ead,First-page AD header
2006-0191__AD_2006-0191_2__easa_ad_2006_0191_superseded.pdf,2006-0191,2006-0191,2006-0191,True,8c0cf6c2214f40794f3cf7b4cfdb5c2efd80865c22f63538ac45c3dd5b300bf9,First-page AD header
2006-0196__AD_2006-0196_1__easa_ad_2006_0196.pdf,2006-0196,2006-0196,2006-0196,True,c6af601628cb1d7c70bd308621682a824e727a3a0da7565d10b8ca126b7cdef6,First-page AD header
2006-0200__AD_2006-0200_1__easa_ad_2006_0200_superseded.pdf,2006-0200,2006-0200,2006-0200,True,6eb7ae11337ae0a8bc7b378defd3d80af0412e2ea421200025ad49371e45bc47,First-page AD header
2006-0201__AD_2006-0201_1__easa_ad_2006_0201_superseded.pdf,2006-0201,2006-0201,2006-0201,True,d26a26c1ac9945a4f473cffabd6ce5504ef29f2eac0a035590520f04c52d1846,First-page AD header
2006-0202__AD_2006-0202_1__easa_ad_2006_0202_superseded.pdf,2006-0202,2006-0202,2006-0202,True,7e93d46937cc7cea5c51b50408c9d36d7c5f39332837548ca387b9543a5caac0,First-page AD header
2006-0203__AD_2006-0203_1__easa_ad_2006_0203_superseded.pdf,2006-0203,2006-0203,2006-0203,True,4642e8125b2d15868cee422fdcba4aca40dbae31d4f15ec4097cf02664f24b45,First-page AD header
2006-0204__AD_2006-0204_1__easa_ad_2006_0204_superseded.pdf,2006-0204,2006-0204,2006-0204,True,0424fb0c9da0ef72c0f0578ffe32d74fba04bcd99dcd55377108c1813cdee0a5,First-page AD header
2006-0205__AD_2006-0205_1__easa_ad_2006_0205_superseded.pdf,2006-0205,2006-0205,2006-0205,True,aeca61cdae1660eb76c0d27d3e1f11c956c53b5a32d8b0b3e38df6c37bc679b2,First-page AD header
2006-0222__AD_2006-0222_1__easa_ad_2006_0222_superseded.pdf,2006-0222,2006-0222,2006-0222,True,059686f9597ba6aa2f24afb9b89c312b28851800c2461bcfb660ad113eb8981e,First-page AD header
2006-0223__AD_2006-0223_1__easa_ad_2006_0223_superseded.pdf,2006-0223,2006-0223,2006-0223,True,52537f9c7b019e5a284a9adfd4da60d269b9cc4ec6caf3b3f99dcbf601a46471,First-page AD header
2006-0224__AD_2006-0224_1__easa_ad_2006_0224_superseded.pdf,2006-0224,2006-0224,2006-0224,True,a4c8a0c4dd758f330a19925753816cf1cbbc2b17974ec7d5f7919b5e7e72ac09,First-page AD header
2006-0225__AD_2006-0225_2__easa_ad_2006_0225_superseded.pdf,2006-0225,2006-0225,2006-0225,True,ba362f00fb3d1ddfee4b7385321e377bfabd5007743cdcd506d64a4daa9d4836,First-page AD header
2006-0232__AD_2006-0232_1__easa_ad_2006_0232.pdf,2006-0232,2006-0232,2006-0232,True,de6cf312f01f4721333dafe0baf18d806355d6e3c6847bbee1dc3414b82dca99,First-page AD header
2006-0236R1__AD_2006-0236R1_1__easa_ad_2006_0236_R1.pdf,2006-0236R1,2006-0236,2006-0236R1,True,09c707b9105d58daaa434d69cc4a736a2e2c485c5dc67d609ddb527795f4511b,First-page AD header
2006-0257__AD_2006-0257_1__easa_ad_2006_0257_Superseded.pdf,2006-0257,2006-0257,2006-0257,True,d2fa7d818d6f1a37bbd5a42c4e4884fb117589a58078a8c2495371028aa47f74,First-page AD header
2006-0260__AD_2006-0260_1__easa_ad_2006_0260_superseded.pdf,2006-0260,2006-0260,2006-0260,True,5878b1abb3b6a1c8a26e95312e48ea0d989aab668e2759570a0c5dbcdda6dc1e,First-page AD header
2006-0262__AD_2006-0262_1__easa_ad_2006_0262.pdf,2006-0262,2006-0262,2006-0262,True,6882d370ee529479b678cac9bb9899d2fba51d5ff9ac9086b66367aca4df0b01,First-page AD header
2006-0266__AD_2006-0266_1__easa_ad_2006_0266_Superseded.pdf,2006-0266,2006-0266,2006-0266,True,3c5a0c95aa015c853ee801efdbed09d53480cbe637520fbc9260b26db693f549,First-page AD header
2006-0280__AD_2006-0280_1__easa_ad_2006_0280_superseded.pdf,2006-0280,2006-0280,2006-0280,True,ad71e6f99f83c06388c38a2ee91c0da4926ad042822820b6874ac82dfe728c4c,First-page AD header
2006-0282__AD_2006-0282_1__easa_ad_2006_0282_superseded.pdf,2006-0282,2006-0282,2006-0282,True,d91359ec6e1dec6a18f389ced2d76c3a4b2b9968f4d2e5f8bd7dfc98403871d5,First-page AD header
2006-0284R1__AD_2006-0284R1_2__easa_ad_2006_0284_R1.pdf,2006-0284R1,2006-0284,2006-0284R1,True,53bbe41cc4540ee21643b734cb204dbb45390c76c4499190074dc3c906ae5fff,First-page AD header
2006-0285R1__AD_2006-0285R1_1__easa_ad_2006_0285_R1.pdf,2006-0285R1,2006-0285,2006-0285R1,True,8f464da4e229502853d5a6d26707e7c7841c793054baf612cf2f87cfb629a295,First-page AD header
2006-0287__AD_2006-0287_1__easa_ad_2006_0287.pdf,2006-0287,2006-0287,2006-0287,True,f68ebeac33863e3507a43f58e5e56fd92c87f3951d901b96555f23e901d09ee7,First-page AD header
2006-0289__AD_2006-0289_1__easa_ad_2006_0289.pdf,2006-0289,2006-0289,2006-0289,True,561b218aa2951ce2f1023ab10d089ffb765aa66a9a10966ad7859ed7dacac859,First-page AD header
2006-0291__AD_2006-0291_2__easa_ad_2006_0291.pdf,2006-0291,2006-0291,2006-0291,True,e7022b4bf276bc12d605733da6f2c02271bf344f864dc4155cec1a0d89e4f84b,First-page AD header
2006-0297__AD_2006-0297_1__easa_ad_2006_0297.pdf,2006-0297,2006-0297,2006-0297,True,632a90f192c898affc3bf6783200a7b9ec290f8463a159cbb386d34b1c76aea6,First-page AD header
2006-0298R1__AD_2006-0298R1_2__easa_ad_2006_0298_R1_superseded.pdf,2006-0298R1,2006-0298,2006-0298R1,True,9553e17f7f27827d9f89f9f0a488ddfa5fa30ba3277c404b8a33bfe06817564f,First-page AD header
2006-0301R2__AD_2006-0301R2_1__easa_ad_2006_0301_R2_superseded.pdf,2006-0301R2,2006-0301,2006-0301R2,True,6e184053479bee77ceb70313f1c4df6d0579a99f9dd991431c3801cbced18a03,First-page AD header
2006-0302R1__AD_2006-0302R1_1__easa_ad_2006_0302_R1_superseded.pdf,2006-0302R1,2006-0302,2006-0302R1,True,1413cc83e6b219955f4ce4cc6a500064acac9e5de875b8ca253ec792099e6dee,First-page AD header
2006-0307__AD_2006-0307_1__easa_ad_2006_0307.pdf,2006-0307,2006-0307,2006-0307,True,a0923607e43e2ca170c8ebd2f49a7d3f7a0a50e46c6496b871bb96f1d55f90cf,First-page AD header
2006-0308__AD_2006-0308_1__easa_ad_2006_0308_superseded.pdf,2006-0308,2006-0308,2006-0308,True,3ddbeec492b935e59b1638a0f071473a791b21d5366edf04f7b4fb47d2e044cb,First-page AD header
2006-0309R1__AD_2006-0309R1_1__easa_ad_2006_0309_R1.pdf,2006-0309R1,2006-0309,2006-0309R1,True,02d8ba330dd06393bbd00fc5a7cce295d09f915359dd6f1c65be279cb37f342d,Header uses AD Nr. and a space before R1
2006-0313__AD_2006-0313_2__easa_ad_2006_0313.pdf,2006-0313,2006-0313,2006-0313,True,63ef4d68b66f405e93084e165d3283d482e94ad033c3d282b9d3c8486e8b85aa,First-page AD header
2006-0314__AD_2006-0314_1__easa_ad_2006_0314_superseded.pdf,2006-0314,2006-0314,2006-0314,True,27a2592e6ce8376ce14997f4baff15c1008a6b0c4dfde6a77ebd0c57978cc425,First-page AD header
2006-0315R1__AD_2006-0315R1_1__easa_ad_2006_0315_R1_Superseded.pdf,2006-0315R1,2006-0315,2006-0315R1,True,7cda2ddf21c156b6315e84445613a984da9636b08ce320b42f9dced73619ed3a,First-page AD header
2006-0322__AD_2006-0322_1__easa_ad_2006_0322.pdf,2006-0322,2006-0322,2006-0322,True,239d6c33964a25760652f7ea6ce61c326c233556e9b4da82e15f053e767fa80b,First-page AD header
2006-0325R2__AD_2006-0325R2_1__easa_ad_2006_0325_R2.pdf,2006-0325R2,2006-0325,2006-0325R2,True,ce64d1bb3345b6e573b7473b7b81b796c507e8dec01db1076bf72709bf44bba6,First-page AD header
2006-0332__AD_2006-0332_1__easa_ad_2006_0332.pdf,2006-0332,2006-0332,2006-0332,True,ddd7580a14ccba8d097461e4e2429fd8bd479df58fd93ce63a92335b160fdba6,First-page AD header
2006-0333__AD_2006-0333_2__easa_ad_2006_0333.pdf,2006-0333,2006-0333,2006-0333,True,bb89c039616a28dadf8e80666cc8ba308f55deb82c8ebd842926d5814b62f5df,First-page AD header
2006-0354__AD_2006-0354_2__easa_ad_2006_0354_Corrected.pdf,2006-0354,2006-0354,2006-0354,True,3d44641e9e6dec380c4e9eb1f501e938bd37951684a20a77081da7c52fc6c4a5,First-page AD header
2006-0367__AD_2006-0367_1__easa_ad_2006_0367.pdf,2006-0367,2006-0367,2006-0367,True,8b47e955d36d22c0d4c77247727912575bcabf5057e8e33caae6ead928c25440,First-page AD header
2006-0369__AD_2006-0369_1__easa_ad_2006_0369.pdf,2006-0369,2006-0369,2006-0369,True,9a4b10b06fabfe129c7dfa8d022248cd4a0a1763d18bbf4ed347037ea3d44dde,First-page AD header
2006-0370__AD_2006-0370_1__easa_ad_2006_0370.pdf,2006-0370,2006-0370,2006-0370,True,89eafa8c2ebf52fff726dbe3a60e3811c9f2f04dee154fdb3a2c43c08bec3c5f,First-page AD header
2006-0374__AD_2006-0374_1__easa_ad_2006_0374_superseded.pdf,2006-0374,2006-0374,2006-0374,True,2f3e6870792196d150f351ce35e85c21c99e9137192ca0556b841b7de212897a,First-page AD header
2007-0005__AD_2007-0005_1__easa_ad_2007_0005.pdf,2007-0005,2007-0005,2007-0005,True,1a26e444ebb0274062fcec54228a38a594a1d5b42dc64a1e4a494a9fb6b5db9e,First-page AD header
2007-0008__AD_2007-0008_1__easa_ad_2007_0008_superseded.pdf,2007-0008,2007-0008,2007-0008,True,c3df87919178f9a607963af84eacb56c3a6c8fe0accad6184089bf22d5d16a93,First-page AD header
2007-0009__AD_2007-0009_1__easa_ad_2007_0009_superseded.pdf,2007-0009,2007-0009,2007-0009,True,a7bea4cc233da7eaceba72d892aa044dc6b39335e3a3f52ed548d0b7d35a3e74,First-page AD header
2007-0011__AD_2007-0011_1__easa_ad_2007_0011.pdf,2007-0011,2007-0011,2007-0011,True,b5b44018890f313e3b83b51c79e30388d8a9191842c10366a3bf9b52c75acdef,First-page AD header
2007-0022__AD_2007-0022_1__easa_ad_2007_0022.pdf,2007-0022,2007-0022,2007-0022,True,8503b08090394c18183c8a6f3fc882b606e70d073a20d2a1a3368efb36d3314c,First-page AD header
2007-0023__AD_2007-0023_2__easa_ad_2007_0023_superseded.pdf,2007-0023,2007-0023,2007-0023,True,2e4faf9949cb87ce49b495367a26799b2dab9b226a219244e016acf8f1f6c7e3,First-page AD header
2007-0024__AD_2007-0024_1__easa_ad_2007_0024.pdf,2007-0024,2007-0024,2007-0024,True,ac3de47a257b8838646e1b4d341654e8c0111c261e07c8e9a38bb4ee30c597e2,First-page AD header
2007-0029__AD_2007-0029_1__easa_ad_2007_0029.pdf,2007-0029,2007-0029,2007-0029,True,23ea41afbb888723a0a00f2828073941caeaae1b64d4c4932b6ab022c19cfa7e,First-page AD header
2007-0036R1__AD_2007-0036R1_1__easa_ad_2007_0036R1.pdf,2007-0036R1,2007-0036,2007-0036R1,True,60514c71c33adf17ddecf358f34b6e6ae20c795d75f77c2bbf18a11f92ae8231,First-page AD header
2007-0037__AD_2007-0037_1__easa_ad_2007_0037.pdf,2007-0037,2007-0037,2007-0037,True,200e4d5e7e025f7a77ca50b20280de8745222b5bc4e3ecfc8e96bab7a26cc1a7,First-page AD header
2007-0053R3__AD_2007-0053R3_1__easa_ad_2007_0053_R3.pdf,2007-0053R3,2007-0053,2007-0053R3,True,7d4a324073a8a43fc2fef46d8b2a8ee8ae7bab52802dc5bde0c83878420ef4dc,First-page AD header
2007-0062__AD_2007-0062_1__easa_ad_2007_0062.pdf,2007-0062,2007-0062,2007-0062,True,e62eb53e7a954244904f5499419a54466346d21492339c8298eb1c8f24c9720b,First-page AD header
2007-0064R1__AD_2007-0064R1_1__easa_ad_2007_0064R1.pdf,2007-0064R1,2007-0064,2007-0064R1,True,f7ab130a2ce86324cdbd02413dd506f7f303901dae7a7a8a3f7bf774339f5ada,First-page AD header
2007-0065R2__AD_2007-0065R2_1__easa_ad_2007_0065_R2_Correction.pdf,2007-0065R2,2007-0065,2007-0065R2,True,fba39840240b8f000956fcb2ac6a19bef1a40baa6339a4e2b52c36c22e1910c6,First-page AD header
2007-0066__AD_2007-0066_1__easa_ad_2007_0066_superseded.pdf,2007-0066,2007-0066,2007-0066,True,3dcefad45a50f24addf938eeb7b5bb831f0e1c498fee6580f27511e7ebb01b03,First-page AD header
2007-0068__AD_2007-0068_2__easa_ad_2007_0068.pdf,2007-0068,2007-0068,2007-0068,True,3ba4fcc8301576dd374784d323d62277956801a25f50c55b5e5511d5a4f1445a,First-page AD header
2007-0069R1__AD_2007-0069R1_2__easa_ad_2007_0069_R1.pdf,2007-0069R1,2007-0069,2007-0069R1,True,227a7abf9aa773d71b4f54ce51355b8c1bfb400b1ffabe1ae750e565c5ed5015,First-page AD header
2007-0070R1__AD_2007-0070R1_1__easa_ad_2007_0070_R1.pdf,2007-0070R1,2007-0070,2007-0070R1,True,0df8c2f1af0bd9197cc4f66beeaf3741e1528e2a3f3f06b3676f88e079802a62,First-page AD header
2007-0080R1__AD_2007-0080R1_1__easa_ad_2007_0080R1.pdf,2007-0080R1,2007-0080,2007-0080R1,True,370537dbec0daac194b484471bce7e614a0f5fca404a7763c64781a3729a73de,Header uses a hyphen before R1
2007-0081__AD_2007-0081_1__easa_ad_2007_0081.pdf,2007-0081,2007-0081,2007-0081,True,3ec3d99924833e29bb4658875a4d148904b7218c14334f8d6367adf21f2db5dd,First-page AD header
2007-0091__AD_2007-0091_1__easa_ad_2007_0091_Correction_Superseded.pdf,2007-0091,2007-0091,2007-0091,True,c338c7719d2530b14e4973bebbbd2bdc458465afe5b23c012d7d7b219e8f598a,First-page AD header
2007-0092__AD_2007-0092_1__easa_ad_2007_0092_superseded.pdf,2007-0092,2007-0092,2007-0092,True,53ab16ba501e709f9aa302719f07ceb62632a8564c06e9024e67b44faf88ac79,First-page AD header
2007-0093R1__AD_2007-0093R1_2__easa_ad_2007_0093_R1.pdf,2007-0093R1,2007-0093,2007-0093R1,True,0b270ece2bf2c52dbfc5f339cee27a3d57c1deede66413a7ff72766918712d81,First-page AD header
2007-0094R1__AD_2007-0094R1_1__easa_ad_2007_0094_R1_superseded.pdf,2007-0094R1,2007-0094,2007-0094R1,True,3e4efb383da46dc4bbdaa9fd2d72f08c8d05b49b43cae1a64c19be31f5f97e08,First-page AD header
2007-0095R1__AD_2007-0095R1_2__easa_ad_2007_0095_R1_superseded.pdf,2007-0095R1,2007-0095,2007-0095R1,True,6cb3caddf83c01a809dba3b21bf93ce56341319b21917f23bc8b72e13b9f8a6f,First-page AD header
2007-0096R1__AD_2007-0096R1_2__easa_ad_2007_0096_R1_superseded.pdf,2007-0096R1,2007-0096,2007-0096R1,True,3263e0a5df63d8252c44ec977fcf891bb51a21e358bd364e6dae8c4073b3ce5e,First-page AD header
2007-0097__AD_2007-0097_1__easa_ad_2007_0097_superseded.pdf,2007-0097,2007-0097,2007-0097,True,8b95d5b762ff9eb3fcbbb57085fa77bdf64fbead1cda0c6a29611869c51568dd,First-page AD header
2007-0102__AD_2007-0102_1__easa_ad_2007_0102_superseded.pdf,2007-0102,2007-0102,2007-0102,True,0e63b2c792ebab68cb63fe0b8c5e837951f292b8603f3bb061620e61e591bbd8,First-page AD header
2007-0103__AD_2007-0103_1__easa_ad_2007_0103_superseded.pdf,2007-0103,2007-0103,2007-0103,True,b763918fe87c19109a5f6469cedeba490594429739d2d4cfd5570705a1aa9d81,First-page AD header
2007-0111__AD_2007-0111_1__easa_ad_2007_0111.pdf,2007-0111,2007-0111,2007-0111,True,fabcd5e9a48dc135d15c9c0e7ecaee86ebb5120abc3916b376eebe850e405864,First-page AD header
2007-0124__AD_2007-0124_1__easa_ad_2007_0124.pdf,2007-0124,2007-0124,2007-0124,True,dbb97bafe1a5ee87e887cd1f5b1c94acc2495adfedddee91e318ae27d6e66615,First-page AD header
2007-0125__AD_2007-0125_2__easa_ad_2007_0125.pdf,2007-0125,2007-0125,2007-0125,True,1b357b4544a123dc66b3bc772a3a796e8fdfc91c4d2f746175726f2e91053d6b,First-page AD header
2007-0133__AD_2007-0133_1__easa_ad_2007_0133_superseded.pdf,2007-0133,2007-0133,2007-0133,True,06895ef7dc1d6a64e61dc0ba233bc853c20ba98b29bf9f9cdc60b4f600095eaf,First-page AD header
2007-0140__AD_2007-0140_1__easa_ad_2007_0140.pdf,2007-0140,2007-0140,2007-0140,True,ad1529f8c064a99a15afaaac81f0a2ed9fb57f99cad046edcfa2c5d1ca2c1585,First-page AD header
2007-0146__AD_2007-0146_1__easa_ad_2007_0146.pdf,2007-0146,2007-0146,2007-0146,True,7e1d2b1202b1f7f43bb408b5b382b26d4c184d1d634d49eb95e6187b6aecc617,First-page AD header
2007-0148__AD_2007-0148_1__easa_ad_2007_0148.pdf,2007-0148,2007-0148,2007-0148,True,821e663491c175dead6367ab644728468c6ea84e8550bb3c33582e069931fc44,First-page AD header
2007-0149__AD_2007-0149_1__easa_ad_2007_0149_superseded.pdf,2007-0149,2007-0149,2007-0149,True,acaf6549ae9451374ea0cb8319d6685e355ee32c1ce0c2a2424759e572b808ff,First-page AD header
2007-0150__AD_2007-0150_1__easa_ad_2007_0150_Corrected.pdf,2007-0150,2007-0150,2007-0150,True,50afe7fb07ade7a21bb4edbca2f9b57b6f0fa4ed7912b75252728efcbb5b928b,First-page AD header
2007-0151__AD_2007-0151_2__easa_ad_2007_0151.pdf,2007-0151,2007-0151,2007-0151,True,a88629a216094b7d1730894e6cc96f647bd849491a424d4002a287eaeee552fa,First-page AD header
2007-0154__AD_2007-0154_1__easa_ad_2007_0154.pdf,2007-0154,2007-0154,2007-0154,True,4edeeab2b4ee8770887143f6559d66bf682c6599b84ef3f24dcf57f1661fafb4,First-page AD header
2007-0157__AD_2007-0157_1__easa_ad_2007_0157_superseded.pdf,2007-0157,2007-0157,2007-0157,True,3eadaa39a41225d5518ded214d3233f3938d4c287de2674dff3e192e8a81d397,First-page AD header
2007-0158__AD_2007-0158_1__easa_ad_2007_0158_Superseded.pdf,2007-0158,2007-0158,2007-0158,True,5d57fc75bbacddef63e6b4b772421f34b309220ce7b4313c33d2d4f1d59323e2,First-page AD header
2007-0161__AD_2007-0161_1__easa_ad_2007_0161_superseded.pdf,2007-0161,2007-0161,2007-0161,True,878fe930d821fb05a9335e7d9c329ded8ba8d61cdb3e69aa57f779851db326d7,First-page AD header
2007-0162__AD_2007-0162_1__EASA_AD_2007_0162_superseded.pdf,2007-0162,2007-0162,2007-0162,True,eda1c68a2e576bef702c2b828c81d60d72a1c0d3c6ff2caa736e5cf1d6c23a6f,First-page AD header
2007-0163R1__AD_2007-0163R1_1__easa_ad_2007_0163_R1.pdf,2007-0163R1,2007-0163,2007-0163R1,True,6ad93eaf484bae0cb28d3e2ec76220029d03eb03a182e722171d6d78c8361c36,First-page AD header
2007-0166__AD_2007-0166_1__easa_ad_2007_0166.pdf,2007-0166,2007-0166,2007-0166,True,6467164629ee9fc2c7d423c71e6df6815711dc7c504fb1bf5673ebc164e2c186,First-page AD header
2007-0173__AD_2007-0173_2__easa_ad_2007_0173.pdf,2007-0173,2007-0173,2007-0173,True,5656816ef101c4e8d7a8cd330c6f474fe2901909b47c0ed3ee225863aba074ee,First-page AD header
2007-0178__AD_2007-0178_1__easa_ad_2007_0178_superseded.pdf,2007-0178,2007-0178,2007-0178,True,768d248e27fc73f281d4113089a263d68ca00c7a5af269bcf53b1457f8af671f,First-page AD header
2007-0184__AD_2007-0184_1__easa_ad_2007_0184.pdf,2007-0184,2007-0184,2007-0184,True,cb7a1e7fff84404b2d0b058d8fe9af1a8c601deb511b194ea297344ec48d46a9,First-page AD header
2007-0187__AD_2007-0187_1__easa_ad_2007_0187.pdf,2007-0187,2007-0187,2007-0187,True,86317aa2bc50849ca75432ad0da5e87909d65e6076e83d358a708e337db30b8d,First-page AD header
2007-0188R1__AD_2007-0188R1_1__easa_ad_2007_0188_R1.pdf,2007-0188R1,2007-0188,2007-0188R1,True,0e9441d588da7ee09435bbb982e5a7828198bfac721ba53c576bee4a49adf7dc,First-page AD header
2007-0195__AD_2007-0195_1__easa_ad_2007_0195_superseded.pdf,2007-0195,2007-0195,2007-0195,True,c00b3735b6a2caabaee563a0a7a43228abb90987839487ebebaade6f6d734448,First-page AD header
2007-0207R1__AD_2007-0207R1_1__easa_ad_2007_0207_R1.pdf,2007-0207R1,2007-0207,2007-0207R1,True,a509728682fa2b5e55d244690ada26c2b873fbe6ef770087ee1ebe2ab9fe0824,First-page AD header
2007-0213__AD_2007-0213_1__easa_ad_2007_0213_superseded.pdf,2007-0213,2007-0213,2007-0213,True,008f8371817d642864b487bd4d06dc99cf7f6851b761006e2bd30b14332c24ef,First-page AD header
2007-0214__AD_2007-0214_1__easa_ad_2007_0214.pdf,2007-0214,2007-0214,2007-0214,True,fa769830b427b11b6b0301c337baee8888e418c0336986f65751b1ee4d9a46b1,First-page AD header
2007-0215__AD_2007-0215_1__easa_ad_2007_0215.pdf,2007-0215,2007-0215,2007-0215,True,e40f3e2498249340b9df983212220b6de60cf2dae79d4d90227e80d7a28ee961,First-page AD header
2007-0217__AD_2007-0217_1__easa_ad_2007_0217.pdf,2007-0217,2007-0217,2007-0217,True,cd7b4706e3436bad63f207628a786b21a2568be86132e7c3a3f133a06977d880,First-page AD header
2007-0218R2__AD_2007-0218R2_1__easa_ad_2007_0218_R2_superseded.pdf,2007-0218R2,2007-0218,2007-0218R2,True,f1ed2a2d10c7dec06ec35581a5423f1b8e475f4555724132512c30ef29c3d9b8,First-page AD header
2007-0230__AD_2007-0230_1__easa_ad_2007_0230_Superseded.pdf,2007-0230,2007-0230,2007-0230,True,ddb3933d5c347de9bf666db537dbcdc7c6f78b54ecc09cb7071984cc9186112e,First-page AD header
2007-0233__AD_2007-0233_1__easa_ad_2007_0233_superseded.pdf,2007-0233,2007-0233,2007-0233,True,9769d8eeab40ccd880a8631b126ac1d681a7c8a8a575c01d905883b21d21d252,First-page AD header
2007-0238R1__AD_2007-0238R1_1__easa_ad_2007_0238_R1_superseded.pdf,2007-0238R1,2007-0238,2007-0238R1,True,2b5fd8b1f8fa29fcef22ec6b48caece8c27d71d34bd2c7d75dd5d4281e778e05,First-page AD header
2007-0239__AD_2007-0239_1__easa_ad_2007_0239.pdf,2007-0239,2007-0239,2007-0239,True,9e37e8500b030c4467f53b9d4e888cf11dd023241574bd275f1522e795cd0f60,First-page AD header
2007-0240__AD_2007-0240_1__easa_ad_2007_0240_Superseded.pdf,2007-0240,2007-0240,2007-0240,True,f495d4ba30b3cb291f1403dd1600c889ef9588da8ec4c8702563e29ed026caef,First-page AD header
2007-0242R1__AD_2007-0242R1_2__EASA_AD_2007_0242_R1.pdf,2007-0242R1,2007-0242,2007-0242R1,True,3be2b199c52dcf7dbb6448c802b2e0b0530d044daca4725df6f85cf691af2daa,First-page AD header
2007-0243R1__AD_2007-0243R1_1__EASA_AD_2007_0243_R1.pdf,2007-0243R1,2007-0243,2007-0243R1,True,e40e4c86eccd64826680df3c41dba803a2dbb31caaa4381b861abefd750db6b7,First-page AD header
2007-0245__AD_2007-0245_2__easa_ad_2007_0245_superseded.pdf,2007-0245,2007-0245,2007-0245,True,a27a7fd8044a61ff3a186302d8a835911735a7c4de68dbb422892bf52a4bd4c3,First-page AD header
2007-0246__AD_2007-0246_2__easa_ad_2007_0246.pdf,2007-0246,2007-0246,2007-0246,True,f91ac920390aaf0b36fc6dfcb74f4fc3219fdf3d6c225f7d983db8fb719c774a,First-page AD header
2007-0249__AD_2007-0249_1__easa_ad_2007_0249.pdf,2007-0249,2007-0249,2007-0249,True,18185cd18d1593eb0b040e8a65fb4ff60e881622f180b1928af393479bc20f4e,First-page AD header
2007-0266__AD_2007-0266_1__easa_ad_2007_0266.pdf,2007-0266,2007-0266,2007-0266,True,de3cbf048378a0da6b3c810a60062ed4ea8a8aa3a953035804b14ac41c321905,First-page AD header
2007-0269R1__AD_2007-0269R1_2__easa_ad_2007_0269R1_superseded.pdf,2007-0269R1,2007-0269,2007-0269R1,True,b3ea2d71dad7038cdae0d09c64efd02fefcd87da4222d70611f586b31d6513ec,First-page AD header
2007-0273__AD_2007-0273_1__easa_ad_2007_0273.pdf,2007-0273,2007-0273,2007-0273,True,b827830287bd86a48115a4695dafbd97f1de03d8d74a0b62e637734b426eece6,First-page AD header
2007-0276R1__AD_2007-0276R1_1__easa_ad_2007_0276_R1_superseded.pdf,2007-0276R1,2007-0276,2007-0276R1,True,2b760bbcecc8de797de79a72dbacce4b6ebb7a6114bb13fa1b7bb79206c350da,First-page AD header
2007-0278__AD_2007-0278_1__easa_ad_2007_0278_Corrected_Superseded.pdf,2007-0278,2007-0278,2007-0278,True,e62c9e732351450fd652e17b1ab340a2d358aef0a6a724a85a76be7e66836d62,First-page AD header
2007-0279__AD_2007-0279_1__easa_ad_2007_0279.pdf,2007-0279,2007-0279,2007-0279,True,9ef75e56abffc623b9a451c136c26476c64eaf204981c58fcef1fdd8ba117845,First-page AD header
2007-0280__AD_2007-0280_1__easa_ad_2007_0280.pdf,2007-0280,2007-0280,2007-0280,True,dc142d0f7592b74c96c4d1d0362c245196478661949739414e97526000b50aa0,First-page AD header
2007-0281__AD_2007-0281_1__easa_ad_2007_0281.pdf,2007-0281,2007-0281,2007-0281,True,0c2e9e5fc492936dc375d8221c390922958578ecdbde1c08287ab488f0f52dd8,First-page AD header
2007-0282__AD_2007-0282_1__easa_ad_2007_0282.pdf,2007-0282,2007-0282,2007-0282,True,16b2774e707b3217584a7c1f136a73037c79bbf674dc8f75484ccacb32c6b35a,First-page AD header
2007-0283__AD_2007-0283_1__easa_ad_2007_0283_superseded.pdf,2007-0283,2007-0283,2007-0283,True,e81c0ce0a47f5a91226dae7f2c178685da5b4f5f28c574802b69413b4efda648,First-page AD header
2007-0284__AD_2007-0284_1__easa_ad_2007_0284_superseded.pdf,2007-0284,2007-0284,2007-0284,True,9b0c0998751ab8ac77931521be4d1121956096073b5a7d08f88a3c2a0e98b217,First-page AD header
2007-0286__AD_2007-0286_1__easa_ad_2007_0286.pdf,2007-0286,2007-0286,2007-0286,True,034d016f5797b924475a0fc2e07c90cc58187a888276a831738cc926b4b15694,First-page AD header
2007-0291__AD_2007-0291_1__easa_ad_2007_0291.pdf,2007-0291,2007-0291,2007-0291,True,ecfbd2b35e3cb25b01c545533ed3a58d8175235a81f591dedc7dc1a53804f4b7,First-page AD header
2007-0292__AD_2007-0292_2__easa_ad_2007_0292.pdf,2007-0292,2007-0292,2007-0292,True,7f274fd98633839b31664d8b67b358f8d0b3b14bea0010fbd756c55c9cd53ef7,First-page AD header
2007-0293__AD_2007-0293_1__easa_ad_2007_0293_superseded.pdf,2007-0293,2007-0293,2007-0293,True,eb27da64e089f86530366b737ca8efd350d34d46bfb70d0213d8226cad68f628,First-page AD header
2007-0297R1__AD_2007-0297R1_1__easa_ad_2007_0297_R1.pdf,2007-0297R1,2007-0297,2007-0297R1,True,7717aefc32ab5819103dbdfe88a95c4c10f2973b89509595f1b5203f141bb161,First-page AD header
2007-0299R2__AD_2007-0299R2_1__easa_ad_2007_0299_R2.pdf,2007-0299R2,2007-0299,2007-0299R2,True,d4c300c830db09eac8860121b6543f072851ce94c4f9e529973f50fb0c9436b2,First-page AD header
2007-0300__AD_2007-0300_1__easa_ad_2007_0300_Superseded.pdf,2007-0300,2007-0300,2007-0300,True,52506de9988f882b9eee3c9fa1fb94ee7a31a66a980161983f029fb28b26f940,First-page AD header
2007-0302__AD_2007-0302_1__easa_ad_2007_0302.pdf,2007-0302,2007-0302,2007-0302,True,a6c2f1f7b95c82a43908d8984fb27343b6cea3fa136d9e4b0124bf8e6445c41a,First-page AD header
2007-0308__AD_2007-0308_1__easa_ad_2007_0308_superseded.pdf,2007-0308,2007-0308,2007-0308,True,5356c189f28450cc116e5bd4a3c9590822a7113e22a8fbc9517f033b921896ce,First-page AD header
2007-0309__AD_2007-0309_1__easa_ad_2007_0309_superseded.pdf,2007-0309,2007-0309,2007-0309,True,952ebc1b1033d82031ed11aff6a880f798c5431a357c36e600e9ebf06839e49f,First-page AD header
2007-0314R1__AD_2007-0314R1_1__easa_ad_2007_0314_R1_superseded.pdf,2007-0314R1,2007-0314,2007-0314R1,True,954beaa41014e29e13d49bbe1d4e24fae34151b02d67366f6790a6787c1a4ddd,First-page AD header
2008-0001__AD_2008-0001_1__easa_ad_2008_0001_Superseded.pdf,2008-0001,2008-0001,2008-0001,True,10f007c8c0b04c9b09e64c1b1c577794deff91bdcb73db2ebb1bd3a9f2090193,First-page AD header
2008-0002__AD_2008-0002_1__easa_ad_2008_0002.pdf,2008-0002,2008-0002,2008-0002,True,59be4e01ee97020269412d568665561f3f82ff43b831a19e064ca45643f9c1fb,First-page AD header
2008-0008__AD_2008-0008_1__easa_ad_2008_0008_superseded.pdf,2008-0008,2008-0008,2008-0008,True,bf7058ffd5d42eea0b6045750c136f4f74d47d74a997953ad3b5a78e99a1cb8d,First-page AD header
2008-0010R1__AD_2008-0010R1_1__easa_ad_2008_0010_R1_Superseded.pdf,2008-0010R1,2008-0010,2008-0010R1,True,f0f5c8b553ec7d72f2fcc4dced685ad96d89c7824991f06b5d8410f600321d15,First-page AD header
2008-0012__AD_2008-0012_1__easa_ad_2008_0012.pdf,2008-0012,2008-0012,2008-0012,True,8d4bb02fba9b8f90b2f384d4369b549c564e10cca1944323309fa972ae7a41df,First-page AD header
2008-0017R1__AD_2008-0017R1_1__easa_ad_2008_0017_R1_Superseded.pdf,2008-0017R1,2008-0017,2008-0017R1,True,2000bd13fd787b7dc6d8b315bfeea1a28132367bdd0c6c652d6d28aa6ef001fc,First-page AD header
2008-0019__AD_2008-0019_1__easa_ad_2008_0019_superseded.pdf,2008-0019,2008-0019,2008-0019,True,257a80ee46e86e96d92472ccd422fb26c66015e26c1c5b5f3ae9ad0a8a78d090,First-page AD header
2008-0023__AD_2008-0023_1__easa_ad_2008_0023_Superseded.pdf,2008-0023,2008-0023,2008-0023,True,571dc0c7f1836d138d55a8ba50cb9a3b3b299af7d519c37ac8e720d8830f4b94,First-page AD header
2008-0026__AD_2008-0026_2__easa_ad_2008_0026_superseded.pdf,2008-0026,2008-0026,2008-0026,True,1604b976f17467397999529b1109af086b9675a3426e214d7f8f1cb0f18aa4f2,First-page AD header
2008-0032__AD_2008-0032_1__easa_ad_2008_0032.pdf,2008-0032,2008-0032,2008-0032,True,ffa024fc143f3c7912cf10a46fde916ab768c71039463274bf3462f9b2282679,First-page AD header
2008-0034R1__AD_2008-0034R1_1__easa_ad_2008_0034_R1.pdf,2008-0034R1,2008-0034,2008-0034R1,True,fc11d1b7ef1aa8fe48338655150d64a24f70451c8222afaa8e973cddaad9137e,First-page AD header
2008-0048__AD_2008-0048_1__easa_ad_2008_0048.pdf,2008-0048,2008-0048,2008-0048,True,4cd8f0d0b7dbfcd631e5a373572575ecef666d83f39e8e38379b808bd2a6576e,First-page AD header
2008-0050__AD_2008-0050_1__easa_ad_2008_0050_superseded.pdf,2008-0050,2008-0050,2008-0050,True,21634adc9d3164a19ad940e795003d1da7927effd11953e3555ef05fd92b0e42,First-page AD header
2008-0051R1__AD_2008-0051R1_1__easa_ad_2008_0051_R1_superseded.pdf,2008-0051R1,2008-0051,2008-0051R1,True,7d95d9f6662e141ed50ddeb94ec8bb692ee169d5bf494074f224d05c63e1012e,First-page AD header
2008-0052R1__AD_2008-0052R1_1__easa_ad_2008_0052_R1.pdf,2008-0052R1,2008-0052,2008-0052R1,True,063bd5581e19398671392264542ac7b4c11e7e5b09fa269035c2679cecc5d056,First-page AD header
2008-0055__AD_2008-0055_2__easa_ad_2008_0055_superseded.pdf,2008-0055,2008-0055,2008-0055,True,8796b5a1f7f83cd4df096862be177fc06d5ef486bfb0544efa196f17eb4ee88d,First-page AD header
2008-0058-CN__AD_2008-0058-CN_1__AD_2008_0058_CN1_.pdf,2008-0058,2008-0058,2008-0058,True,e767ba9ea1d7ce61f86a134d7af1371133e8fd01ec6519dd44749af2a86510c9,First-page AD header
2008-0066__AD_2008-0066_1__easa_ad_2008_0066.pdf,2008-0066,2008-0066,2008-0066,True,38d8906ac3e9ee2bae16dcd13c81d3a8732873de06d24b8188dbd490b2637e74,First-page AD header
2008-0073__AD_2008-0073_1__easa_ad_2008_0073.pdf,2008-0073,2008-0073,2008-0073,True,d61b136e3e4596347bdfed5d86b1b0dd139ba3f57fcf6c5fe1529c23c9254dcc,First-page AD header
2008-0074__AD_2008-0074_1__easa_ad_2008_0074_superseded.pdf,2008-0074,2008-0074,2008-0074,True,fbff6dab3f82544ac93b27673f0ade6343b00476d17e0c73231d1605e9ce3ced,First-page AD header
2008-0093__AD_2008-0093_1__easa_ad_2008_0093_superseded.pdf,2008-0093,2008-0093,2008-0093,True,c42791ae86f3c2d12169d6ab960314caa584895e226d97dc8e9906fe0a37392d,First-page AD header
2008-0101__AD_2008-0101_1__easa_ad_2008_0101_superseded.pdf,2008-0101,2008-0101,2008-0101,True,741b10bbcadb8f00c466540fb82a980e7666df7b66ee8821d1109ec486038d0d,First-page AD header
2008-0111__AD_2008-0111_2__easa_ad_2008_0111_superseded.pdf,2008-0111,2008-0111,2008-0111,True,351cc14164995cb4681a66ebaab1ec5ed42dfce555d3be80dd86ed17397a51ba,First-page AD header
2008-0112__AD_2008-0112_1__easa_ad_2008_0112.pdf,2008-0112,2008-0112,2008-0112,True,a51b8ac35dd0a41c7538cb2885e34368f977ee849b0ce3ba192a3bea3d790658,First-page AD header
2008-0117__AD_2008-0117_1__easa_ad_2008_0117_superseded.pdf,2008-0117,2008-0117,2008-0117,True,9b8d057f6a856da1a41a3cd538e7209a806d249021436dd55c28fbc543630fe7,First-page AD header
2008-0131__AD_2008-0131_1__easa_ad_2008_0131_Superseded.pdf,2008-0131,2008-0131,2008-0131,True,e634f4963d42f343338eea6384ec224fac6535d2a44bf64e88536ca146dfc6db,First-page AD header
2008-0138__AD_2008-0138_1__easa_ad_2008_0138_Superseded.pdf,2008-0138,2008-0138,2008-0138,True,4bae30eb174f2ce48b81952a578e60e1a99df9344039e9fe604052964c594168,First-page AD header
2008-0140__AD_2008-0140_1__easa_ad_2008_0140_superseded.pdf,2008-0140,2008-0140,2008-0140,True,3209d1d0f3d6d4f345d5ef9e879b3fd1942def066fb53f53ba346c38a70d0971,First-page AD header
2008-0149__AD_2008-0149_1__easa_ad_2008_0149_superseded.pdf,2008-0149,2008-0149,2008-0149,True,7ee42f93423ef5a612d97b318279c7e8f617a53a9a0718d2369333c81a48de76,First-page AD header
2008-0150__AD_2008-0150_1__easa_ad_2008_0150_superseded.pdf,2008-0150,2008-0150,2008-0150,True,bd631f905b5ee4761a8a667e3d0d12ce0ca8430233e9aac80ae8e7989c4ea4b6,First-page AD header
2008-0151__AD_2008-0151_1__easa_ad_2008_0151.pdf,2008-0151,2008-0151,2008-0151,True,f4841fc029e14a9544413603589e3438743569342d154408ad58d29a40ef742e,First-page AD header
2008-0152__AD_2008-0152_1__easa_ad_2008_0152_Superseded.pdf,2008-0152,2008-0152,2008-0152,True,1af02afab935bfa6fb05451e3e5d361d176b26c7c00ade22a54eed779c0b9153,First-page AD header
2008-0153__AD_2008-0153_1__easa_ad_2008_0153.pdf,2008-0153,2008-0153,2008-0153,True,72ea0f1ba5bcfe9cac44d02f10b5094ecd05fbf6c48651435995e32d6449e118,First-page AD header
2008-0154__AD_2008-0154_1__easa_ad_2008_0154_Superseded.pdf,2008-0154,2008-0154,2008-0154,True,e18599c793254db16c5a78b622f63e2dc842b9efdf9ed63d0a341c2ffe712418,First-page AD header
2008-0160__AD_2008-0160_1__easa_ad_2008_0160_superseded.pdf,2008-0160,2008-0160,2008-0160,True,8d286d0d78fb5d61a031af3b90d26c189cd90f7703604540fbd73a2cc56e1529,First-page AD header
2008-0161R1__AD_2008-0161R1_1__easa_ad_2008_0161_R1.pdf,2008-0161R1,2008-0161,2008-0161R1,True,31764b221e103f74655132b00fbe1664c6fdf13d3518341e825088126ec4e2fa,First-page AD header
2008-0166-CN__AD_2008-0166-CN_1__easa_ad_2008_0166_CN_Corrected.pdf,2008-0166,2008-0166,2008-0166,True,d7869b55639c0f2272e6b1599080d32e1df017ea2fbbf5b42850419e0150ede3,First-page AD header
2008-0173R1__AD_2008-0173R1_1__easa_ad_2008_0173_R1.pdf,2008-0173R1,2008-0173,2008-0173R1,True,e7a45ea59b0b2807eb5f913c4a3bc74e65d7250c78a80617fe124d836c74e069,First-page AD header
2008-0181__AD_2008-0181_2__easa_ad_2008_0181_superseded.pdf,2008-0181,2008-0181,2008-0181,True,1a61c16cbd2e1375b548fa895e60cc971f7cbd11ae6de1e98d4df096f4d75cf9,First-page AD header
2008-0187__AD_2008-0187_1__easa_ad_2008_0187.pdf,2008-0187,2008-0187,2008-0187,True,1ab0247d0e16fb863cb924c7e2738ec7982d1ab87faf6d3590a92088dc524e95,First-page AD header
2008-0188__AD_2008-0188_2__easa_ad_2008_0188_superseded.pdf,2008-0188,2008-0188,2008-0188,True,2f1bef05ef2df0dae88090b9a124850980389aeba6e0dd5ff5310a7889a2a899,First-page AD header
2008-0196__AD_2008-0196_1__easa_ad_2008_0196.pdf,2008-0196,2008-0196,2008-0196,True,551bdb03499e862c3c96860a93e82616436528a8012dfa6e4c6f7c1d0cedfac5,First-page AD header
2008-0198__AD_2008-0198_1__easa_ad_2008_0198.pdf,2008-0198,2008-0198,2008-0198,True,92562f2c352ef389af81733068958cc76d8092e74735437e00494503a4bdeeea,First-page AD header
2008-0199R1__AD_2008-0199R1_1__easa_ad_2008_0199_R1.pdf,2008-0199R1,2008-0199,2008-0199R1,True,58f326a05565866330660f4fafc1103b48df9787fbad44136179bbaf9dc4ea1c,First-page AD header
2008-0201R1__AD_2008-0201R1_1__easa_ad_2008_0201_R1.pdf,2008-0201R1,2008-0201,2008-0201R1,True,c247d7d13423898bac62baf96893e98a9984de454d2a4123f1ffc4a21ff42b45,First-page AD header
2008-0207__AD_2008-0207_1__easa_ad_2008_0207.pdf,2008-0207,2008-0207,2008-0207,True,fc64a6a8af09df84e4b8dec37c6b874ea457ed6b08d38864a25f6e93a4bd2028,First-page AD header
2008-0208R2__AD_2008-0208R2_1__easa_ad_2008_0208_R2.pdf,2008-0208R2,2008-0208,2008-0208R2,True,60ccf4b439f37a5ad4f9665f010fea9dadffecf47367871a41ecd50d9a8aebcf,First-page AD header
2008-0209__AD_2008-0209_1__easa_ad_2008_0209_superseded.pdf,2008-0209,2008-0209,2008-0209,True,74311456e37eb1ee268b3cd1417e83e756919a4527e3f7ccf0ddf52f2796187d,First-page AD header
2008-0210__AD_2008-0210_1__easa_ad_2008_0210.pdf,2008-0210,2008-0210,2008-0210,True,0df8f3bd34a26a3936f53200a3aa17abf6363dc3ad1afa154babea0eab079b51,First-page AD header
2008-0211__AD_2008-0211_1__easa_ad_2008_0211_superseded.pdf,2008-0211,2008-0211,2008-0211,True,b6b3b3b1495afcc6fead9a14eb196c22a9cf0d552617209ae5bfc9868cd35d71,First-page AD header
2008-0212__AD_2008-0212_1__easa_ad_2008_0212_superseded.pdf,2008-0212,2008-0212,2008-0212,True,240fbaa5a9a7142ecb59a96c7d7b8b5b2c87182f9ed98a6a792dd713885527b3,First-page AD header
2008-0213__AD_2008-0213_1__easa_ad_2008_0213_superseded.pdf,2008-0213,2008-0213,2008-0213,True,16e7e1aa36b57a724bc7a3ae05c1c567ffa64d1e68296d33a5741cedceb39306,First-page AD header
2008-0216__AD_2008-0216_1__easa_ad_2008_0216_Superseded.pdf,2008-0216,2008-0216,2008-0216,True,f8b7de8b6620ea6d09c4a393d13778736602502bc258bb8fdd28de449bf7552f,First-page AD header
2008-0223__AD_2008-0223_1__easa_ad_2008_0223_superseded.pdf,2008-0223,2008-0223,2008-0223,True,0a3d5a9d296c98279c06867953b95a6ad0551de5818095c2911a3624074c0f57,First-page AD header
2008-0226R1__AD_2008-0226R1_2__easa_ad_2008_0226_R1.pdf,2008-0226R1,2008-0226,2008-0226R1,True,dfe9bf9a13db330cdf5776d218f0eb787841b79758a8bde9e386f8fe759c16ea,First-page AD header
2009-0001__AD_2009-0001_1__easa_ad_2009_0001.pdf,2009-0001,2009-0001,2009-0001,True,ba60773443e7ae2fc87f9974cf7e4df65b0200836c85ef4fae741940c06f24ac,First-page AD header
2009-0025__AD_2009-0025_1__easa_ad_2009_0025_Corrected.pdf,2009-0025,2009-0025,2009-0025,True,9e738087562162dabd117aa81c78b99adc4db1c51c3054c8d0736dbaa89981b8,First-page AD header
2009-0045__AD_2009-0045_2__easa_ad_2009_0045.pdf,2009-0045,2009-0045,2009-0045,True,0e22c27a9733f53858d1cfdab24f1a0d8b5020a3787d3968b0c272f015444d6f,First-page AD header
2009-0055R1__AD_2009-0055R1_2__easa_ad_2009_0055_R1.pdf,2009-0055R1,2009-0055,2009-0055R1,True,6383fea506d52463055d8ace8ae53d34f64cea2f826a88d08ef3016589cbc4f7,First-page AD header
2009-0056__AD_2009-0056_2__easa_ad_2009_0056_superseded.pdf,2009-0056,2009-0056,2009-0056,True,1545a72074f3369c6a5b68f9c738a95b4e9cd3ad037be766e413704c60b3adfb,First-page AD header
2009-0057__AD_2009-0057_2__easa_ad_2009_0057_superseded.pdf,2009-0057,2009-0057,2009-0057,True,fc4452f8c744dc2a68a577dc021b386b137f148e70bebf7528a12e68b36b2c90,First-page AD header
2009-0058__AD_2009-0058_1__easa_ad_2009_0058.pdf,2009-0058,2009-0058,2009-0058,True,9641dd7cf0c0b1223017f39f8e46fc4900960c71eb362898e61b65ae22b57e6c,First-page AD header
2009-0061R1__AD_2009-0061R1_1__easa_ad_2009_0061_R1.pdf,2009-0061R1,2009-0061,2009-0061R1,True,45627bcbe0cd3632438c612ee0ab983709bfff8ecfb94ba045001b90bcbb9bec,First-page AD header
2009-0063__AD_2009-0063_1__easa_ad_2009_0063_Corrected.pdf,2009-0063,2009-0063,2009-0063,True,534e91ce78ffd21af927170948f9b8169db8e2790996308b5cd8a39e52922a5f,First-page AD header
2009-0064__AD_2009-0064_1__easa_ad_2009_0064.pdf,2009-0064,2009-0064,2009-0064,True,2ac1153d334872ed7011fb7a0b3b2c85af7b42bf7304bacfe4ac3cd89236110f,First-page AD header
2009-0066__AD_2009-0066_1__easa_ad_2009_0066_superseded.pdf,2009-0066,2009-0066,2009-0066,True,23a90c94ba10571a1bfde76a7ded47297d71634acb308eaf14dc9bb167dff1c3,First-page AD header
2009-0075__AD_2009-0075_1__easa_ad_2009_0075.pdf,2009-0075,2009-0075,2009-0075,True,ee5cf1216c9a951ff3714bcc6613a343f26d5d4b4b41ddf2e04c8514a1621962,First-page AD header
2009-0076__AD_2009-0076_2__easa_ad_2009_0076.pdf,2009-0076,2009-0076,2009-0076,True,c5e0bd530c0a1d5f2737e75a710308db9c85013cd565ff75bfdbed6ea8585c41,First-page AD header
2009-0077__AD_2009-0077_1__easa_ad_2009_0077.pdf,2009-0077,2009-0077,2009-0077,True,ac328942c3157bf6ecf47212ec882c68cebd81b2186405f44369c8621e844dd1,First-page AD header
2009-0081R1__AD_2009-0081R1_1__easa_ad_2009_0081_R1_superseded.pdf,2009-0081R1,2009-0081,2009-0081R1,True,7d6699058321d2cb8fc97f0951602d417f17c3376db1f4dddcb8fa67cdd0c27e,First-page AD header
2009-0084__AD_2009-0084_1__easa_ad_2009_0084_superseded.pdf,2009-0084,2009-0084,2009-0084,True,6973f19abd8953b5bcca34931add86e72e6b21b9e66a9d7746ce17808472db62,First-page AD header
2009-0094__AD_2009-0094_1__easa_ad_2009_0094_superseded.pdf,2009-0094,2009-0094,2009-0094,True,058e107902f3efe1d90b4f15a058ae8ac2742836cd3ea24cd5a74f8108d6e313,First-page AD header
2009-0098__AD_2009-0098_1__easa_ad_2009_0098_Superseded.pdf,2009-0098,2009-0098,2009-0098,True,d8fd28d8da1731213bc68f586d39d8a391fa1de4308a788bae524e450f81435f,First-page AD header
2009-0102__AD_2009-0102_1__easa_ad_2009_0102_superseded.pdf,2009-0102,2009-0102,2009-0102,True,9aa3c1a78fcdb394bc2b67455c870367bd7e9ca7cfdb7c5f491b231dab9ae247,First-page AD header
2009-0108__AD_2009-0108_1__easa_ad_2009_0108.pdf,2009-0108,2009-0108,2009-0108,True,bc8bd50c78d39030207750db2adc8135cd3a4e4d9bfbf254dfdc79809ef7dc5d,First-page AD header
2009-0111__AD_2009-0111_1__easa_ad_2009_0111.pdf,2009-0111,2009-0111,2009-0111,True,6691c7ee8e77fad6b12e8c05bb2305f614f85ba2aa72c0822dddde4e5f3497d0,First-page AD header
2009-0113R1__AD_2009-0113R1_1__easa_ad_2009_0113R1.pdf,2009-0113R1,2009-0113,2009-0113R1,True,b233301807934ec52416e25331b7e8de64a13e4e8855956b1a909fa64e90e22e,First-page AD header
2009-0113R1__AD_2009-0113R1_2__easa_ad_2009_0113_revised.pdf,2009-0113,2009-0113,2009-0113,True,5bdb763735b481e2af1d6b9c970b69671c06debbf56ba9af3aa7b6edbcb83771,First-page AD header
2009-0115__AD_2009-0115_1__easa_ad_2009_0115.pdf,2009-0115,2009-0115,2009-0115,True,c484cdb6e0c7fe44a9c5f671c4fbd2adf8ddd26dec950297183b9b8df8f2f30c,First-page AD header
2009-0130R1__AD_2009-0130R1_1__easa_ad_2009_0130_R1.pdf,2009-0130R1,2009-0130,2009-0130R1,True,fcef0d9477a5403781b8eef85734ba68f2b4f3b32c1775b2038cdc938e8ed09e,First-page AD header
2009-0133__AD_2009-0133_1__easa_ad_2009_0133.pdf,2009-0133,2009-0133,2009-0133,True,41c0a4eb0111b50b2b6f2d887dfee0cae40d1fafd8a8c0d9654f0b50595b5cd8,First-page AD header
2009-0138__AD_2009-0138_1__easa_ad_2009_0138_superseded.pdf,2009-0138,2009-0138,2009-0138,True,faf05c687694f738166ec66f1d9da1496b20ba37757a79978010441135c841bf,First-page AD header
2009-0139__AD_2009-0139_1__easa_ad_2009_0139.pdf,2009-0139,2009-0139,2009-0139,True,c7dddc0a8dff3897942a1c7accbd3b1d2877d3d37257f686a02a5eb1eb9ce0b0,First-page AD header
2009-0141__AD_2009-0141_1__easa_ad_2009_0141_superseded.pdf,2009-0141,2009-0141,2009-0141,True,a0b5849caffa23be317d10930c11e14e88264bcba262f96c986571b71b07c775,First-page AD header
2009-0143__AD_2009-0143_1__easa_ad_2009_0143_superseded.pdf,2009-0143,2009-0143,2009-0143,True,63957e77d7a5e821eb0a931f97e1cefeb235d826cddd0b971505e27c3f760236,First-page AD header
2009-0144-CN__AD_2009-0144-CN_1__easa_ad_2009_0144_CN.pdf,2009-0144,2009-0144,2009-0144,True,4896f41c8e75a833ee63cc4315faecd4d5a5429c70f6d8a010a2db9470fb15d0,First-page AD header
2009-0150__AD_2009-0150_2__easa_ad_2009_0150_superseded.pdf,2009-0150,2009-0150,2009-0150,True,29c503fc290eba88beb30e6baf5caac3ce158f5d3380ce28d8bed205a9bb48a1,First-page AD header
2009-0152__AD_2009-0152_1__easa_ad_2009_0152.pdf,2009-0152,2009-0152,2009-0152,True,12459034b8a66a7b396c56157d9957bbaafd18a999228cf1b7d328e638afcc21,First-page AD header
2009-0153__AD_2009-0153_1__easa_ad_2009_0153_superseded.pdf,2009-0153,2009-0153,2009-0153,True,a9c112201c9f44f811888c7cbe4fb45de806b7a4626b6458b1d25511ba8ec754,First-page AD header
2009-0155__AD_2009-0155_1__easa_ad_2009_0155_superseded.pdf,2009-0155,2009-0155,2009-0155,True,2bb990a33764b21b0c75e1588370f3f0e2c72a01f28f516352ac4b30ad439363,First-page AD header
2009-0156__AD_2009-0156_1__easa_ad_2009_0156_superseded.pdf,2009-0156,2009-0156,2009-0156,True,bb919029dd64d5f813b152c42efdcd6fe7c42f445cd5c807efcc2e9b689d7696,First-page AD header
2009-0157__AD_2009-0157_1__easa_ad_2009_0157.pdf,2009-0157,2009-0157,2009-0157,True,dfd449bc9951fcac19b78c3e489c08ff45e8323a0143a09ff6b635d7b40f679b,First-page AD header
2009-0165__AD_2009-0165_1__easa_ad_2009_0165.pdf,2009-0165,2009-0165,2009-0165,True,d7bf5329ef8e4eb15872acffa08393c6e02fc71c62a2e299e4b38cf02f97b36b,First-page AD header
2009-0166__AD_2009-0166_1__easa_ad_2009_0166_superseded.pdf,2009-0166,2009-0166,2009-0166,True,4f83bfecc96c77d69e1f5b7fc6b0b6bea763d45eaa8d97b7461f71650adfbf66,First-page AD header
2009-0171__AD_2009-0171_1__easa_ad_2009_0171.pdf,2009-0171,2009-0171,2009-0171,True,09e691494295d6e90abb0d38230ebb14679c4769c4389462ac296f33b856828a,First-page AD header
2009-0186__AD_2009-0186_1__easa_ad_2009_0186.pdf,2009-0186,2009-0186,2009-0186,True,0cc2481e963ea69be88e608958318b6ec1211254996c15d84e34e04e0e9d7969,First-page AD header
2009-0188__AD_2009-0188_1__easa_ad_2009_0188.pdf,2009-0188,2009-0188,2009-0188,True,0877213d63107d87e8e3fbf74f6dd26acab67f4dc99e1652cd13c803b51b247e,First-page AD header
2009-0189__AD_2009-0189_1__easa_ad_2009_0189.pdf,2009-0189,2009-0189,2009-0189,True,e4b4863543d18927274b62155fe64c01c96f68486ec65e70f0b553ca8bf925a7,First-page AD header
2009-0191__AD_2009-0191_1__easa_ad_2009_0191_Superseded.pdf,2009-0191,2009-0191,2009-0191,True,6dcaff2552b00d645a655be5e928dfdcb941e7e1c8b3305182d9d2658671e1f5,First-page AD header
2009-0192__AD_2009-0192_1__easa_ad_2009_0192_Superseded.pdf,2009-0192,2009-0192,2009-0192,True,1f085d035f7487909a258fa19a13a98af4001e946625b832eba7510c48e533df,First-page AD header
2009-0195__AD_2009-0195_1__easa_ad_2009_0195.pdf,2009-0195,2009-0195,2009-0195,True,f21ac437683801764ea0d0034fa582a97f5f40eddedfa41fa5e93e840a306ebe,First-page AD header
2009-0201__AD_2009-0201_1__easa_ad_2009_0201.pdf,2009-0201,2009-0201,2009-0201,True,c5d9b4fb208e7eac609ea2ead39465c9e9d430622da8622b0cf8d7a76ddb1765,First-page AD header
2009-0202R1__AD_2009-0202R1_1__easa_ad_2009_0202R1_superseded.pdf,2009-0202R1,2009-0202,2009-0202R1,True,6d03d1df0c6fc9612af5165fcfc1a41743b86c7db130116f88af08d299146179,First-page AD header
2009-0203R1__AD_2009-0203R1_1__easa_ad_20090203R1.pdf,2009-0203R1,2009-0203,2009-0203R1,True,e6d5fa81e68444c70f5efb98aef746989a3cb8a41df1b92ec73bdb1cfacdaa4a,First-page AD header
2009-0204__AD_2009-0204_1__easa_ad_2009_0204.pdf,2009-0204,2009-0204,2009-0204,True,4a5cd41159c700325ab2d73bb6bdbe91f1a8280645b6b5a45798379b74a96a9a,First-page AD header
2009-0213__AD_2009-0213_1__easa_ad_2009_0213_Superseded.pdf,2009-0213,2009-0213,2009-0213,True,a4cef4247cda4dcddeb7cd4b7466156a63be74d878ef5358fa23e00cc8ca4d9b,First-page AD header
2009-0235__AD_2009-0235_1__easa_ad_2009_0235.pdf,2009-0235,2009-0235,2009-0235,True,2059171fa9076594bdc1a0717750652bd38e47f428881d05de8fb9e7e2b28292,First-page AD header
2009-0240__AD_2009-0240_2__easa_ad_2009_0240.pdf,2009-0240,2009-0240,2009-0240,True,2c1ee5bb9e83a71d2c4d31a1a4e3efe5f30311369a259de518acb523e64cb45a,First-page AD header
2009-0255__AD_2009-0255_1__easa_ad_2009_0255_superseded.pdf,2009-0255,2009-0255,2009-0255,True,6af9ceadb0105fba8dda14f4c9220861bac3f59eb019e4965f3f0b655f2b43e6,First-page AD header
2009-0258__AD_2009-0258_1__easa_ad_2009_0258.pdf,2009-0258,2009-0258,2009-0258,True,002031dfc49dde6d4704850dba89d7ae4102aaf61b8b3e23a6eea315abf9450c,First-page AD header
2009-0259__AD_2009-0259_1__easa_ad_2009_0259_superseded.pdf,2009-0259,2009-0259,2009-0259,True,40c96b30b220c1dbb443c4a1fa015e5abebdd98fc88b3363b777ba4656e58c67,First-page AD header
2009-0260__AD_2009-0260_1__easa_ad_2009_0260_Correction.pdf,2009-0260,2009-0260,2009-0260,True,a6c2704f8df776d10d2f6db101425a65485b9ba0762f96985f494cafb561dadd,First-page AD header
2009-0265__AD_2009-0265_1__easa_ad_2009_0265.pdf,2009-0265,2009-0265,2009-0265,True,841985d427067b6a311765c03cade59e720f9ef4db655311e53bed29e570f33e,First-page AD header
2010-0002__AD_2010-0002_1__easa_ad_2010_0002.pdf,2010-0002,2010-0002,2010-0002,True,35d5dce2a62bc377591bdcb445f820764930f8054059025ac4415e315b5cdd4b,First-page AD header
2010-0007__AD_2010-0007_1__easa_ad_2010_0007.pdf,2010-0007,2010-0007,2010-0007,True,703a73a87cf7f1c911afbcb6d360fba7d786dea3987d2e71f85b719548363ecc,First-page AD header
2010-0010__AD_2010-0010_1__easa_ad_2010_0010_superseded.pdf,2010-0010,2010-0010,2010-0010,True,e11318c30608186f1120b90dae9aad70e593c907e435e45e9d0fbb26b1e18acb,First-page AD header
2010-0013__AD_2010-0013_2__easa_ad_2010_0013.pdf,2010-0013,2010-0013,2010-0013,True,2e9ef764f31dcf1ffa1de60303204a5a63ad57439e62a266459ff5bcd16cbc7e,First-page AD header
2010-0016R1__AD_2010-0016R1_1__easa_ad_2010_0016_R1_superseded.pdf,2010-0016R1,2010-0016,2010-0016R1,True,95e0274167ed0de1dfa14183c499de1fd003530e4459300fbf107ad98bef6443,First-page AD header
2010-0018__AD_2010-0018_2__easa_ad_2010_0018.pdf,2010-0018,2010-0018,2010-0018,True,c7aff4003f60692e7c349a3b6514e2344f4b3c97893a48b4841cdea9099c3ea5,First-page AD header
2010-0019__AD_2010-0019_1__easa_ad_2010_0019.pdf,2010-0019,2010-0019,2010-0019,True,f2eb1923ccb3ca9a2146dd7dddb5b9b5af38d0d7e0cc80b8a4f27bf8983404d1,First-page AD header
2010-0021__AD_2010-0021_1__easa_ad_2010_0021.pdf,2010-0021,2010-0021,2010-0021,True,84772024bc634bf77b7ff5356ee5a4f64f938b91edbb16de7d69ddf0f6e4d8e4,First-page AD header
2010-0024__AD_2010-0024_2__easa_ad_2010_0024_superseded.pdf,2010-0024,2010-0024,2010-0024,True,80fba87dfdcf4286e0d7d5a05fed2c535525d0eeec0991d4f08291697985d41c,First-page AD header
2010-0027__AD_2010-0027_1__easa_ad_2010_0027.pdf,2010-0027,2010-0027,2010-0027,True,beed8a83ab9249e9333bc780d37d1e7a75c5f71608473a10d18bddf9d9f10705,First-page AD header
2010-0028R1__AD_2010-0028R1_1__easa_ad_2010_0028_R1_Correction.pdf,2010-0028R1,2010-0028,2010-0028R1,True,66743e93b189f46bd4c8fd7e5145acf27d664f5ef94e4259e69035295a32cba0,First-page AD header
2010-0034__AD_2010-0034_1__easa_ad_2010_0034_Corrected_superseded.pdf,2010-0034,2010-0034,2010-0034,True,62b8d0221533ed99ba859cf15ba7773115a2be36cd41f17226852aad18d6eb91,First-page AD header
2010-0036__AD_2010-0036_1__easa_ad_2010_0036_superseded.pdf,2010-0036,2010-0036,2010-0036,True,4c865527d5ba3279b25286ba454bdb180d7b37e11c9b8b1ba61b55092ab3a623,First-page AD header
2010-0038__AD_2010-0038_1__easa_ad_2010_0038.pdf,2010-0038,2010-0038,2010-0038,True,9dfae48ebc10efb5e1eeb496c328e434374bc44d3b93d59b585c836274440be9,First-page AD header
2010-0044R1__AD_2010-0044R1_1__easa_ad_2010_0044_R1.pdf,2010-0044R1,2010-0044,2010-0044R1,True,8445cac9828caeb8cbf197f5afaa3efaa05e3c13df7c398e978a0d1891b12791,First-page AD header
2010-0046R1__AD_2010-0046R1_1__easa_ad_2010_0046_R1_superseded.pdf,2010-0046R1,2010-0046,2010-0046R1,True,c69a50c0d5f08fb3e37712d6f5b3f3f51d8cdaa130b2e6d0f8914e7ebfb68db0,First-page AD header
2010-0047__AD_2010-0047_1__easa_ad_2010_0047_superseded.pdf,2010-0047,2010-0047,2010-0047,True,f02ba197fb9d81e3e7c795ef07264d419a6b0d517b9edc6d12e4dd7391fecbc3,First-page AD header
2010-0048__AD_2010-0048_2__easa_ad_2010_0048_superseded.pdf,2010-0048,2010-0048,2010-0048,True,90aa1913b1b81e4beb4e1c71fcf25d5bbe65bb248ef50554c81db41632c75fce,First-page AD header
2010-0056__AD_2010-0056_1__easa_ad_2010_0056.pdf,2010-0056,2010-0056,2010-0056,True,9606d6a301523bba1b1792419f92cfe54315ebd4bafab72a36883a16c1c621b1,First-page AD header
2010-0066__AD_2010-0066_1__easa_ad_2010_0066.pdf,2010-0066,2010-0066,2010-0066,True,300a569b33ac4682a5b1977ba278e1c1138a7e5d74026e6de11741adbb43b244,First-page AD header
2010-0070__AD_2010-0070_1__easa_ad_2010_0070.pdf,2010-0070,2010-0070,2010-0070,True,f05ab330d92c3bde6bc7096405b98c14ccc29da689609559775f57c8365b0b82,First-page AD header
2010-0071R1__AD_2010-0071R1_1__easa_ad_2010_0071_R1_superseded.pdf,2010-0071R1,2010-0071,2010-0071R1,True,357f3337fe7f0192ffaca69a0bd598e9532dfd33694c511f8141f049aa73e3a4,First-page AD header
2010-0074__AD_2010-0074_1__easa_ad_2010_0074.pdf,2010-0074,2010-0074,2010-0074,True,28fd02eb1645c5cb4d5b4313eeb9306666141f0a3a5c64b89b6169b43d52b65c,First-page AD header
2010-0081R1__AD_2010-0081R1_1__easa_ad_2010_0081_R1.pdf,2010-0081R1,2010-0081,2010-0081R1,True,f3bb83e33a6318c7cc88c975eed83a9cfba9200a3a637b841f702e1d3af70113,First-page AD header
2010-0083-CN__AD_2010-0083-CN_1__easa_ad_2010_0083_CN.pdf,2010-0083,2010-0083,2010-0083,True,0189ec5d3c7aaaa8d9b8d7f06e25bf31f877c8eace32cdcfe615a069193549eb,First-page AD header
2010-0085__AD_2010-0085_1__easa_ad_2010_0085.pdf,2010-0085,2010-0085,2010-0085,True,aac4a2b6ca1f91af28bff9db627403f9cad501335f499e9e7f818ce62d06812a,First-page AD header
2010-0086R1__AD_2010-0086R1_1__easa_ad_2010_0086_R1.pdf,2010-0086R1,2010-0086,2010-0086R1,True,9008f26d596a26738a03f8d9099432a4935c756951d582573321124196ea70d8,First-page AD header
2010-0089__AD_2010-0089_1__easa_ad_2010_0089_superseded.pdf,2010-0089,2010-0089,2010-0089,True,0582f9a5344f410baac5332b0f3dd2659831f98bfa4f9ca651062dbe30c4229c,First-page AD header
2010-0091R1__AD_2010-0091R1_1__easa_ad_2010_0091_R1_superseded.pdf,2010-0091R1,2010-0091,2010-0091R1,True,73a02338ee66cf22a7647dd77754f0eec7c4ad9f4aaceaff8135ad03d85e656c,First-page AD header
2010-0092__AD_2010-0092_1__easa_ad_2010_0092.pdf,2010-0092,2010-0092,2010-0092,True,49cc8bccd6ac98ce5d838bb40d51cabc04407a0b5848cc8555eba26acdaed75a,First-page AD header
2010-0102__AD_2010-0102_1__easa_ad_2010_0102.pdf,2010-0102,2010-0102,2010-0102,True,8ec614cb3f65047c90b067c1476c706eb92b1385471b4254506c3aebc31299ae,First-page AD header
2010-0103R1__AD_2010-0103R1_2__easa_ad_2010_0103_R1.pdf,2010-0103R1,2010-0103,2010-0103R1,True,9e925f395b7ca11ca16548b46745a407ec023699ac503926bf116baa7a5854c5,First-page AD header
2010-0104__AD_2010-0104_1__easa_ad_2010_0104_superseded.pdf,2010-0104,2010-0104,2010-0104,True,dcaf1ca794671f28d83a06dfa0ca1f0878493834ff0e5317bd8b5572ae4a5676,First-page AD header
2010-0105R2__AD_2010-0105R2_1__easa_ad_2010_0105_R2.pdf,2010-0105R2,2010-0105,2010-0105R2,True,2a47f6dbc55baafbac39604a118c6d8f6e4a35015081eb5547eaa74e58e198c1,First-page AD header
2010-0109R1__AD_2010-0109R1_1__easa_ad_2010_0109_R1.pdf,2010-0109R1,2010-0109,2010-0109R1,True,8b2cd30eb59cf92dc802f8b92c007bc2f41ce1db21f99d43b902b9d83dbfba3b,First-page AD header
2010-0120__AD_2010-0120_1__easa_ad_2010_0120.pdf,2010-0120,2010-0120,2010-0120,True,9fd242a16c2b12e2b6b0812eb6f546181dce422a594d1b2430003e2a7740c338,First-page AD header
2010-0127__AD_2010-0127_1__easa_ad_2010_0127.pdf,2010-0127,2010-0127,2010-0127,True,b84e24e84fa86bb1c4723d5efc25d2ca3a210d1680540dd2fe0850ff9506fec1,First-page AD header
2010-0131__AD_2010-0131_1__easa_ad_2010_0131_Superseded.pdf,2010-0131,2010-0131,2010-0131,True,c07781702faf446f715ec98902fe62a2dba244513b0096c6c41ad62b89c55b3c,First-page AD header
2010-0132-CN__AD_2010-0132-CN_1__easa_ad_2010_0132_CN.pdf,2010-0132,2010-0132,2010-0132,True,4abb4cc7989d20e5760bc3e5a3a19e91365089d970cb5349ba4edbbd71b08731,First-page AD header
2010-0135__AD_2010-0135_1__easa_ad_2010_0135_superseded.pdf,2010-0135,2010-0135,2010-0135,True,151685440013cea8b46ae00deb1d9c8e3aeff25bec0a6f9eec67e42a34da022e,First-page AD header
2010-0144__AD_2010-0144_2__easa_ad_2010_0144.pdf,2010-0144,2010-0144,2010-0144,True,b0b7ac6201df6f6b481fdedfa6a7477ceb0ef4a7371ad97f258b02a373458d3f,First-page AD header
2010-0145__AD_2010-0145_1__easa_ad_2010_0145_Superseded.pdf,2010-0145,2010-0145,2010-0145,True,5d5b5b02baf3d6a079dc98ab32e742106502f216023815ed91b97892714a87db,First-page AD header
2010-0148__AD_2010-0148_1__easa_ad_2010_0148.pdf,2010-0148,2010-0148,2010-0148,True,a4905d09ed9dcde6797b7396b663feb46e821b0637de103189f1dba01627496c,First-page AD header
2010-0149__AD_2010-0149_1__easa_ad_2010_0149.pdf,2010-0149,2010-0149,2010-0149,True,fd3e69fe05b60fb72142ce50e69c49054cf8e637c230ca1ba30102a01d8b426e,First-page AD header
2010-0164__AD_2010-0164_1__easa_ad_2010_0164.pdf,2010-0164,2010-0164,2010-0164,True,86b266ac6cf4d180ee273e65c01d59a0c8375a763a278c2f270ce8d4bb639178,First-page AD header
2010-0165-CN__AD_2010-0165-CN_1__easa_ad_2010_0165_CN.pdf,2010-0165,2010-0165,2010-0165,True,a4cacfda86583ad68befe60b4ba92bfee2edce05aac0f3bb7b0207dbb5e3584a,First-page AD header
2010-0167__AD_2010-0167_1__easa_ad_2010_0167_superseded.pdf,2010-0167,2010-0167,2010-0167,True,fc2b4a582442f37d1db97d84250ba444aa736902384f11380fee28c03cb6908b,First-page AD header
2010-0168__AD_2010-0168_1__easa_ad_2010_0168.pdf,2010-0168,2010-0168,2010-0168,True,63ded19c24bc27edb5c4ed7e3db3a24e4554bed4ad6b6fb8b42ac2395542cba7,First-page AD header
2010-0173__AD_2010-0173_1__easa_ad_2010_0173_superseded.pdf,2010-0173,2010-0173,2010-0173,True,ab304d02521ac28c44ee2ff49e941301ccdc0ee89744696457831daa8d95e154,First-page AD header
2010-0174__AD_2010-0174_1__easa_ad_2010_0174_superseded.pdf,2010-0174,2010-0174,2010-0174,True,e05ab5b6dd4732cc2a207babd6808b9ef13d803218930c5401a36d83461e56be,First-page AD header
2010-0175__AD_2010-0175_1__easa_ad_2010_0175.pdf,2010-0175,2010-0175,2010-0175,True,2f48e216f10090d5ce2d54dfe34e6c7f8b7c78d52822689cf83b65a8122e7cd4,First-page AD header
2010-0177__AD_2010-0177_1__easa_ad_2010_0177.pdf,2010-0177,2010-0177,2010-0177,True,9aadff36ac52c279735ebf98696a93764d6750d61d4b1cdd4049ec2d3f7dcf56,First-page AD header
2010-0178R1__AD_2010-0178R1_1__easa_ad_2010_0178_R1.pdf,2010-0178R1,2010-0178,2010-0178R1,True,d529e509a918dcf52896eacde802429977608b848a3f9a109ca61b8518a42440,First-page AD header
2010-0187R1__AD_2010-0187R1_1__EASA_AD_2010_0187_R1.pdf,2010-0187R1,2010-0187,2010-0187R1,True,1d8b921660b4fd6ccdba49ad5c484f45c39c83b7922db0052b51b57353f3b761,First-page AD header
2010-0191__AD_2010-0191_2__easa_ad_2010_0191_Corrected.pdf,2010-0191,2010-0191,2010-0191,True,b5cb99dd9687e20267f6252a65ae2f4685cc81f91db0072fb01d0e2efddafe2a,First-page AD header
2010-0192__AD_2010-0192_1__easa_ad_2010_0192_Corrected_superseded.pdf,2010-0192,2010-0192,2010-0192,True,270cae8bbe8d638d329e3754cf1f57f427b144a58708c5abec4dcbe4c2a369f9,First-page AD header
2010-0193__AD_2010-0193_1__easa_ad_2010_0193_Corrected_superseded.pdf,2010-0193,2010-0193,2010-0193,True,59165c4d4e92c5ece6eac01da93081d15f319af9fca6161a8af15a056b725db7,First-page AD header
2010-0199__AD_2010-0199_1__easa_ad_2010_0199.pdf,2010-0199,2010-0199,2010-0199,True,b27c7d3794c104c566ad23549a32da33cb8fc2db9b7e4c1587ba834a6a893109,First-page AD header
2010-0205__AD_2010-0205_1__easa_ad_2010_0205_superseded.pdf,2010-0205,2010-0205,2010-0205,True,fe7feb95ac60a1a60bd72f5706253ccef01b655ee061911aba8aeb199ac85144,First-page AD header
2010-0209__AD_2010-0209_1__easa_ad_2010_0209.pdf,2010-0209,2010-0209,2010-0209,True,27e76dfebce6fc58b9fbcad56d37947c0c2345a6e55ad356e7d850e4a56316b2,First-page AD header
2010-0210__AD_2010-0210_1__easa_ad_2010_0210_superseded.pdf,2010-0210,2010-0210,2010-0210,True,3e56ef2ee8fa2d684592cfca48df0ddd6c0b2b8fec1ed1cbb47c44138e7e6dd1,First-page AD header
2010-0211R1__AD_2010-0211R1_1__easa_ad_2010_0211_R1_Superseded.pdf,2010-0211R1,2010-0211,2010-0211R1,True,dcd4fe9873e628990d293ffae841aaecefcf012406a755535f9e0419a19104a9,First-page AD header
2010-0214__AD_2010-0214_1__easa_ad_2010_0214.pdf,2010-0214,2010-0214,2010-0214,True,301dc20bc8a04bd30371e7efde5d922471541c8a08b0919d6a0b5a53870fcc57,First-page AD header
2010-0218__AD_2010-0218_1__easa_ad_2010_0218.pdf,2010-0218,2010-0218,2010-0218,True,1f65b9e85c473c01542c98d94c07e2b2689b20363d65f2678d6ff50aff60d60e,First-page AD header
2010-0224__AD_2010-0224_1__easa_ad_2010_0224.pdf,2010-0224,2010-0224,2010-0224,True,d78bb8a3eb69a03bb6f466799a6fa4bd39ab1824cddc5fb794048629854ab850,First-page AD header
2010-0225__AD_2010-0225_1__easa_ad_2010_0225.pdf,2010-0225,2010-0225,2010-0225,True,a62012ad762e4ca50a1cf0542c2a538ae96af1a9029c9be5f0f2b73d8f60117b,First-page AD header
2010-0232__AD_2010-0232_1__easa_ad_2010_0232_superseded.pdf,2010-0232,2010-0232,2010-0232,True,41a7046ca6a7fd1cb2f442288401d00778bb3ceb528421eb35fe30aae1cdbdcc,First-page AD header
2010-0245R1__AD_2010-0245R1_1__easa_ad_2010_0245_R1.pdf,2010-0245R1,2010-0245,2010-0245R1,True,b9c69ba479fcc7fe68bec702faac172279b63a0c4da1b1c0612973f9a04b6b43,First-page AD header
2010-0250__AD_2010-0250_1__easa_ad_2010_0250_superseded.pdf,2010-0250,2010-0250,2010-0250,True,63c34a72ad01fd2ee543f60a6c2fa5b822dc749678931b97f7fe84a7fc7a132d,First-page AD header
2010-0251__AD_2010-0251_1__easa_ad_2010_0251_superseded.pdf,2010-0251,2010-0251,2010-0251,True,1b324203f18159ed5d58ce20be3e407b007ea1d50095d54f78388767d86ac8e1,First-page AD header
2010-0252__AD_2010-0252_1__easa_ad_2010_0252.pdf,2010-0252,2010-0252,2010-0252,True,ffa1bbe58abfbf0588d0a9bbfe4e51ef44084bb3abca1adc9b60896297c0bf1b,First-page AD header
2010-0253__AD_2010-0253_1__easa_ad_2010_0253_superseded.pdf,2010-0253,2010-0253,2010-0253,True,484415259ce372db724af636faae1e3ad3e657fd51a2789cc395eaf60a2727ed,First-page AD header
2010-0255__AD_2010-0255_2__easa_ad_2010_0255.pdf,2010-0255,2010-0255,2010-0255,True,b6a7226522e868385c1904934ccca1ae51737deb7b00756ee8f626bd97defd1a,First-page AD header
2010-0259__AD_2010-0259_1__easa_ad_2010_0259.pdf,2010-0259,2010-0259,2010-0259,True,e039938fe27f287ce0460f4060798444633e0238705f75c4cf235594d9b16fdf,First-page AD header
2010-0264__AD_2010-0264_1__easa_ad_2010_0264_superseded.pdf,2010-0264,2010-0264,2010-0264,True,6fd92b04ce47f87c2d03b4424a8106221806263cfc4d416cd67b2cf388d2e6db,First-page AD header
2010-0267__AD_2010-0267_1__easa_ad_2010_0267_Superseded.pdf,2010-0267,2010-0267,2010-0267,True,40e19d57e5e395635fc932204255bcd3ea9977b6530acf24c55fd4ba02c08aee,First-page AD header
2010-0271__AD_2010-0271_1__easa_ad_2010_0271.pdf,2010-0271,2010-0271,2010-0271,True,f4793f605684347cc73dec4f6701b9bb9d60500c3cf1b4a1212efa9c2eb66f82,First-page AD header
2011-0001R1__AD_2011-0001R1_2__easa_ad_2011_0001_R1.pdf,2011-0001R1,2011-0001,2011-0001R1,True,fd7ed9aa3a104860fbcf622c29daa013a8f9f49a067434aa55210c632b910e34,First-page AD header
2011-0002R1__AD_2011-0002R1_1__easa_ad_2011_0002_R1_superseded.pdf,2011-0002R1,2011-0002,2011-0002R1,True,25e4b7d2c3966f26b203030613771b6f2ba0ff616f2fb543c58acf7a4eacecc2,First-page AD header
2011-0005__AD_2011-0005_1__easa_ad_2011_0005_Superseded.pdf,2011-0005,2011-0005,2011-0005,True,e278d963eeb6e29ee7f9b866a6490a48d378739f1b159123a99a1a399f3bc3f9,First-page AD header
2011-0006__AD_2011-0006_1__easa_ad_2011_0006_Superseded.pdf,2011-0006,2011-0006,2011-0006,True,00a09cbc2d759cca7db23126a4f2ded1345d85c4b7e240a1ec73c454d6acc0ec,First-page AD header
2011-0007R1__AD_2011-0007R1_1__easa_ad_2011_0007_R1_superseded.pdf,2011-0007R1,2011-0007,2011-0007R1,True,5a4588ba5b9af2babd6ab689a67ab1c5a37066ef04e0e69c35577c3887a9befe,First-page AD header
2011-0011__AD_2011-0011_1__easa_ad_2011_0011_superseded.pdf,2011-0011,2011-0011,2011-0011,True,3f6dea37ccdddcb1a7f0788e1c6cfdc8289f4a26bc1f03f3c5cd9af7b543dcf7,First-page AD header
2011-0013R1__AD_2011-0013R1_1__easa_ad_2011_0013_R1_superseded.pdf,2011-0013R1,2011-0013,2011-0013R1,True,2f11ff946e4c6332bf85fe5f0b7d969d7d1e098afaac8a2c35bfa02d98641cff,First-page AD header
2011-0015__AD_2011-0015_1__easa_ad_2011_0015.pdf,2011-0015,2011-0015,2011-0015,True,a413cbab6198a6f71b3a5fc176b32da16aed57cb3f668ebec9327201518e85ae,First-page AD header
2011-0017__AD_2011-0017_1__easa_ad_2011_0017_Superseded.pdf,2011-0017,2011-0017,2011-0017,True,2d7246f807dc052df974c444e860413149dea45b5d3fdb7da3ac601b5d226140,First-page AD header
2011-0018__AD_2011-0018_1__easa_ad_2011_0018.pdf,2011-0018,2011-0018,2011-0018,True,62734580542d8d78506ebde3c8ad70aaa94cc28fe3740b13088be91297e25a62,First-page AD header
2011-0022__AD_2011-0022_1__easa_ad_2011_0022_Superseded.pdf,2011-0022,2011-0022,2011-0022,True,914a5c7ebc2676ef1dc8ac6c5db46598fbf5308e20de9f632b240105ce0a96d8,First-page AD header
2011-0024R1__AD_2011-0024R1_1__easa_ad_2011_0024_R1.pdf,2011-0024R1,2011-0024,2011-0024R1,True,46fde500df9f98fa21e89e7ea8ab46818cc6230c3626f494d5ab724cd21750dd,First-page AD header
2011-0026__AD_2011-0026_1__easa_ad_2011_0026_superseded.pdf,2011-0026,2011-0026,2011-0026,True,e0958c61fd2b6dc8ecb6ebcdeb7e72145e90a13538b91d962e28bdbf41f4d346,First-page AD header
2011-0028__AD_2011-0028_1__easa_ad_2011_0028.pdf,2011-0028,2011-0028,2011-0028,True,6bd7a3c2d11def6d20d748459be002d016eb431b02526bcea9c9355027cf4bac,First-page AD header
2011-0029__AD_2011-0029_1__easa_ad_2011_0029.pdf,2011-0029,2011-0029,2011-0029,True,9e96536b3d2774d14b48b9f819d47b233e0fed977cd01d0147d1a35a198cb13a,First-page AD header
2011-0032__AD_2011-0032_1__easa_ad_2011_0032.pdf,2011-0032,2011-0032,2011-0032,True,f07ab56fbd6f85a2eaf347758c2fcb11d5a94b0e28dba4e57456b0c6aa1f7d20,First-page AD header
2011-0034__AD_2011-0034_1__easa_ad_2011_0034_superseded.pdf,2011-0034,2011-0034,2011-0034,True,58c22c47725f623aaf884e81f7f89f771f5da498db5afa6ff38ff4899829a4b2,First-page AD header
2011-0035__AD_2011-0035_1__easa_ad_2011_0035.pdf,2011-0035,2011-0035,2011-0035,True,92148ca45fde374a20c252ba0f6a87ecd5eefdbd3988066785cbf07b62a3e15e,First-page AD header
2011-0036__AD_2011-0036_1__easa_ad_2011_0036_Correction.pdf,2011-0036,2011-0036,2011-0036,True,a55574a445a799ae65e52cc113ef38afaa7117eff3bcf06bca1cab7068d1df4e,First-page AD header
2011-0040__AD_2011-0040_2__easa_ad_2011_0040_superseded.pdf,2011-0040,2011-0040,2011-0040,True,cc0ae6a03e880e76375cc318d1729c4a6509b8493076d9ad08a7e2a68daa8fc7,First-page AD header
2011-0041R1__AD_2011-0041R1_1__easa_ad_2011_0041_R1.pdf,2011-0041R1,2011-0041,2011-0041R1,True,05550bb3539b137d2da5011ff1fdf5ae26c469214c0bc943d1adf0e1693e393e,First-page AD header
2011-0043__AD_2011-0043_1__easa_ad_2011_0043.pdf,2011-0043,2011-0043,2011-0043,True,73ae6934158cf15d3890d9bd4b4acfaab5bcdbf0c760fb03ceb17f1760a56b48,First-page AD header
2011-0054__AD_2011-0054_1__easa_ad_2011_0054.pdf,2011-0054,2011-0054,2011-0054,True,c2fa49f3197171cac994b5875ffd33c1247b4399c69ab84eb0dc02391d7a6fbd,First-page AD header
2011-0055__AD_2011-0055_1__easa_ad_2011_0055.pdf,2011-0055,2011-0055,2011-0055,True,3c2f99d933e5b7eb1231f6ca5dc34b6276f09769273befbd5cd1bea4a2e92220,First-page AD header
2011-0056__AD_2011-0056_1__easa_ad_2011_0056.pdf,2011-0056,2011-0056,2011-0056,True,e76ed38c09b0bfb78818f753d9a335ab768d830598ee8e20aa1c9d1f8b074465,First-page AD header
2011-0058R3__AD_2011-0058R3_1__easa_ad_2011_0058R3.pdf,2011-0058R3,2011-0058,2011-0058R3,True,b0c9bce9fef0aae287d5743efe068bca094c7b494d0216c62e2f3a1851695e46,First-page AD header
2011-0062__AD_2011-0062_1__easa_ad_2011_0062_superseded.pdf,2011-0062,2011-0062,2011-0062,True,365c3215040c6406e241aa37654264f3947523f7b252d51729ed5f85abce6d34,First-page AD header
2011-0069R1__AD_2011-0069R1_1__easa_ad_2011_0069_R1_superseded.pdf,2011-0069R1,2011-0069,2011-0069R1,True,270865153b625774101a017e32278dce747be32c79a243abb3f18d51ed640ef5,First-page AD header
2011-0071__AD_2011-0071_1__easa_ad_2011_0071.pdf,2011-0071,2011-0071,2011-0071,True,f0c0f198bb22310906158c39f99ed83f4f127b421f600042d8e634cca67a53dd,First-page AD header
2011-0073__AD_2011-0073_1__easa_ad_2011_0073.pdf,2011-0073,2011-0073,2011-0073,True,e90acbbdd66ab5ecf5406ad13e335d9a1915b3b8851032d6b01bd64393596454,First-page AD header
2011-0075__AD_2011-0075_1__easa_ad_2011_0075.pdf,2011-0075,2011-0075,2011-0075,True,d093711de2bc03fc44f7cc2e0f87b310071b8e4b0199560856181fcc39f4ad49,First-page AD header
2011-0077__AD_2011-0077_1__easa_ad_2011_0077.pdf,2011-0077,2011-0077,2011-0077,True,8cb292963421eec87bb9ce8765bc513748c4024e1ce5355732dd188930d6cb5e,First-page AD header
2011-0084__AD_2011-0084_1__easa_ad_2011_0084_Superseded.pdf,2011-0084,2011-0084,2011-0084,True,8ed0dc0dee225b7b61b9e85b46fa77320021dffe4bd165f90d3923f26ac2ad2e,First-page AD header
2011-0085R1__AD_2011-0085R1_1__easa_ad_2011_0085_R1_Correction.pdf,2011-0085R1,2011-0085,2011-0085R1,True,91677b8bec0ca56b09bb2e40ade17961e1e88e49f04adc6a3bac7c9b7c686f40,First-page AD header
2011-0086R1__AD_2011-0086R1_1__easa_ad_2011_0086_R1.pdf,2011-0086R1,2011-0086,2011-0086R1,True,79a0b8f8214fd970eda0054ea0bc186b0196e382a5f9796e8d165072a21ebcb8,First-page AD header
2011-0088R1__AD_2011-0088R1_1__easa_ad_2011_0088_R1.pdf,2011-0088R1,2011-0088,2011-0088R1,True,3d2294b223ad95623e38a51e0adff2a72d93162d42d213b8729d1b6144815c6a,First-page AD header
2011-0098__AD_2011-0098_1__easa_ad_2011_0098.pdf,2011-0098,2011-0098,2011-0098,True,daf011b8adbfcd23d47aac0c15a431c1ad7aa1f75183587f786c280691fff3d2,First-page AD header
2011-0112__AD_2011-0112_1__easa_ad_2011_0112.pdf,2011-0112,2011-0112,2011-0112,True,eed95fe844679ad3a0a5fd00039b4f1228da0e6c4cbf1e506d26c54c0da30d21,First-page AD header
2011-0113__AD_2011-0113_1__easa_ad_2011_0113_Superseded.pdf,2011-0113,2011-0113,2011-0113,True,028eba52500353e75d0f4468cf0b82b3bf449e89fae14feb036c2001914904de,First-page AD header
2011-0120R1__AD_2011-0120R1_1__easa_ad_2011_0120_R1.pdf,2011-0120R1,2011-0120,2011-0120R1,True,2c622264d66857bac587af64472400d1ff25bb827a5b8539abcf4f2e24bd91d6,First-page AD header
2011-0121R1__AD_2011-0121R1_1__easa_ad_2011_0121_R1.pdf,2011-0121R1,2011-0121,2011-0121R1,True,cd7a1fd6599cecca4be09b8c1c131ebd462f7774af207940533ed4eff832c853,First-page AD header
2011-0124R1__AD_2011-0124R1_1__easa_ad_2011_0124_R1_Superseded.pdf,2011-0124R1,2011-0124,2011-0124R1,True,e89bd79eab84cb1dccf37c7bc6e80ec3cc2b41556e61530c73426c1bede70dbc,First-page AD header
2011-0125__AD_2011-0125_1__easa_ad_2011_0125.pdf,2011-0125,2011-0125,2011-0125,True,742ed9bc31624dfb1b25cea01ce31096e78328cb90b0effe1d4ddfacc3d15c2e,First-page AD header
2011-0134__AD_2011-0134_1__easa_ad_2011_0134_superseded.pdf,2011-0134,2011-0134,2011-0134,True,6348a1affc2e21966f3a18e683e7d88a0ead205e0837583bf6e183f6e50a3d58,First-page AD header
2011-0137R1__AD_2011-0137R1_1__easa_ad_2011_0137_R1.pdf,2011-0137R1,2011-0137,2011-0137R1,True,516fa3261f7c525fdc4858279c5543b6177128faea795ce03fe53d99086c8aac,First-page AD header
2011-0138__AD_2011-0138_1__easa_ad_2011_0138.pdf,2011-0138,2011-0138,2011-0138,True,6a8d090392a49888f9cb8d4d3de1544b4289bffd2345dcba5dc8df9fae2f90ba,First-page AD header
2011-0139__AD_2011-0139_1__easa_ad_2011_0139_superseded.pdf,2011-0139,2011-0139,2011-0139,True,20a83f8b8dd9b9a6a8e4dd6b25f8fb3a70c8f3cb8000cb454714a272f72d980b,First-page AD header
2011-0141__AD_2011-0141_1__easa_ad_2011_0141_superseded.pdf,2011-0141,2011-0141,2011-0141,True,0ce5f85d12bcd2edb40b15ff04d86582eb45a49f7713ebcc568d9232d7ed3cd1,First-page AD header
2011-0142__AD_2011-0142_1__easa_ad_2011_0142.pdf,2011-0142,2011-0142,2011-0142,True,4c304bb1fe3d68254d3bac6e9e8e63a0412d87cc8b8c8fc681b0cb5ed16b7710,First-page AD header
2011-0151__AD_2011-0151_1__easa_ad_2011_0151.pdf,2011-0151,2011-0151,2011-0151,True,a08467a6ee2b8eca985005d7336c4eacb7a1b6e953fad92acedde041edb6f60d,First-page AD header
2011-0155R1__AD_2011-0155R1_1__easa_ad_2011_0155_R1_superseded.pdf,2011-0155R1,2011-0155,2011-0155R1,True,6e213059d0f911d7c3dff012fb2e2821c566e54c1685472ea4524b3331ebd6ed,First-page AD header
2011-0160R2__AD_2011-0160R2_2__easa_ad_2011_0160_R2_superseded.pdf,2011-0160R2,2011-0160,2011-0160R2,True,d9bcb52cf5498873e7011297d69c8d6a9f0157461997ee3ed2bde8456083f768,First-page AD header
2011-0161__AD_2011-0161_2__easa_ad_2011_0161.pdf,2011-0161,2011-0161,2011-0161,True,727930a693f4e0391e8ffe643ea8baf6152a0df68439057f32e66a63c5e8ef87,First-page AD header
2011-0163__AD_2011-0163_1__easa_ad_2011_0163_superseded.pdf,2011-0163,2011-0163,2011-0163,True,164a7e0a347986318fc3dd11a45d277b2c8e5f0eac57d07edc939636d952daef,First-page AD header
2011-0165__AD_2011-0165_1__easa_ad_2011_0165_superseded.pdf,2011-0165,2011-0165,2011-0165,True,b7cfb4d2bae7b7e40ebb8eb892e1bda357e649bda43c5296c18587aee1534942,First-page AD header
2011-0166__AD_2011-0166_1__easa_ad_2011_0166_superseded.pdf,2011-0166,2011-0166,2011-0166,True,0949aecfa08742274aebdda494cff460d340a7eb31fd6492fbdb6b118af86e69,First-page AD header
2011-0167__AD_2011-0167_1__easa_ad_2011_0167_superseded.pdf,2011-0167,2011-0167,2011-0167,True,1c282e17da52d6a3b617523dfd8d235f7a511f17ca07eceff29a4a24d9586bff,First-page AD header
2011-0170__AD_2011-0170_1__easa_ad_2011_0170_superseded.pdf,2011-0170,2011-0170,2011-0170,True,51121d09e218d4c62d021ea3d427cf4bd2fb37670734389302578fa43af7c47d,First-page AD header
2011-0171R1__AD_2011-0171R1_1__easa_ad_2011_0171_R1.pdf,2011-0171R1,2011-0171,2011-0171R1,True,3e83b164af62347c489c1a4c92c409d7171f1195a9c5f8a63c10a812cd106701,First-page AD header
2011-0173R1__AD_2011-0173R1_1__EASA_AD_2011_0173_R1_superseded.pdf,2011-0173R1,2011-0173,2011-0173R1,True,565ad8b4526cac8288fc97e86e29b2ff768e73893986a0ead0cb30bd0b9d27ab,First-page AD header
2011-0174__AD_2011-0174_1__easa_ad_2011_0174_superseded.pdf,2011-0174,2011-0174,2011-0174,True,299ede5188fcae45d7e6fcb03f60dc3e96709f0deb6d5e776db9e7b15ae1f265,First-page AD header
2011-0176__AD_2011-0176_1__easa_ad_2011_0176.pdf,2011-0176,2011-0176,2011-0176,True,100c781be8a84a92f8ca6a43a98ee22d6a154197f88b19b443e39a1ec55cddaf,First-page AD header
2011-0177__AD_2011-0177_1__easa_ad_2011_0177_Correction.pdf,2011-0177,2011-0177,2011-0177,True,313db306ce4cc1dc3d38699c9995e1b53cea3e39d3053710585e08ed79b9967e,First-page AD header
2011-0178R1__AD_2011-0178R1_2__easa_ad_2011_0178_R1_Correction.pdf,2011-0178R1,2011-0178,2011-0178R1,True,4bacfc6aaa99ef38b51408e6fc5d37bcdd35d0690110896a0d0558ea57c18247,First-page AD header
2011-0179R1__AD_2011-0179R1_1__easa_ad_2011_0179_R1.pdf,2011-0179R1,2011-0179,2011-0179R1,True,817a35b4c30dbf28a9e48a1460a7004c459b5c950948916a080168f958f3f4f4,First-page AD header
2011-0186__AD_2011-0186_1__easa_ad_2011_0186.pdf,2011-0186,2011-0186,2011-0186,True,2259fef3e18526e9ff5db216488d21a950b927f6d758cae79b349c99b19dcee1,First-page AD header
2011-0187__AD_2011-0187_1__easa_ad_2011_0187.pdf,2011-0187,2011-0187,2011-0187,True,84459b84ac008e65e611fa4fea32fdd76d505300a35e8f7cfefb277199a84e89,First-page AD header
2011-0188-CN__AD_2011-0188-CN_1__easa_ad_2011_0188CN.pdf,2011-0188,2011-0188,2011-0188,True,1ea845b1d3d8a29447cff5be78cecb8060281fbb276e8ece0232a21a80cbdbbc,First-page AD header
2011-0196__AD_2011-0196_1__easa_ad_2011_0196_Correction_Superseded.pdf,2011-0196,2011-0196,2011-0196,True,6a594277e94895c0543e3bc72d443a592e2b24e98e2ce1fe59ef135335a21d28,First-page AD header
2011-0197__AD_2011-0197_1__easa_ad_2011_0197.pdf,2011-0197,2011-0197,2011-0197,True,09224f02df743f15aeb22c581e5bcd6eb423d19120df5b776c0ce2c44ef861fe,First-page AD header
2011-0198__AD_2011-0198_1__easa_ad_2011_0198_Superseded.pdf,2011-0198,2011-0198,2011-0198,True,5a7b3f40f47fa8b284c8b8a78a82735c905bcd26858313d7bb5b17149ad84f85,First-page AD header
2011-0199R1__AD_2011-0199R1_1__easa_ad_2011_0199_R1.pdf,2011-0199R1,2011-0199,2011-0199R1,True,efd86355f868da19302cea1d9e2db638f5c7bb820722476ec69aa98d9352dfb3,First-page AD header
2011-0201R1__AD_2011-0201R1_1__EASA_AD_2011_0201_R1.pdf,2011-0201R1,2011-0201,2011-0201R1,True,c1ad26e67ae16b12b28c760bf36af2ac580ba036a623b10f84cc30083fa98995,First-page AD header
2011-0202__AD_2011-0202_1__easa_ad_2011_0202_superseded.pdf,2011-0202,2011-0202,2011-0202,True,ccd7ad36c3cff3f27d398edf3740f5b1406da312471caabcf6ca00a7eb53b09b,First-page AD header
2011-0203__AD_2011-0203_1__easa_ad_2011_0203_superseded.pdf,2011-0203,2011-0203,2011-0203,True,4f4006946ae235f7f6807e1ee7ba9324fb0c3bcb3ff7815ecfa87bd87262cb45,First-page AD header
2011-0204R1__AD_2011-0204R1_2__easa_ad_2011_0204_R1.pdf,2011-0204R1,2011-0204,2011-0204R1,True,2352f398bce6be99e6e8f114e7eddfa62f7d69de9d7e684c9db1e5b763d1d42d,First-page AD header
2011-0206__AD_2011-0206_1__easa_ad_2011_0206.pdf,2011-0206,2011-0206,2011-0206,True,01a6d30b3008944fe718887a9d7e36a0fa5b93436ea6cd3b9d09a1537a967071,First-page AD header
2011-0211__AD_2011-0211_1__easa_ad_2011_0211_superseded.pdf,2011-0211,2011-0211,2011-0211,True,bdb0bdb1c0c45d6bc02d0a286d6e66e3a9108b4404df364e7d4dd353a99eea7c,First-page AD header
2011-0212__AD_2011-0212_1__easa_ad_2011_0212_superseded.pdf,2011-0212,2011-0212,2011-0212,True,8e9e67d7e3bd49068eb26b69805e4ca33d9f7085004991e543612f9c529e842e,First-page AD header
2011-0215__AD_2011-0215_1__easa_ad_2011_0215_Superseded.pdf,2011-0215,2011-0215,2011-0215,True,75f930763179119b2bfb16bd4a27c3fc14b37acb180dae89ef3e88605a59b67e,First-page AD header
2011-0217__AD_2011-0217_2__easa_ad_2011_0217.pdf,2011-0217,2011-0217,2011-0217,True,6e06220b2a3e27bf6c1dee6573364f6e59c8c5169830fd63817465b92bc07427,First-page AD header
2011-0229__AD_2011-0229_1__easa_ad_2011_0229.pdf,2011-0229,2011-0229,2011-0229,True,a1652a3f43466d6dda35569aabbbd322abc7d50b68cc406fb631da3a6ee04897,First-page AD header
2011-0231__AD_2011-0231_1__easa_ad_2011_0231_superseded.pdf,2011-0231,2011-0231,2011-0231,True,12a3fba762768f81d6ee72eb66301a55af456974c94a679176afbafeae43bcbc,First-page AD header
2011-0238__AD_2011-0238_1__easa_ad_2011_0238_superseded.pdf,2011-0238,2011-0238,2011-0238,True,b64ffff53d45e1f21bcb59277db748d11b723a4bd39602cc6a1501d18c304a5b,First-page AD header
2011-0242__AD_2011-0242_1__easa_ad_2011_0242_Correction_superseded.pdf,2011-0242,2011-0242,2011-0242,True,cd061a52a213cf973660fe332262d76bf2ba0b9bdfc758bc5c4f848e2cbe821a,First-page AD header
2011-0248__AD_2011-0248_1__easa_ad_2011_0248_Superseded.pdf,2011-0248,2011-0248,2011-0248,True,1609b1a8ca66a44847694beb533d382daaeb227336b6f73ad3434f7f7c4c5dae,First-page AD header
2012-0005__AD_2012-0005_1__easa_ad_2012_0005.pdf,2012-0005,2012-0005,2012-0005,True,51612f8f7b6e9eeae2be6afbf592edce9c479fe26ca602cfcb6f43b17b450166,First-page AD header
2012-0006__AD_2012-0006_1__easa_ad_2012_0006.pdf,2012-0006,2012-0006,2012-0006,True,781e299be696baf35a3a65f160f4739f3a03bc14a30cfe6917d90105be6a4c07,First-page AD header
2012-0007R1__AD_2012-0007R1_1__easa_ad_2012_0007_R1.pdf,2012-0007R1,2012-0007,2012-0007R1,True,000a419c61724572ccf30b01bd212d21ec719cc9a5adc4ceaff99ca2213ee2c2,First-page AD header
2012-0008__AD_2012-0008_1__EASA_AD_2012_0008_superseded.pdf,2012-0008,2012-0008,2012-0008,True,c098f7194224d7c4d1de16dde49a8c20d9b6a7d21b92b250b0baf061ddec3e8f,First-page AD header
2012-0009__AD_2012-0009_1__easa_ad_2012_0009.pdf,2012-0009,2012-0009,2012-0009,True,273d15d886f1dedfa1e01e353b37df38eb5c2dbb7e0b8570b1300c02c47ed250,First-page AD header
2012-0010__AD_2012-0010_1__easa_ad_2012_0010_superseded.pdf,2012-0010,2012-0010,2012-0010,True,c3bbff25013d71d1fd832b52421ed7525e9af173d8897245b105058fdbb75d6e,First-page AD header
2012-0011__AD_2012-0011_1__easa_ad_2012_0011.pdf,2012-0011,2012-0011,2012-0011,True,45eb0e039f61f8ad2ba339283bb99eeb363878fd9462e556366bed67af696f29,First-page AD header
2012-0012__AD_2012-0012_1__EASA_AD_2012_0012_superseded.pdf,2012-0012,2012-0012,2012-0012,True,7c3536f1b8bf6f7f4751fd0ec16b36b80f368f24c3b754281c2a41877a82d82f,First-page AD header
2012-0013__AD_2012-0013_1__easa_ad_2012_0013_superseded.pdf,2012-0013,2012-0013,2012-0013,True,57cebd03e5d2075500a7c37281ed0a0dd089dbe1851596b4bc2d91f42527a8b5,First-page AD header
2012-0015__AD_2012-0015_2__easa_ad_2012_0015_superseded.pdf,2012-0015,2012-0015,2012-0015,True,75e01199344f271f6325c268e09743ef9574aaf45f68f856ffd4aceb0d28a9d0,First-page AD header
2012-0016R1__AD_2012-0016R1_1__easa_ad_2012_0016R1.pdf,2012-0016R1,2012-0016,2012-0016R1,True,bb29aeccf22674b92e9666783917b4edadbcc2e05c52e64de836c8ef3a6b94da,First-page AD header
2012-0017__AD_2012-0017_1__easa_ad_2012_0017.pdf,2012-0017,2012-0017,2012-0017,True,08a56170bbad8b8b55eda0019bd3b9677d877e1a60e632e1ec65b7f183a11fc6,First-page AD header
2012-0020__AD_2012-0020_1__easa_ad_2012_0020_superseded.pdf,2012-0020,2012-0020,2012-0020,True,f5a32eef5781bff7a21e8f3a96eb8a6dc911cde4df71b030756922117d6031f1,First-page AD header
2012-0021__AD_2012-0021_2__easa_ad_2012_0021_superseded.pdf,2012-0021,2012-0021,2012-0021,True,1644181a86fa603949a1f0db8bb2b9df628e472d61f5ddfceb40e96b37c3871a,First-page AD header
2012-0026__AD_2012-0026_1__easa_ad_2012_0026_superseded.pdf,2012-0026,2012-0026,2012-0026,True,1e42fcf414f936f5c735792d07d0494bd5415a80451e9e393976d560f9d63bd0,First-page AD header
2012-0028__AD_2012-0028_1__easa_ad_2012_0028_Superseded.pdf,2012-0028,2012-0028,2012-0028,True,a0529463aea8bcfa78b01e11213d21c2f8e6517afd4e3bc448f49c37d388560d,First-page AD header
2012-0031__AD_2012-0031_1__easa_ad_2012_0031_superseded.pdf,2012-0031,2012-0031,2012-0031,True,36cd2236a3fe7cdacabcfc06e07796c15256970ac5c47efb8553067ab9954803,First-page AD header
2012-0032R1__AD_2012-0032R1_1__EASA_AD_2012_0032_R1.pdf,2012-0032R1,2012-0032,2012-0032R1,True,538a75c1f6b83b02b867a8bb31ed29dbe61c525a47f97d6faf0e3c67de2c579d,First-page AD header
2012-0034R1__AD_2012-0034R1_2__EASA_AD_2012_0034_R1.pdf,2012-0034R1,2012-0034,2012-0034R1,True,3ce71e5c74de711d6820662db42149d5dee9fdee0649623c6ca824ee0215bfde,First-page AD header
2012-0042__AD_2012-0042_1__easa_ad_2012_0042.pdf,2012-0042,2012-0042,2012-0042,True,49206e91ddc5870af147cba8f29e16f2742abf202bf073346ff71816136010ec,First-page AD header
2012-0044__AD_2012-0044_1__easa_ad_2012_0044.pdf,2012-0044,2012-0044,2012-0044,True,753df0c9426a1e45b9f7d0a457a682e7267520cab165d6d4a9f83e8693459d2f,First-page AD header
2012-0048__AD_2012-0048_1__easa_ad_2012_0048.pdf,2012-0048,2012-0048,2012-0048,True,17c4b5b668474db1d275fd4e0f0da2e0e67128cc9f295a8dbd3eb545689df584,First-page AD header
2012-0052R1__AD_2012-0052R1_1__EASA_AD_20120052_R1_superseded.pdf,2012-0052R1,2012-0052,2012-0052R1,True,0a5316ad04b90c56f13abecc248a319f576e0e7890cc1f4fc0ba15bca152363f,First-page AD header
2012-0053R1__AD_2012-0053R1_1__EASA_AD_2012_0053_R1_superseded.pdf,2012-0053R1,2012-0053,2012-0053R1,True,a19a81a1245ee1258240ac0651a386ec3794fb92ca18b0286869c52db9d5de3a,First-page AD header
2012-0055R1__AD_2012-0055R1_1__easa_ad_2012_0055_R1_superseded.pdf,2012-0055R1,2012-0055,2012-0055R1,True,c0a144054aecb3add2916ebfe530878b8e2db4b94d63de3dabd94337e804f91b,First-page AD header
2012-0056__AD_2012-0056_1__easa_ad_2012_0056.pdf,2012-0056,2012-0056,2012-0056,True,2989a4c5c0f244c7e999f8c150a1e569ff7130c0051f4d153051336743d69bed,First-page AD header
2012-0061R1__AD_2012-0061R1_1__easa_ad_2012_0061_R1.pdf,2012-0061R1,2012-0061,2012-0061R1,True,e124bfecb5dfd94485bbf0c2ce14f2770a627dd92102e4134684808653e64ef6,First-page AD header
2012-0062__AD_2012-0062_1__easa_ad_2012_0062_superseded.pdf,2012-0062,2012-0062,2012-0062,True,32c59b609310c060fe80e3a705ae7f6efb779d2bc902c3bc4d83476578cba13e,First-page AD header
2012-0069__AD_2012-0069_1__easa_ad_2012_0069.pdf,2012-0069,2012-0069,2012-0069,True,68538d554fc4dcf94f79c5a584ff21ecf00ebf6c1ab3e3258b35e30ee3f10d03,First-page AD header
2012-0070__AD_2012-0070_1__easa_ad_2012_0070_Correction_superseded.pdf,2012-0070,2012-0070,2012-0070,True,1fab3af617352276433a4c91c711306ac0a6cd6133d572ef694e73856d71fe22,First-page AD header
2012-0078R2__AD_2012-0078R2_1__easa_ad_2012_0078_R2.pdf,2012-0078R2,2012-0078,2012-0078R2,True,7369f4ee3f75d2111c7af3119ab2b325eb55fce8725ad14658fc3238c3a068ec,First-page AD header
2012-0082__AD_2012-0082_1__easa_ad_2012_0082.pdf,2012-0082,2012-0082,2012-0082,True,cdacbbffe1fabcaf27fa3abc8375ac89aed602260f569486e92d39793f15728d,First-page AD header
2012-0083__AD_2012-0083_1__easa_ad_2012_0083_superseded.pdf,2012-0083,2012-0083,2012-0083,True,73b72035f0592a6fd1fb33f434ff41e367e6b9a03917066cad1e3408ad967af9,First-page AD header
2012-0088__AD_2012-0088_2__easa_ad_2012_0088_superseded.pdf,2012-0088,2012-0088,2012-0088,True,5890da0d0155e6bd3811ca0c2f1af3287c1f6b7461bd3050d88882dab73ab79c,Visually confirmed original first page; PDF text layer duplicates characters
2012-0089R1__AD_2012-0089R1_1__easa_ad_2012_0089_R1.pdf,2012-0089R1,2012-0089,2012-0089R1,True,f6c9b7d017e72e73d8cde22ccd19076c6f3dda6eb92e9ef7fd871510aeee6f53,First-page AD header
2012-0090__AD_2012-0090_1__easa_ad_2012_0090.pdf,2012-0090,2012-0090,2012-0090,True,17851becc5b5778d7b999ebda3beeb5c578774fff3ca412da8f85d2252a7f689,First-page AD header
2012-0091__AD_2012-0091_1__easa_ad_2012_0091.pdf,2012-0091,2012-0091,2012-0091,True,b93e0c3a816906032822b2e6ba11fd0b04fd8b810bbd78807753fa3fda2edf57,First-page AD header
2012-0092__AD_2012-0092_2__easa_ad_2012_0092_Correction_Superseded.pdf,2012-0092,2012-0092,2012-0092,True,61355b70f42d412d9607e0054b0a31c0d0e54181287552fbfcc19dbb7207e2bb,First-page AD header
2012-0094__AD_2012-0094_2__EASA_AD__2012_0094_superseded.pdf,2012-0094,2012-0094,2012-0094,True,d92076cd89444f103b4bccb9ef85bd9b174019440ee2bd31aa8787732a4e78d9,First-page AD header
2012-0096__AD_2012-0096_1__easa_ad_2012_0096.pdf,2012-0096,2012-0096,2012-0096,True,d87d30b6ff7641d490214794ffacc581404bd8c0df178261ef6768801469b72a,First-page AD header
2012-0100R3__AD_2012-0100R3_1__easa_ad_2012_0100_R3_superseded.pdf,2012-0100R3,2012-0100,2012-0100R3,True,848c2af9ffab39035078572584ae65160903f5373440b01124854765a0d07fa8,First-page AD header
2012-0101__AD_2012-0101_1__easa_ad_2012_0101.pdf,2012-0101,2012-0101,2012-0101,True,e256cda51e9639e027a037089ed636203827c1daf228418e696ef1acf2a26839,First-page AD header
2012-0102__AD_2012-0102_1__easa_ad_2012_0102.pdf,2012-0102,2012-0102,2012-0102,True,9518a434a2d64981720f63a854be55ffabbc2089a210c03f7289d4b6e912f0b0,First-page AD header
2012-0103__AD_2012-0103_1__easa_ad_2012_0103_Superseded.pdf,2012-0103,2012-0103,2012-0103,True,9ca8c479256d64eef3b6d993f96a8a043b00b5cc91092bad347e5e30e58ab84a,First-page AD header
2012-0105__AD_2012-0105_1__easa_ad_2012_0105.pdf,2012-0105,2012-0105,2012-0105,True,e6a47d7b1776f47c3feebfb5730faea98026c2e9bd8854ca3ba7ae8288af41b9,First-page AD header
2012-0114__AD_2012-0114_1__easa_ad_2012_0114.pdf,2012-0114,2012-0114,2012-0114,True,8b48c454e179a9061f858c9d4390846bfa47161338244e24b9636eba84ca3e68,First-page AD header
2012-0118__AD_2012-0118_1__EASA_AD_2012_0118_superseded.pdf,2012-0118,2012-0118,2012-0118,True,c0d4b6a3af215936c4b8b82e171aa70d02ea36eba96b80a715e41d9ae338da15,First-page AD header
2012-0119__AD_2012-0119_1__easa_ad_2012_0119.pdf,2012-0119,2012-0119,2012-0119,True,1e6a3f3220272e35fabacca7a1dc3d17e9057eee465a3d9e5d853fc8aa6bbf38,First-page AD header
2012-0122-CN__AD_2012-0122-CN_2__easa_ad_2012_0122_CN.pdf,2012-0122,2012-0122,2012-0122,True,b88ffd2854284a75898b163e7abb6ceb450186356a974b5e072eaf03b630d34f,First-page AD header
2012-0132R1__AD_2012-0132R1_1__easa_ad_2012_0132_R1.pdf,2012-0132R1,2012-0132,2012-0132R1,True,bfccded3ce02fe92253860f0ab994daa5cb27338ff32a219765aca1cd6c6d69f,First-page AD header
2012-0133__AD_2012-0133_1__easa_ad_2012_0133_superseded.pdf,2012-0133,2012-0133,2012-0133,True,01021395a967dcf9502bbd35fd4be6f27659d87514eefa08b78a7ce83852cebb,First-page AD header
2012-0134__AD_2012-0134_1__EASA_AD_2012_0134_superseded.pdf,2012-0134,2012-0134,2012-0134,True,492832ea0fa42e92c118e94c274c955b13643bdc52f8457904bef7d202953f5c,First-page AD header
2012-0135__AD_2012-0135_1__easa_ad_2012_0135.pdf,2012-0135,2012-0135,2012-0135,True,250418631f7eff166fdfa016eec13fe03b4b120df69758a1c4860c2b96b4e483,First-page AD header
2012-0138__AD_2012-0138_1__easa_ad_2012_0138.pdf,2012-0138,2012-0138,2012-0138,True,5314125e6a9347dd42b162e280be239a85e51d7bbc75ef695666ec8e9bdf2e49,First-page AD header
2012-0140__AD_2012-0140_2__easa_ad_2012_0140.pdf,2012-0140,2012-0140,2012-0140,True,f497d428fab3e951d12834cc438551921fbdb39c7e25a955c370dae1d985210c,First-page AD header
2012-0153__AD_2012-0153_1__easa_ad_2012_0153_superseded.pdf,2012-0153,2012-0153,2012-0153,True,f802db08b2c57a9791a1648caaf12fb9f080b6e4ba1bbc9b3d0e3c3d0b147c70,First-page AD header
2012-0165__AD_2012-0165_1__easa_ad_2012_0165.pdf,2012-0165,2012-0165,2012-0165,True,ce6dafd9c486aab7ca1ec87f5f0677a6c1010525701f250f5d94d7427ccfc031,First-page AD header
2012-0167__AD_2012-0167_2__easa_ad_2012_0167_superseded.pdf,2012-0167,2012-0167,2012-0167,True,66018b89776058de52f6b3f3823ea86a9d3280b69c99fd43f03f71de2c2ec47b,First-page AD header
2012-0168__AD_2012-0168_1__easa_ad_2012_0168_superseded.pdf,2012-0168,2012-0168,2012-0168,True,f48583ae9b8eb4315df08120c0a4192b9e84729e3433a45eb4c099cb63ac6c95,First-page AD header
2012-0172__AD_2012-0172_2__easa_ad_2012_0172.pdf,2012-0172,2012-0172,2012-0172,True,14f75e4c5bad4c5ed640897bc94edb7d098905b173d3dd7b06b906046ff88590,First-page AD header
2012-0175R2__AD_2012-0175R2_1__EASA_AD_2012_0175_R2_superseded.pdf,2012-0175R2,2012-0175,2012-0175R2,True,39f7f5de5a6846f202d1e2a36b9e21fcd9028852e2f7fa3131e0ec874bd98ae0,First-page AD header
2012-0176__AD_2012-0176_2__easa_ad_2012_0176_Correction.pdf,2012-0176,2012-0176,2012-0176,True,8e80033f71dbb09517623526cf3d9f9f02d9e05c9352e84c90d58ef593ec3f4c,First-page AD header
2012-0177__AD_2012-0177_1__easa_ad_2012_0177.pdf,2012-0177,2012-0177,2012-0177,True,094e9d849ce9321ab23ed790a98827ce907b56a11d3e327375972cddf3393c59,First-page AD header
2012-0179__AD_2012-0179_1__easa_ad_2012_0179_superseded.pdf,2012-0179,2012-0179,2012-0179,True,855000ae6494b1051a4e657b1a44de45076a8e7236212efb500f9eb0b88113a9,First-page AD header
2012-0182__AD_2012-0182_2__easa_ad_2012_0182.pdf,2012-0182,2012-0182,2012-0182,True,cb958ce0a0f9ebc0f6efe4b233a09a7fe35421424fcc625d0d93c603d39e8bf4,First-page AD header
2012-0188__AD_2012-0188_1__easa_ad_2012_0188.pdf,2012-0188,2012-0188,2012-0188,True,2bf1d94ebca6f6e49da6d37cacd48680101f6218a4c444edfda2758cc94016ef,First-page AD header
2012-0194__AD_2012-0194_2__easa_ad_2012_0194.pdf,2012-0194,2012-0194,2012-0194,True,7e39803cb37c4860af17efd6c00244642b2ad1686a0153dd5e12b5925d30f626,First-page AD header
2012-0198R1__AD_2012-0198R1_1__easa_ad_2012_0198_R1.pdf,2012-0198R1,2012-0198,2012-0198R1,True,ab5e661fc976f9bc4e455745cc93ac1eba01554afc4af063dc0086db5bce3bfe,First-page AD header
2012-0199__AD_2012-0199_1__easa_ad_2012_0199.pdf,2012-0199,2012-0199,2012-0199,True,118d5c212e17f1628ae3df48e12bcfc9644c3590ca314fa2b43bd02afa0546d7,First-page AD header
2012-0200R1__AD_2012-0200R1_1__easa_ad_2012_0200_R1.pdf,2012-0200R1,2012-0200,2012-0200R1,True,bb934cb61ba299b1adb3a3738a179a1f49d1c6d7a5b17bc35dbdbb682572118b,First-page AD header
2012-0203__AD_2012-0203_1__easa_ad_2012_0203.pdf,2012-0203,2012-0203,2012-0203,True,33d2351370223bd8d990633037b5fa2acd569dadb2f893e44348b05a7cfc7fcf,First-page AD header
2012-0210__AD_2012-0210_1__easa_ad_2012_0210.pdf,2012-0210,2012-0210,2012-0210,True,0ecad6f3f1fe33d145f8d6b5de47aa0920fd0687e261b2e3c625fe94993a1b64,First-page AD header
2012-0211__AD_2012-0211_2__easa_ad_2012_0211_superseded.pdf,2012-0211,2012-0211,2012-0211,True,8565c6e117f1f6970c015577fb85df41afe41b234ab74f6058eaa1113df59285,First-page AD header
2012-0214__AD_2012-0214_1__easa_ad_2012_0214_superseded.pdf,2012-0214,2012-0214,2012-0214,True,1cd2e7a7691d09d4168c7c66b133293afb5a81e9cc57481d7f4bc662b1add3fa,First-page AD header
2012-0221__AD_2012-0221_1__easa_ad_2012_0221.pdf,2012-0221,2012-0221,2012-0221,True,5bf6336ea1f342ffe147f08239d5112e5d7633908d416e2fccba3c6268a4d3d2,First-page AD header
2012-0222__AD_2012-0222_2__easa_ad_2012_0222.pdf,2012-0222,2012-0222,2012-0222,True,03dfc4f6c39aa69081237e7d7af6161838d35ac4f4e7fe7fe4b7857741eba888,First-page AD header
2012-0223__AD_2012-0223_1__easa_ad_2012_0223.pdf,2012-0223,2012-0223,2012-0223,True,cefe2dc088abfc945591e21107adff5c8156fa5fc34a6ec68cf7c0cf6e6b0a83,First-page AD header
2012-0224__AD_2012-0224_1__easa_ad_2012_0224_Correction.pdf,2012-0224,2012-0224,2012-0224,True,2959d21a83a808c8632084437b0cdebca33b64225a03760138efdf22b191f83f,First-page AD header
2012-0226__AD_2012-0226_1__easa_ad_2012_0226.pdf,2012-0226,2012-0226,2012-0226,True,cd628ef4f02dea7cf7b84194f9f0dc75ad8a3f7c1baf0e9006c2f2fce8430705,First-page AD header
2012-0229__AD_2012-0229_1__easa_ad_2012_0229.pdf,2012-0229,2012-0229,2012-0229,True,139f21d2298d7e6c805b1b2fe99763c8d9a20fe8e3eaeb994bb8a00d3d9862a3,First-page AD header
2012-0233__AD_2012-0233_1__easa_ad_2012_0233.pdf,2012-0233,2012-0233,2012-0233,True,ab067cb6052158a678228b03040228883720a72d5c2215838cdef0a73aff36de,First-page AD header
2012-0235__AD_2012-0235_2__easa_ad_2012_0235.pdf,2012-0235,2012-0235,2012-0235,True,430b14f014b619f5f4bb6ee5aa48240d16b807a72deab763581241d289b184e2,First-page AD header
2012-0236R1__AD_2012-0236R1_1__easa_ad_2012_0236_R1_superseded.pdf,2012-0236R1,2012-0236,2012-0236R1,True,91c96de036710e7d8edc89c0f7eb0129c3a893dd1756aa1f7bce342a1f5df359,First-page AD header
2012-0244R1__AD_2012-0244R1_1__easa_ad_2012_0244_R1_superseded.pdf,2012-0244R1,2012-0244,2012-0244R1,True,6aaa688e1f6f7926be84d25df480bd7f7f0750c9484ad2478c990f44fd145af9,First-page AD header
2012-0259__AD_2012-0259_1__easa_ad_2012_0259.pdf,2012-0259,2012-0259,2012-0259,True,dcf033fc02d9ff25cd44fb4ae129e9d2d9daa808af2b484c6748e329fa69d151,First-page AD header
2012-0267R3__AD_2012-0267R3_1__EASA_AD_2012_0267_R3.pdf,2012-0267R3,2012-0267,2012-0267R3,True,a8886fea3f29f7664c73b176d8c0a32caad97a54e301bc89f50ba01585fd7356,First-page AD header
2012-0271__AD_2012-0271_1__easa_ad_2012_0271.pdf,2012-0271,2012-0271,2012-0271,True,9e871bcdb216ddb6e0f7743758a555ce9bcb2ffdbf25a9a98259fa13a74e8f6a,First-page AD header
2012-0274__AD_2012-0274_1__easa_ad_2012_0274_superseded.pdf,2012-0274,2012-0274,2012-0274,True,2b28f916adae4331b1f18329fa5c762fc6a9901b229830d21bbf228a52fb84c4,First-page AD header
2013-0005__AD_2013-0005_1__easa_ad_2013_0005.pdf,2013-0005,2013-0005,2013-0005,True,1fe705fda59ac65ee693a71c21d5c34e260b4118a1066dc5af2a4ad9545292e1,First-page AD header
2013-0006__AD_2013-0006_2__easa_ad_2013_0006.pdf,2013-0006,2013-0006,2013-0006,True,098a2b93455c0788238328b6cb24802aaa573238fbdd84b094083db3b19e1a57,First-page AD header
2013-0008R1__AD_2013-0008R1_1__easa_ad_2013_0008_R1_superseded.pdf,2013-0008R1,2013-0008,2013-0008R1,True,d2e33ac515e6ce1e4fe08df0194255b65effda9db5b097527cd6ff6de0fd5eb0,First-page AD header
2013-0011__AD_2013-0011_1__easa_ad_2013_0011.pdf,2013-0011,2013-0011,2013-0011,True,43f6b5ed0090e9ad4b974b38523a3eb53c1731b0d52aa54663c63a2d01de5c48,First-page AD header
2013-0013R1__AD_2013-0013R1_2__easa_ad_2013_0013_R1.pdf,2013-0013R1,2013-0013,2013-0013R1,True,81a149ddc0a3ce4a85c1bd6d5e4cd567fc2a333f7ab243d93fc4d241f4534728,First-page AD header
2013-0014__AD_2013-0014_1__easa_ad_2013_0014_superseded.pdf,2013-0014,2013-0014,2013-0014,True,8d5e824783598a004855dce291024077d86c9d3ba73ed19304710363cad84cb5,First-page AD header
2013-0016__AD_2013-0016_1__easa_ad_2013_0016.pdf,2013-0016,2013-0016,2013-0016,True,2a05267166d970a1cc0043e6dcabfc2ae23b3880602dc6212bde1cc0eaca5c2d,First-page AD header
2013-0021__AD_2013-0021_1__easa_ad_2013_0021_superseded.pdf,2013-0021,2013-0021,2013-0021,True,2ba09c79935e68799c07e8e2b0319c3f92e0afee7b2d782a7b7bb6eb996254ed,First-page AD header
2013-0022__AD_2013-0022_2__easa_ad_2013_0022_superseded.pdf,2013-0022,2013-0022,2013-0022,True,a7409496431a084243a39590e7d0dc25f84ca6e9b594eeed30f349e7797ab365,First-page AD header
2013-0023__AD_2013-0023_1__easa_ad_2013_0023_superseded.pdf,2013-0023,2013-0023,2013-0023,True,ae011b436f2592d119f62f4caeeb0e4242e2f0265500281426fe76c08bfdaa88,First-page AD header
2013-0024__AD_2013-0024_1__easa_ad_2013_0024_superseded.pdf,2013-0024,2013-0024,2013-0024,True,ec38ab0292adfad9d0f9e6d5afe514acd18035de49d1c68dcd10edf5135de24a,First-page AD header
2013-0033__AD_2013-0033_1__easa_ad_2013_0033_superseded.pdf,2013-0033,2013-0033,2013-0033,True,dca60400c26d96dec569936367d0fa44ff89a48d87b53a73efecdd843cad90aa,First-page AD header
2013-0039__AD_2013-0039_1__easa_ad_2013_0039.pdf,2013-0039,2013-0039,2013-0039,True,d3ece1b534b134bf150cfe6e24a888c0feed300418075039f9af8484bd0e1867,First-page AD header
2013-0046__AD_2013-0046_1__easa_ad_2013_0046.pdf,2013-0046,2013-0046,2013-0046,True,346c3cf5069ed1edf3aabbb84cde460a10573453f17512b83afba009fc897393,First-page AD header
2013-0048__AD_2013-0048_1__easa_ad_2013_0048.pdf,2013-0048,2013-0048,2013-0048,True,6fb0cae73fd91249e3ac092096cc9fb2523100a99c7341a3f09baeb17fcc9074,First-page AD header
2013-0050__AD_2013-0050_1__easa_ad_2013_0050_superseded.pdf,2013-0050,2013-0050,2013-0050,True,f7978231f8223fae202a65605a4bb27bf3c04da8ff7cbd3fd33a1a5a937c7ddc,First-page AD header
2013-0056__AD_2013-0056_1__easa_ad_2013_0056_Correction.pdf,2013-0056,2013-0056,2013-0056,True,250f8563af0bc498cf7236d26264c1dfe72e37f72ff5ce100d16070e2abc960c,First-page AD header
2013-0058__AD_2013-0058_2__easa_ad_2013_0058.pdf,2013-0058,2013-0058,2013-0058,True,d8f7ef6fc4dbb1f6c3f3d308e88c5434658758ebf5431c513aee056f582e3160,First-page AD header
2013-0063__AD_2013-0063_1__easa_ad_2013_0063.pdf,2013-0063,2013-0063,2013-0063,True,9dd36bd19b3507452d1250ed47d59554ff2022fa76cef6fba91c5a14082e14f5,First-page AD header
2013-0066__AD_2013-0066_2__easa_ad_2013_0066.pdf,2013-0066,2013-0066,2013-0066,True,1f6145c977105adf56917062f4223902d6a0a9169e3ed210c76ce7399bf11e35,First-page AD header
2013-0067__AD_2013-0067_1__easa_ad_2013_0067_superseded.pdf,2013-0067,2013-0067,2013-0067,True,48653c5a716f2f38736582449f3d80f3a8f44dd24d10f7c3fb7929f80b77e8fe,First-page AD header
2013-0068__AD_2013-0068_1__easa_ad_2013_0068.pdf,2013-0068,2013-0068,2013-0068,True,5a3b86efff4794adada31c5259437a891e5566b5dcb4b038f1842c488f47b6ed,First-page AD header
2013-0072__AD_2013-0072_1__EASA_AD_2013-0072_superseded.pdf,2013-0072,2013-0072,2013-0072,True,c1960dbf1c058c9da92555ee2ab230c59e93c4be2fd2d27ce531e28db2287905,First-page AD header
2013-0074__AD_2013-0074_1__easa_ad_2013_0074_superseded.pdf,2013-0074,2013-0074,2013-0074,True,e2033366043b9a4950e0458833526fa891a491a39345fb9dc1648fc951cfefbb,First-page AD header
2013-0075__AD_2013-0075_1__easa_ad_2013_0075_superseded.pdf,2013-0075,2013-0075,2013-0075,True,dac2842795876e3174fb68a712ebcbd50c83465f19d0ce6acdab7e2828e48966,First-page AD header
2013-0076__AD_2013-0076_1__easa_ad_2013_0076_superseded.pdf,2013-0076,2013-0076,2013-0076,True,c998633626127df1103f7c0c4eedb4359d582a35b466aa9efabc7bfb27c5cf4f,First-page AD header
2013-0089R1__AD_2013-0089R1_1__easa_ad_2013_0089_R1.pdf,2013-0089R1,2013-0089,2013-0089R1,True,ea0bc68cbf202c0b63ab9994c9f998ca9f687168b40d2b9f1836f14492c3e8a8,First-page AD header
2013-0092__AD_2013-0092_1__easa_ad_2013_0092_superseded.pdf,2013-0092,2013-0092,2013-0092,True,396d1831fe17e2c41fcb063a6ed41c44c20eb56afeb2f5aa4f8e395a33e410ff,First-page AD header
2013-0094__AD_2013-0094_1__EASA_AD_2013_0094_superseded.pdf,2013-0094,2013-0094,2013-0094,True,4a6a542638320f302cd5f3aa2f83d52c8e5040ec6cf74ee18233587a80610035,First-page AD header
2013-0099__AD_2013-0099_1__easa_ad_2013_0099.pdf,2013-0099,2013-0099,2013-0099,True,490bd29b03e5a5eabe12cc2351a9dafcd81808873ec52d731d017b874b1b690d,First-page AD header
2013-0101__AD_2013-0101_1__easa_ad_2013_0101.pdf,2013-0101,2013-0101,2013-0101,True,abbca3488aff74dc2ac0ce608b5021cf347552c43a91c630478b1e4d5237dffa,First-page AD header
2013-0106__AD_2013-0106_1__easa_ad_2013_0106.pdf,2013-0106,2013-0106,2013-0106,True,029666b73a45ad335a2f882db658416ac7a953d5839d1e0a41e711ea48ed5507,First-page AD header
2013-0107__AD_2013-0107_1__easa_ad_2013_0107.pdf,2013-0107,2013-0107,2013-0107,True,66883c66d29b470de2120f87057a05dd16886454f9aa72e2ce537041e4aa6ce9,First-page AD header
2013-0108R3__AD_2013-0108R3_1__EASA_AD_2013_0108_R3.pdf,2013-0108R3,2013-0108,2013-0108R3,True,7a8ce9f28c21682782b69b5ccc1fe8c7584cb5166ff73f2ac467bc0bbcbbeb70,First-page AD header
2013-0116__AD_2013-0116_1__easa_ad_2013_0116.pdf,2013-0116,2013-0116,2013-0116,True,3368aee8717f46c6fd43a3f60f9e5cb05aaeac1c2fcd3f15b40fd2102980cc7b,First-page AD header
2013-0122__AD_2013-0122_1__easa_ad_2013_0122_superseded.pdf,2013-0122,2013-0122,2013-0122,True,6bc26c714a7af12c253007f727e952876d7826bc6070389045f9478e7821cc72,First-page AD header
2013-0127__AD_2013-0127_2__easa_ad_2013_0127_superseded.pdf,2013-0127,2013-0127,2013-0127,True,3854abd8e78a479946e1bb6aa448a75986386bad178bfdc55c21c398122a0212,First-page AD header
2013-0129__AD_2013-0129_1__easa_ad_2013_0129.pdf,2013-0129,2013-0129,2013-0129,True,30fc94a1bd9a13179786c8cc5998165f1d4f3b4ec0d41720d3aaf31c7b15347c,First-page AD header
2013-0136R1__AD_2013-0136R1_1__easa_ad_2013_0136_R1.pdf,2013-0136R1,2013-0136,2013-0136R1,True,13612b5476e9e7a50c3adfdb232827174e3358f5ff34efbdc7775cccbf3e860d,First-page AD header
2013-0137__AD_2013-0137_1__easa_ad_2013_0137.pdf,2013-0137,2013-0137,2013-0137,True,7d36151622fd44f99be4e3ea199f5734e1748f11308ecbd2c0549e862915db8b,First-page AD header
2013-0144R1__AD_2013-0144R1_1__easa_ad_2013_0144_R1_superseded.pdf,2013-0144R1,2013-0144,2013-0144R1,True,2b478e9299b5e462800d6c3d5deb1091d9c83c279b1981eedd5395b86b4f7360,First-page AD header
2013-0146__AD_2013-0146_1__EASA_AD_2013_0146_superseded.pdf,2013-0146,2013-0146,2013-0146,True,42decf87a99ffd6d2caf72cd26a73118e8153b49a69d8f8516cc169733a7f7cb,First-page AD header
2013-0147__AD_2013-0147_1__easa_ad_2013_0147_superseded.pdf,2013-0147,2013-0147,2013-0147,True,9019d2abaf82b7bff067feeaca93794449ee8a0903e782fc625fba6b1030b116,First-page AD header
2013-0148__AD_2013-0148_2__EASA_AD_2013_0148_superseded.pdf,2013-0148,2013-0148,2013-0148,True,7c6c3c46daf5c43a60fa9d1fb15283383554af983b136d5710dc91f894fedfc9,First-page AD header
2013-0149__AD_2013-0149_1__easa_ad_2013_0149.pdf,2013-0149,2013-0149,2013-0149,True,9fc5f0db3f06983c7bc8ba1f5946db91e98ff496565a114237735b497fb81529,First-page AD header
2013-0150R1__AD_2013-0150R1_1__EASA_AD_2013_0150_R1.pdf,2013-0150R1,2013-0150,2013-0150R1,True,53ac4e376b247360cc8234ac41b0ce04a04220c03b4a3155aa50f299e634ec63,First-page AD header
2013-0153__AD_2013-0153_1__easa_ad_2013_0153_superseded.pdf,2013-0153,2013-0153,2013-0153,True,cdd984b497f8e0c18e3f34cdbd0a413deeed406439eb0d4d4cd09f85c38a894d,First-page AD header
2013-0158__AD_2013-0158_1__easa_ad_2013_0158.pdf,2013-0158,2013-0158,2013-0158,True,23f8515d4376d4d35d24c595c9d07e500e319943f0fddddbbcb245d7e4a0b691,First-page AD header
2013-0160__AD_2013-0160_1__easa_ad_2013_0160.pdf,2013-0160,2013-0160,2013-0160,True,2d9c1f50de179b6748dd10f343c2279c3dc0a728076dfc08360cd21a79e81e5b,First-page AD header
2013-0161__AD_2013-0161_1__easa_ad_2013_0161.pdf,2013-0161,2013-0161,2013-0161,True,048996631fc9ed04c1bbe6d699ecc757d376ea4572819d9124f2d6733e2b7d52,First-page AD header
2013-0163__AD_2013-0163_1__easa_ad_2013_0163_superseded.pdf,2013-0163,2013-0163,2013-0163,True,df45e06731f37ca5f0122dacc67e70e04fed7bd3a9a17ab218eeb1066c39d0ac,First-page AD header
2013-0164__AD_2013-0164_1__easa_ad_2013_0164.pdf,2013-0164,2013-0164,2013-0164,True,38ffd4521a6c06dd4c66d734e4e2853ab51c96211ffb140b47b5f1c613e1959c,First-page AD header
2013-0165__AD_2013-0165_1__easa_ad_2013_0165.pdf,2013-0165,2013-0165,2013-0165,True,0813889fbd2fa673bef51669e1056aaf8260fcb86a4738bbdc914134c082b181,First-page AD header
2013-0167__AD_2013-0167_2__easa_ad_2013_0167.pdf,2013-0167,2013-0167,2013-0167,True,1ed73c9234bcbef6394a14cffee2afec8b105e0391c3333bb90643a4ad2c6872,First-page AD header
2013-0169__AD_2013-0169_1__easa_ad_2013_0169.pdf,2013-0169,2013-0169,2013-0169,True,3dedc23ba3b3d1cbc3b9e50b5c85106e74031210e5224cd12b8554f273bb22cb,First-page AD header
2013-0175__AD_2013-0175_1__easa_ad_2013_0175.pdf,2013-0175,2013-0175,2013-0175,True,ad2aac4beb36c4468fcd57de72c0ed4a04057287f4cc2797d26e36ad8e128cdc,First-page AD header
2013-0179__AD_2013-0179_1__easa_ad_2013_0179.pdf,2013-0179,2013-0179,2013-0179,True,3c6dbbc27a70f7ae56c98dc3a04e0803d91620c09b171cd53c8b28a0ef7424bf,First-page AD header
2013-0180__AD_2013-0180_1__easa_ad_2013_0180.pdf,2013-0180,2013-0180,2013-0180,True,b90f1e68b6a3d003ecdcc4010aada8d4aa9bb09170a6ff9ef6325bb8db5e53b9,First-page AD header
2013-0181R1__AD_2013-0181R1_1__easa_ad_2013_0181_R1.pdf,2013-0181R1,2013-0181,2013-0181R1,True,a6ce5a95ba1c5f1089c99385e9ed0f3cb81664dd5587a20266ee86f9556b9a64,First-page AD header
2013-0184R2__AD_2013-0184R2_1__EASA_AD_2013_0184_R2.pdf,2013-0184R2,2013-0184,2013-0184R2,True,6580bb86155aa657f05f6579c6e65f4b45eff9b6a0887d9529c35579a4a0a776,First-page AD header
2013-0188__AD_2013-0188_1__easa_ad_2013_0188.pdf,2013-0188,2013-0188,2013-0188,True,b3f9f49b456c050e9572068faf06df12d882bc630a09e9242f89972872dad748,First-page AD header
2013-0193__AD_2013-0193_2__easa_ad_2013_0193.pdf,2013-0193,2013-0193,2013-0193,True,447fa1c896591f588dbca70c0c080f6f51667b90e404fccfaedc0986da499bd1,First-page AD header
2013-0196R1__AD_2013-0196R1_1__EASA_AD_2013_0196_R1.pdf,2013-0196R1,2013-0196,2013-0196R1,True,5e445a686379127271a478ad8f1a61e2e278c50269e90645c0968dbb5f006630,First-page AD header
2013-0198R1__AD_2013-0198R1_2__easa_ad_2013_0198_R1_Correction.pdf,2013-0198R1,2013-0198,2013-0198R1,True,66b348e21ff68651e6770a611e17ddce6a9e05e5b2a47d97d3e8cd9c8eac32f4,First-page AD header
2013-0201__AD_2013-0201_1__EASA_AD_2013_0201_cancelled.pdf,2013-0201,2013-0201,2013-0201,True,e5412012ed9ddb6872d9626b4169d26b2db9d2a8d97a966b1fc59e3b9d05b0db,First-page AD header
2013-0202__AD_2013-0202_1__easa_ad_2013_0202.pdf,2013-0202,2013-0202,2013-0202,True,4fc5a2eab73128d4b16fefd1ef7cc681f3343a6d87d9ed4707bf7874f9d965c7,First-page AD header
2013-0203__AD_2013-0203_1__easa_ad_2013_0203.pdf,2013-0203,2013-0203,2013-0203,True,1bbecc074683ca461511412464ac8f1a6adc91bd786c84b97e16850543609197,First-page AD header
2013-0204__AD_2013-0204_1__easa_ad_2013_0204.pdf,2013-0204,2013-0204,2013-0204,True,17a1eb98252315cb303708e2d1a2858a2e7cab57ac4c183cc4a43d8a32d62fa6,First-page AD header
2013-0210__AD_2013-0210_1__easa_ad_2013_0210_superseded.pdf,2013-0210,2013-0210,2013-0210,True,1153c29a2d7f653b4faead035f838d3c7af4b937a939f42ef684f4582f9a58fa,First-page AD header
2013-0216__AD_2013-0216_1__easa_ad_2013_0216.pdf,2013-0216,2013-0216,2013-0216,True,0c9f17a5692ed7338028d439d6acfe437166d17c826a2e4eb912cd6eff20375e,First-page AD header
2013-0219__AD_2013-0219_1__easa_ad_2013_0219_superseded.pdf,2013-0219,2013-0219,2013-0219,True,0621917643062eea8580fa6b6422e706f24099c68aa223a2d181065d4045fe7f,First-page AD header
2013-0220__AD_2013-0220_1__easa_ad_2013_0220.pdf,2013-0220,2013-0220,2013-0220,True,6c3bf8a9cc4ab0ca191f4d3307f06c30d4b30befd1ec84f253848bc4dcc6485c,First-page AD header
2013-0221__AD_2013-0221_1__easa_ad_2013_0221.pdf,2013-0221,2013-0221,2013-0221,True,1a739b6bf80a4b2d3211aeb8404732f6c124aeaeee51009993d629c42cd13966,First-page AD header
2013-0226__AD_2013-0226_1__easa_ad_2013_0226_superseded.pdf,2013-0226,2013-0226,2013-0226,True,62073ab00b630f302c1ebc135032e908f6491604e23189b319fd151b82a13a55,First-page AD header
2013-0230__AD_2013-0230_2__easa_ad_2013_0230.pdf,2013-0230,2013-0230,2013-0230,True,59bf593998fbccaaf6d64b24b13b828e41d1cfdd0ab6871b098de5c6bff1eb6b,First-page AD header
2013-0232R1__AD_2013-0232R1_1__easa_ad_2013_0232R1.pdf,2013-0232R1,2013-0232,2013-0232R1,True,1e98edbdbf808db45ee88587e8ebee7c8253c53a8f6afee638610a06b5318940,First-page AD header
2013-0233__AD_2013-0233_1__easa_ad_2013_0233.pdf,2013-0233,2013-0233,2013-0233,True,d8d98b7ae312da17b408637eb391c476dd6f0c405ed6387a1be519a260fb4730,First-page AD header
2013-0234R2__AD_2013-0234R2_1__easa_ad_2013_0234_R2.pdf,2013-0234R2,2013-0234,2013-0234R2,True,229ea53cfbd154f681361497f182ce9e07b353ca8fd9c10e86054e4a6484f416,First-page AD header
2013-0241__AD_2013-0241_1__easa_ad_2013_0241.pdf,2013-0241,2013-0241,2013-0241,True,7dcec27a9d4c5c395bfaafa31d0919743bac99f24cb80b1b9d7b3003516a048a,First-page AD header
2013-0245__AD_2013-0245_1__easa_ad_2013_0245_superseded.pdf,2013-0245,2013-0245,2013-0245,True,c3524b64496db9dbeda4cc35eadc7b35d85c43740bd0102bb63b90322cc380ff,First-page AD header
2013-0247__AD_2013-0247_1__easa_ad_2013_0247.pdf,2013-0247,2013-0247,2013-0247,True,20635845ad1bf01a53d5816e26961bf9a028b424ee98f99671e31db3c43b9701,First-page AD header
2013-0248__AD_2013-0248_1__easa_ad_2013_0248_superseded.pdf,2013-0248,2013-0248,2013-0248,True,e79583d701dd297cdc305d98869908e3908bc1f98de016ffab6210619867bb23,First-page AD header
2013-0250R1__AD_2013-0250R1_1__easa_ad_2013_0250_R1_superseded.pdf,2013-0250R1,2013-0250,2013-0250R1,True,4c3a2d1b78561862c77556a6db46d027a14ecb99306c356a612a5863e6620ed2,First-page AD header
2013-0251-CN__AD_2013-0251-CN_1__EASA_AD_2013_0251_CN.pdf,2013-0251,2013-0251,2013-0251,True,41bd974b3b2942f015c935f3e76de258b6cd3a35e37788b778e6a8dc05b05c0b,First-page AD header
2013-0256__AD_2013-0256_1__easa_ad_2013_0256.pdf,2013-0256,2013-0256,2013-0256,True,fde084ec253a11904c070bbc24d7df0c2e80bc6991c65e4772f6b92eaa25b705,First-page AD header
2013-0257__AD_2013-0257_2__easa_ad_2013_0257.pdf,2013-0257,2013-0257,2013-0257,True,91faf9e3a55abe233f67efeaa6e85e7f1ea7a870484aa93019f9c49cd7245d7d,First-page AD header
2013-0261__AD_2013-0261_1__EASA_AD_2013_0261_superseded.pdf,2013-0261,2013-0261,2013-0261,True,1f358f7c941b0ad2a142462e177f9ba9558cb0cbca6eee5e53bf1c62eb62d3ab,First-page AD header
2013-0266R1__AD_2013-0266R1_1__easa_ad_2013_0266_R1.pdf,2013-0266R1,2013-0266,2013-0266R1,True,c01ef04d59d26c8e6a3221a5d0c3916680df751fab2103ba014bf315e311fef6,First-page AD header
2013-0267R1__AD_2013-0267R1_1__easa_ad_2013_0267_R1_Correction.pdf,2013-0267R1,2013-0267,2013-0267R1,True,20e8047499257de2ad654d8fa7735e15938b6639c2f70d4f7f1ea3dd114925cb,First-page AD header
2013-0268__AD_2013-0268_2__easa_ad_2013_0268_superseded.pdf,2013-0268,2013-0268,2013-0268,True,fd7cf3d17726c16871b377c0478d3a7d9f73eea7efba2b820522281dc3b0aad8,First-page AD header
2013-0269__AD_2013-0269_1__easa_ad_2013_0269_superseded.pdf,2013-0269,2013-0269,2013-0269,True,b1f2e5e7c3765a98d6b634cffc12635f56ece1aeeee488e0eebacc871ae9db2c,First-page AD header
2013-0270R1__AD_2013-0270R1_1__easa_ad_2013_0270_R1.pdf,2013-0270R1,2013-0270,2013-0270R1,True,f64672254b4deb47885eacfe47e708d2929977566ac21fafdcf73ecf43f5e651,First-page AD header
2013-0271__AD_2013-0271_1__EASA_AD_2013_0271_superseded.pdf,2013-0271,2013-0271,2013-0271,True,d25fa7458c7df5f7decb9eb7603096291bbc5b702b2f14ebcf30f21923fabb26,First-page AD header
2013-0272__AD_2013-0272_1__easa_ad_2013_0272.pdf,2013-0272,2013-0272,2013-0272,True,999e71b1f06feb005c2245915af2a1a1ed33ac84363688d84e8f3e245d750f94,First-page AD header
2013-0274__AD_2013-0274_2__easa_ad_2013_0274.pdf,2013-0274,2013-0274,2013-0274,True,425a18d04a7c1e272e733040d46abe455f7b1201be811d48a8ff4991ed782c11,First-page AD header
2013-0277R1__AD_2013-0277R1_1__easa_ad_2013_0277_R1.pdf,2013-0277R1,2013-0277,2013-0277R1,True,2fe78161c538845de24ca4efe8fcf688a0db0468ba87f9553755bafed08ff520,First-page AD header
2013-0278__AD_2013-0278_1__easa_ad_2013_0278_superseded.pdf,2013-0278,2013-0278,2013-0278,True,314ac143f28d5c34a784c3a6619139b7719dc9b8a0aad83f634edc89b0e74b19,First-page AD header
2013-0283R1__AD_2013-0283R1_1__easa_ad_2013_0283_R1_Correction.pdf,2013-0283R1,2013-0283,2013-0283R1,True,5a92718170184ba9bd7ee551eb8d8a728e9c2aba9fa2c5a7a513074db5a530e7,First-page AD header
2013-0285__AD_2013-0285_1__easa_ad_2013_0285.pdf,2013-0285,2013-0285,2013-0285,True,022dfa28d72ce6c7faa5a2f177360a2349b0bbf822508b70aa63d90d2c0c57b6,First-page AD header
2013-0286R1__AD_2013-0286R1_2__easa_ad_2013_0286_R1.pdf,2013-0286R1,2013-0286,2013-0286R1,True,bc1718eefe3b9b032087db8f4d4201b2be3c825053d085e593dd1aee83cbbae9,First-page AD header
2013-0288__AD_2013-0288_1__easa_ad_2013_0288_superseded.pdf,2013-0288,2013-0288,2013-0288,True,4808aa148ba0000d6ddca5555ad40fc521b3115d23af3a3a63b60d643e057108,First-page AD header
2013-0291__AD_2013-0291_1__easa_ad_2013_0291.pdf,2013-0291,2013-0291,2013-0291,True,110b87bb58bd36a8b09a76598a6ce47a49f6d2d908f8ed9c52f12cfd34861106,First-page AD header
2013-0292__AD_2013-0292_1__easa_ad_2013_0292.pdf,2013-0292,2013-0292,2013-0292,True,efdd30015cce70ef4746f89af8beda66f5a2013334562bc4f8eff4af1f775089,First-page AD header
2013-0295__AD_2013-0295_1__easa_ad_2013_0295_superseded.pdf,2013-0295,2013-0295,2013-0295,True,22362187a84564e1e7ccb91458b564b78fe189fefee0eb04191be2f3f846ffde,First-page AD header
2013-0297__AD_2013-0297_1__easa_ad_2013_0297.pdf,2013-0297,2013-0297,2013-0297,True,f2207b02ec214a73d6d15b4dfa959f1437597654f4958ecc32af5bba72f45eeb,First-page AD header
2013-0302__AD_2013-0302_2__easa_ad_2013_0302.pdf,2013-0302,2013-0302,2013-0302,True,66b4e3c2b12057d0ea02cae9553c728da431a3388a4a1b79ae23ba9938f66d1b,First-page AD header
2013-0309__AD_2013-0309_1__easa_ad_2013_0309_superseded.pdf,2013-0309,2013-0309,2013-0309,True,bc646c6438bbf08940180aec5e6b8f54fedb637db820f05186f7818eb71e31ff,First-page AD header
2013-0310__AD_2013-0310_1__EASA_AD_2013_0310_superseded.pdf,2013-0310,2013-0310,2013-0310,True,d513e1734288385839b01b09f9b1690f5140cce79e1afeb13fc462695703cd6d,First-page AD header
2014-0009__AD_2014-0009_1__easa_ad_2014_0009_superseded.pdf,2014-0009,2014-0009,2014-0009,True,9292aa765b5be9aeaee7b411b01a9e5fc0b4e34264d0a6c49b5e5f6489c19f34,First-page AD header
2014-0010R1__AD_2014-0010R1_1__easa_ad_2014_0010_R1.pdf,2014-0010R1,2014-0010,2014-0010R1,True,8f41d0674ceaeaf5eef0b41e1ab5bbd9d7b91620b7690b5372470fc82cd7803b,First-page AD header
2014-0011R1__AD_2014-0011R1_1__easa_ad_2014_0011_R1_superseded.pdf,2014-0011R1,2014-0011,2014-0011R1,True,cea2656513a2bffdf6bf86371d2d5963cdc58d073f277e69d5866d0520f4040b,First-page AD header
2014-0012R1__AD_2014-0012R1_1__easa_ad_2014_0012_R1_superseded.pdf,2014-0012R1,2014-0012,2014-0012R1,True,1d6ee4d423203c0899c8a03c491261e15bd7467048f2bc7a2aca81b880793b46,First-page AD header
2014-0014__AD_2014-0014_1__easa_ad_2014_0014.pdf,2014-0014,2014-0014,2014-0014,True,36b404c4a553fdf93ad7c000d08211f6c0b5983c6285ce29b73221e2bf66bfa5,First-page AD header
2014-0016R6__AD_2014-0016R6_1__EASA_AD_2014_0016_R6.pdf,2014-0016R6,2014-0016,2014-0016R6,True,8007fa4330c8c09e3e96a9c5a361231b137a409787c7032fcd306e9cfb12dee9,First-page AD header
2014-0017__AD_2014-0017_1__easa_ad_2014_0017.pdf,2014-0017,2014-0017,2014-0017,True,11b0bd325652f9210858a7efbff98c656ce16f8359769c4fb21eba15094bf07f,First-page AD header
2014-0018R1__AD_2014-0018R1_2__easa_ad_2014_0018_R1_Correction.pdf,2014-0018R1,2014-0018,2014-0018R1,True,bd6f12addd5fcb9958f57f2e55ad56ce1c58a1f7f3b32a7d484f3038f084a826,First-page AD header
2014-0025R1__AD_2014-0025R1_1__easa_ad_2014_0025_R1.pdf,2014-0025R1,2014-0025,2014-0025R1,True,2b5f172245dd58522659e3ea3063dce94f5dedbe732f4dfbdd701582969081c1,First-page AD header
2014-0026__AD_2014-0026_1__easa_ad_2014_0026.pdf,2014-0026,2014-0026,2014-0026,True,beb489fa2838fd445e644a746b69dbc2fc0c511dc67a1b584c4434f4e6a2a495,First-page AD header
2014-0033__AD_2014-0033_1__easa_ad_2014_0033.pdf,2014-0033,2014-0033,2014-0033,True,8f7c62c008fea00b4dac008492f630cd6bc25b1c2b2a61c64b0ee19f86b0d28c,First-page AD header
2014-0034__AD_2014-0034_1__easa_ad_2014_0034_superseded.pdf,2014-0034,2014-0034,2014-0034,True,7329da4106ad79c9debda460ce57de2c1e02848c7668a131f4aa0cf109d9682a,First-page AD header
2014-0041__AD_2014-0041_1__easa_ad_2014_0041.pdf,2014-0041,2014-0041,2014-0041,True,ea20c47f55173099d087ced6e7996d3cd2c63c03bbab5a1bc9438b7c0b8e79ce,First-page AD header
2014-0045__AD_2014-0045_1__easa_ad_2014_0045_Correction.pdf,2014-0045,2014-0045,2014-0045,True,f9732820a4ba78ac4282be5981740cfbdb2aca1379ba500d21a4f4520cbf8bc3,First-page AD header
2014-0049R2__AD_2014-0049R2_1__EASA_AD_2014_0049_R2.pdf,2014-0049R2,2014-0049,2014-0049R2,True,a4e1fd18227ee28494ecdf7be44454726535c537c1a93b33fb9323f6fdafe689,First-page AD header
2014-0050R1__AD_2014-0050R1_1__easa_ad_2014_0050_R1.pdf,2014-0050R1,2014-0050,2014-0050R1,True,a960c537c12e93c5c54fb4bbf6d449b382979f9ee20d559677d10eba5ce755d5,First-page AD header
2014-0053__AD_2014-0053_1__easa_ad_2014_0053.pdf,2014-0053,2014-0053,2014-0053,True,5f45c3f1d7bdb0b485ddc3ecdad264058ee4945f9a7a91288a3b986a41027696,First-page AD header
2014-0058__AD_2014-0058_1__easa_ad_2014_0058_superseded.pdf,2014-0058,2014-0058,2014-0058,True,3823f652c0763616d2a3493b8d63357a1a65c1cbfbed2a7bdfeff0462961d6e0,First-page AD header
2014-0062__AD_2014-0062_1__easa_ad_2014_0062.pdf,2014-0062,2014-0062,2014-0062,True,7ef7267c79cd35156c742bc7494f80e0dc29f405897eb9a8f708581309434eea,First-page AD header
2014-0064__AD_2014-0064_1__easa_ad_2014_0064.pdf,2014-0064,2014-0064,2014-0064,True,2966cb7101bf0f5ed6de1c47f5b3d61284c2c2f650686f32f2b1ebacf7e9f992,First-page AD header
2014-0065__AD_2014-0065_1__easa_ad_2014_0065.pdf,2014-0065,2014-0065,2014-0065,True,966011863e66e20095eca40f6b78a31d2038daef122bcc2440a5d5492f301ffc,First-page AD header
2014-0066__AD_2014-0066_1__easa_ad_2014_0066_Correction_superseded.pdf,2014-0066,2014-0066,2014-0066,True,c7475f7933eb4d204d6e6d5e4d5a8d152b9ad9b626dba97d54d203be44e766cf,First-page AD header
2014-0068R2__AD_2014-0068R2_1__EASA_AD_2014_0068_R2.pdf,2014-0068R2,2014-0068,2014-0068R2,True,a2840bfd679660d0aa1c1754ece1f8a3c2943fa8cc4420e33f6e340541429ce5,First-page AD header
2014-0069__AD_2014-0069_1__easa_ad_2014_0069_superseded.pdf,2014-0069,2014-0069,2014-0069,True,68650911cafd5e4c59e09e68270b24e179c0ea429b2ddcfac69ffdd9650d8e75,First-page AD header
2014-0077__AD_2014-0077_2__easa_ad_2014_0077.pdf,2014-0077,2014-0077,2014-0077,True,0209724c3e7c18e377aa51f4a9d085713cc62aa1efe5b82e355904afd6d9939e,First-page AD header
2014-0081__AD_2014-0081_1__easa_ad_2014_0081_superseded.pdf,2014-0081,2014-0081,2014-0081,True,f87d7f9fb258b0b2ff83645ef63ce15768d3fd5ce25f22222972743e200eac5e,First-page AD header
2014-0090__AD_2014-0090_1__easa_ad_2014_0090.pdf,2014-0090,2014-0090,2014-0090,True,19af2a9c267c798a1beca1a00daf07055fc2d49cb61f0415b78f9660582b5122,First-page AD header
2014-0096__AD_2014-0096_1__easa_ad_2014_0096_superseded.pdf,2014-0096,2014-0096,2014-0096,True,dbc956f662941c599b545a62b3fe909adc16357a80218015d67c8f722eff5163,First-page AD header
2014-0101__AD_2014-0101_1__easa_ad_2014_0101.pdf,2014-0101,2014-0101,2014-0101,True,4b7b41bf3aea3a96ef8767d0bc5326956ff0372c233773987281a3d994a4d0c1,First-page AD header
2014-0103__AD_2014-0103_1__easa_ad_2014_0103.pdf,2014-0103,2014-0103,2014-0103,True,c9196277db73aa1172f9b9c5681a66147825123b9aa6b3fb062ef98a829d2ae7,First-page AD header
2014-0117__AD_2014-0117_1__easa_ad_2014_0117.pdf,2014-0117,2014-0117,2014-0117,True,d613ed9540bb9bed181badc2ff848aabe4d9efc3bf5a1fb88cbe4b9306d79f2c,First-page AD header
2014-0119__AD_2014-0119_1__easa_ad_2014_0119.pdf,2014-0119,2014-0119,2014-0119,True,87c1b318ed74a3cf347b11554ab0020fe9d5b6ac764b34a75f7aac88881ee180,First-page AD header
2014-0120R1__AD_2014-0120R1_1__EASA_AD_2014_0120_R1_superseded.pdf,2014-0120R1,2014-0120,2014-0120R1,True,6c1f515a48dadb3706de42a939651bc705f703ca4e6a384910c1fe69475467dc,First-page AD header
2014-0121__AD_2014-0121_1__easa_ad_2014_0121_superseded.pdf,2014-0121,2014-0121,2014-0121,True,b8c75c3f80706bd324de742c8ac0fe4fe4477aac4a2b478422dc2804da514b25,First-page AD header
2014-0124R1__AD_2014-0124R1_1__EASA_AD_2014_0124_R1_superseded.pdf,2014-0124R1,2014-0124,2014-0124R1,True,0430a30a7c5f5f49420bb8e01c226ec266695b400589ef474efd756667f1685b,First-page AD header
2014-0127__AD_2014-0127_1__easa_ad_2014_0127.pdf,2014-0127,2014-0127,2014-0127,True,be382b4051a0f2ee939dddb1273e87d4ea58a39e1dd3e1f8f2ea5787e5c05a7d,First-page AD header
2014-0131__AD_2014-0131_1__easa_ad_2014_0131.pdf,2014-0131,2014-0131,2014-0131,True,9c6052772aae604a8527982f00215c03852bea789db8787c542aaba3453f35f7,First-page AD header
2014-0136__AD_2014-0136_1__easa_ad_2014_0136_superseded.pdf,2014-0136,2014-0136,2014-0136,True,8d2c74b2b0584b34b9c2f06a4ead61b6653c664616d90ea010cf3f96a807a111,First-page AD header
2014-0137__AD_2014-0137_1__easa_ad_2014_0137_Correction.pdf,2014-0137,2014-0137,2014-0137,True,e617f3f76b7e503d0abed1e39dbe03c44da5eec7fb63d8327c5d6dfd64f0ee59,First-page AD header
2014-0141__AD_2014-0141_1__easa_ad_2014_0141_superseded.pdf,2014-0141,2014-0141,2014-0141,True,5e8d18d2a49160e419630f8228437927974ee6e5ac936d271fb22b448c54ee88,First-page AD header
2014-0146__AD_2014-0146_1__easa_ad_2014_0146.pdf,2014-0146,2014-0146,2014-0146,True,fa6d49d1b282820230f7b40545d2ccb992fa2a843f8b0ea7f9c913c7b146c544,First-page AD header
2014-0147__AD_2014-0147_2__EASA_AD_2014_0147_superseded.pdf,2014-0147,2014-0147,2014-0147,True,b9963e46db24fbc42bb5fd36fa386457946fd66307d216a3852202dc5d54f6c8,First-page AD header
2014-0148__AD_2014-0148_1__easa_ad_2014_0148.pdf,2014-0148,2014-0148,2014-0148,True,9d4e65ff44b1e70f1d63d82a94eef5f2bba8dfd76fdff7bdf21800d38fd5e58d,First-page AD header
2014-0149__AD_2014-0149_1__easa_ad_2014_0149_superseded.pdf,2014-0149,2014-0149,2014-0149,True,f466c95784e290bc65617f461a757f3a38ef7fa10cecd7bd89e067e3ed811210,First-page AD header
2014-0153R1__AD_2014-0153R1_1__EASA_AD_2014_0153_R1.pdf,2014-0153R1,2014-0153,2014-0153R1,True,7f6b1a757be9af3ed1d6c9dc795226501fcb9f8bfaa242118cb6c99afed73371,First-page AD header
2014-0154__AD_2014-0154_2__easa_ad_2014_0154_Superseded.pdf,2014-0154,2014-0154,2014-0154,True,0b2185d8521b9e79303357ef6cc83305e239d278f854a0dcd4f34df62690f102,First-page AD header
2014-0156__AD_2014-0156_2__easa_ad_2014_0156.pdf,2014-0156,2014-0156,2014-0156,True,9391743323a2b95a4773622eeaa609c456af3b04f9d39791b5cbe3d4fc9d2cd4,First-page AD header
2014-0161__AD_2014-0161_2__easa_ad_2014_0161.pdf,2014-0161,2014-0161,2014-0161,True,98b58daa2f3ca3e7e35ada12aa92e3ad141efa0cd77f63cf8f1b34970f550d0e,First-page AD header
2014-0164R1__AD_2014-0164R1_1__EASA_AD_2014_0164_R1_C1_superseded.pdf,2014-0164R1,2014-0164,2014-0164R1,True,aa650ebfbb50859b47dda331b5165267b480b491f595e97ac66b0d23cc76f117,First-page AD header
2014-0166__AD_2014-0166_1__easa_ad_2014_0166_superseded.pdf,2014-0166,2014-0166,2014-0166,True,e6dc8537b99f73bbd80bfb667d095796ad3980b52dc3aa7123ee86f0aa86be5b,First-page AD header
2014-0169__AD_2014-0169_1__EASA_AD_2014_0169_Correction_superseded.pdf,2014-0169,2014-0169,2014-0169,True,83b42b5068c0e29b74df35eb4205be3a81afafbef6416ac6cb44c86758e8d680,First-page AD header
2014-0171R1__AD_2014-0171R1_1__EASA_AD_2014_0171_R1_superseded.pdf,2014-0171R1,2014-0171,2014-0171R1,True,cb946a603fdb225ccb4ba240647ed44583329e6b47022f4661f25f76489b453b,First-page AD header
2014-0173R1__AD_2014-0173R1_1__easa_ad_2014_0173_R1.pdf,2014-0173R1,2014-0173,2014-0173R1,True,6fecb9fcf117b4825f4bcca2b8d9ecf3bc3394d28cf4bf9eea61eb7bd1189055,First-page AD header
2014-0174__AD_2014-0174_1__easa_ad_2014_0174.pdf,2014-0174,2014-0174,2014-0174,True,8d820c3bb01fdefdb1d0838e8a4297991794bd552011ab6c0e3f52488bfb450f,First-page AD header
2014-0176__AD_2014-0176_1__easa_ad_2014_0176_superseded.pdf,2014-0176,2014-0176,2014-0176,True,b2b90ba9315e2569d38ca40f554803f32ffad4283be3b867fb46bc773b9060f6,First-page AD header
2014-0177__AD_2014-0177_1__easa_ad_2014_0177_superseded.pdf,2014-0177,2014-0177,2014-0177,True,58ac3502f1512ff149419eaa47617e8d02d8ede6697161dea4fd5b9589f0f2f5,First-page AD header
2014-0178__AD_2014-0178_2__easa_ad_2014_0178.pdf,2014-0178,2014-0178,2014-0178,True,8c0dc2f461a0bfbd0dd19786c07279c169fc93f13efe9f54b55935cda780ce29,First-page AD header
2014-0186__AD_2014-0186_1__easa_ad_2014_0186.pdf,2014-0186,2014-0186,2014-0186,True,f8fbbd713fcea8daf088c37e48fca346d08458a43eecc521940e8d0ebde2f768,First-page AD header
2014-0191__AD_2014-0191_1__easa_ad_2014_0191.pdf,2014-0191,2014-0191,2014-0191,True,56d325fab01adc5b502717e5ddbdb22af7ff1af1a819fdc58f3dd65c2f627a9c,First-page AD header
2014-0193__AD_2014-0193_2__easa_ad_2014_0193.pdf,2014-0193,2014-0193,2014-0193,True,a379c0f64b03014132077bc3e6976e2e930aeaeb5d7f5c880b62f544454836eb,First-page AD header
2014-0194__AD_2014-0194_1__easa_ad_2014_0194.pdf,2014-0194,2014-0194,2014-0194,True,f3e73d8b8d4b55eae8fae87830079b0ba640256cbefb59afe4810669d5b33b06,First-page AD header
2014-0195__AD_2014-0195_1__easa_ad_2014_0195.pdf,2014-0195,2014-0195,2014-0195,True,eaded453f479fb7d4facbeb17da5b73c8db3ba9d9250e5f1227d620f96846138,First-page AD header
2014-0197R1__AD_2014-0197R1_1__EASA_AD_2014_0197_R1.pdf,2014-0197R1,2014-0197,2014-0197R1,True,d56aab526e2a9a29ff48cec4665e43bf34c468ad7f4fd5b8829a48d75143c1e6,First-page AD header
2014-0198__AD_2014-0198_1__easa_ad_2014_0198.pdf,2014-0198,2014-0198,2014-0198,True,c395c7e6121fba243d9f12e284bd98957c955064292cdc913d0fa9de41baeb25,First-page AD header
2014-0199__AD_2014-0199_1__easa_ad_2014_0199_superseded.pdf,2014-0199,2014-0199,2014-0199,True,097d4da0731f6539bd37a245951402809e873353e2fa6769162f5ce47873cc98,First-page AD header
2014-0200R1__AD_2014-0200R1_1__easa_ad_2014_0200_R1_superseded.pdf,2014-0200R1,2014-0200,2014-0200R1,True,ee984f84d18bf9cab3cd460bcdb0d3e1446907780efe2a6f3e95f6512a377303,First-page AD header
2014-0202R1__AD_2014-0202R1_1__easa_ad_2014_0202_R1_superseded.pdf,2014-0202R1,2014-0202,2014-0202R1,True,51abedd540d30eaaac0184d566f386efa84895fa12f190836ff2e5039d84c848,First-page AD header
2014-0205R2__AD_2014-0205R2_1__EASA_AD_2014_0205_R2.pdf,2014-0205R2,2014-0205,2014-0205R2,True,4ad4ebad686a6e05fedeedae1aa4821577c195e2febc932768247ca3d6f6b797,First-page AD header
2014-0207__AD_2014-0207_1__easa_ad_2014_0207_Correction.pdf,2014-0207,2014-0207,2014-0207,True,e0aff52591ab9185774d6e02b0253b6c2a07403f455a992dff5e95a9f48f49bd,First-page AD header
2014-0208__AD_2014-0208_1__easa_ad_2014_0208.pdf,2014-0208,2014-0208,2014-0208,True,a1772aa65ca88e23a64f10010fc18567a491b0d0e81a9bdcd55a020c2f0e2f00,First-page AD header
2014-0209__AD_2014-0209_1__EASA_AD_2014_0209_superseded.pdf,2014-0209,2014-0209,2014-0209,True,77a37cc7ed59cb42f786f37706b9f1bb896d8e1a65de8fd423ec3393c8b0672f,First-page AD header
2014-0213R1__AD_2014-0213R1_1__EASA_AD_2014_0213_R1.pdf,2014-0213R1,2014-0213,2014-0213R1,True,2b62e1e71e1ea65622ac7863e9b0871d938c1b234ec54c40d8cf62457f12ee52,First-page AD header
2014-0217R1__AD_2014-0217R1_1__EASA_AD_2014_0217_R1_superseded.pdf,2014-0217R1,2014-0217,2014-0217R1,True,8a98111dde73b54c9ec1e71c3ff42a41d3514137d4257e2b33722b35031701f3,First-page AD header
2014-0219__AD_2014-0219_1__easa_ad_2014_0219.pdf,2014-0219,2014-0219,2014-0219,True,4f61ab1abc9c54bb36617315b70a4758d0b6ad0d5d465e8ea28c2fc07111e4f7,First-page AD header
2014-0221R1__AD_2014-0221R1_1__EASA_AD_2014_0221_R1.pdf,2014-0221R1,2014-0221,2014-0221R1,True,2ebd5755eedba80025062f0adf499bfe2b7d49ff9df570a096711769a0615e66,First-page AD header
2014-0222__AD_2014-0222_1__easa_ad_2014_0222.pdf,2014-0222,2014-0222,2014-0222,True,b0f7f45bad4babec3f79371de56bc8383f0670629f7e60581debd18814b3e321,First-page AD header
2014-0228__AD_2014-0228_1__easa_ad_2014_0228.pdf,2014-0228,2014-0228,2014-0228,True,824db06588babc021dcc0a63b747932469fe9d441272a949ee27a77676c19e19,First-page AD header
2014-0234R1__AD_2014-0234R1_1__easa_ad_2014_0234_R1_superseded.pdf,2014-0234R1,2014-0234,2014-0234R1,True,1c1f7590d4f9dc546f49bf15d0544f26bcbcab29d59672b4e3e712a17e999bc8,First-page AD header
2014-0242__AD_2014-0242_1__EASA_AD_2014_0242_superseded.pdf,2014-0242,2014-0242,2014-0242,True,d311117b87cedfc61e92875298d6a63b824da892e3e96f30f43e7591c8d45ed4,First-page AD header
2014-0247__AD_2014-0247_1__easa_ad_2014_0247.pdf,2014-0247,2014-0247,2014-0247,True,b88e77ae9219c17bd2b89b692a029b3b9c7979f356b140936601cd97a08e857f,First-page AD header
2014-0248__AD_2014-0248_1__easa_ad_2014_0248.pdf,2014-0248,2014-0248,2014-0248,True,43f3b8134e42748998f72ddb48551ea0efa74787dafee54cd512e43b9f6f906b,First-page AD header
2014-0251R1__AD_2014-0251R1_1__easa_ad_2014_0251_R1_superseded.pdf,2014-0251R1,2014-0251,2014-0251R1,True,50bb3b75ea2c75ab18483a777cf44189b6e7d337e69bbd06de519e7580a0479b,First-page AD header
2014-0252__AD_2014-0252_1__easa_ad_2014_0252.pdf,2014-0252,2014-0252,2014-0252,True,78bfaaf78e64bc269b6a63c114f98a007de02c9632d77f8c5fa5b327ce091d65,First-page AD header
2014-0253R1__AD_2014-0253R1_1__easa_ad_2014_0253_R1.pdf,2014-0253R1,2014-0253,2014-0253R1,True,a36b5c0c1c6742eb752d4deff0c2664599b1269c0f71f71bd2d98d317592b999,First-page AD header
2014-0256__AD_2014-0256_1__easa_ad_2014_0256.pdf,2014-0256,2014-0256,2014-0256,True,716b3c5795400a6af98fc4acb70f23768919dda0ec81330fffa6e9ef45b4c29a,First-page AD header
2014-0257-CN__AD_2014-0257-CN_1__EASA_AD_2014_0257_CN.pdf,2014-0257,2014-0257,2014-0257,True,7db15fc1f05824168c285bc753f068651eceb4441f6192e6eba75f115ad4feb3,First-page AD header
2014-0258__AD_2014-0258_1__easa_ad_2014_0258.pdf,2014-0258,2014-0258,2014-0258,True,c51934f9d691aaeeb0ee6b2ebe13d7b852a5c78d51c3c5bebc4fb61ea1ea8261,First-page AD header
2014-0259__AD_2014-0259_1__EASA_AD_2014_0259_superseded.pdf,2014-0259,2014-0259,2014-0259,True,2b6f605b864b62ef60ec8148c8e1b966932f46b51244dce3a431ab8ae47934a9,First-page AD header
2014-0260__AD_2014-0260_1__easa_ad_2014_0260_superseded.pdf,2014-0260,2014-0260,2014-0260,True,0a1954198da44eff7e00b288df58d1ca112f7e113109f7191b0cf5b31f1c1f2f,First-page AD header
2014-0265__AD_2014-0265_1__easa_ad_2014_0265.pdf,2014-0265,2014-0265,2014-0265,True,b6f104cf10efc4a3f35504a2c1e3b5833850ac18cf7dc2ba2397cb42786e3a53,First-page AD header
2014-0270R1__AD_2014-0270R1_1__easa_ad_2014_0270_R1_superseded.pdf,2014-0270R1,2014-0270,2014-0270R1,True,e5ec6b27bd9380fbfb145b9a24334736a4b6fd52f0668aad39cf7a9cbc4f2f7f,First-page AD header
2014-0272R1__AD_2014-0272R1_1__EASA_AD_2014_0272_R1.pdf,2014-0272R1,2014-0272,2014-0272R1,True,d045603a75abe30efde6216cda1550d9bd657321f819f7b77514c90cd774df50,First-page AD header
2014-0273__AD_2014-0273_1__easa_ad_2014_0273_superseded.pdf,2014-0273,2014-0273,2014-0273,True,9e03e2b5e5bc35a52e3510e3ec80483496af6796f746dc24d18651435e276ae7,First-page AD header
2014-0274__AD_2014-0274_1__easa_ad_2014_0274.pdf,2014-0274,2014-0274,2014-0274,True,494732e7745c5ab3a56f4d3405a3f5c9add5a38ee9756f80b440cc3fe03ecfd4,First-page AD header
2014-0275R1__AD_2014-0275R1_1__EASA_AD_2014_0275_R1_superseded.pdf,2014-0275R1,2014-0275,2014-0275R1,True,b9bf9dc36d8feac42408f829a9fe057a8f4b4110f744e3de53b7812e97149c12,First-page AD header
2014-0276__AD_2014-0276_1__easa_ad_2014_0276.pdf,2014-0276,2014-0276,2014-0276,True,2c554d7b201364e23cdfafb1d98a100121c1ae4b5466cc563804c961da5e7164,First-page AD header
2014-0277__AD_2014-0277_1__EASA_AD_2014_0277_superseded.pdf,2014-0277,2014-0277,2014-0277,True,c200ada8fa921949ee67e25f6e900c0c8c20c0c29a061f66500e4289ca49fe60,First-page AD header
2014-0278__AD_2014-0278_1__easa_ad_2014_0278_superseded.pdf,2014-0278,2014-0278,2014-0278,True,c5cb26f160056a954eefb641a70f2276c9e5b1e7b1d52081a26f4a35b17d2f6a,First-page AD header
2014-0280__AD_2014-0280_1__easa_ad_2014_0280_superseded.pdf,2014-0280,2014-0280,2014-0280,True,ea21116345f76f110ba49a92dd87f40a22a846bcce2fff54e653c0589f914fba,First-page AD header
2014-0281__AD_2014-0281_1__easa_ad_2014_0281_superseded.pdf,2014-0281,2014-0281,2014-0281,True,765136b20f16591b2c5f5427ea00ee9c1cdf9d246511ed3bf469b675c00bf7cf,First-page AD header
2015-0001R1__AD_2015-0001R1_1__easa_ad_2015_0001_R1_superseded.pdf,2015-0001R1,2015-0001,2015-0001R1,True,b72e5452440a6a59d8a1701e1d054d0d922a3241ceef83b893347ec90df5964b,First-page AD header
2015-0002__AD_2015-0002_1__easa_ad_2015_0002_superseded.pdf,2015-0002,2015-0002,2015-0002,True,101ed0ec4c160f11a3cae389301c7c0b5498fc8a9ca6b3a1cd7a7260026e3044,First-page AD header
2015-0003__AD_2015-0003_1__easa_ad_2015_0003.pdf,2015-0003,2015-0003,2015-0003,True,8091be6d27ea874cecb86b8f3d12f0ac29e837d58b398d815bcac8942f67dfe9,First-page AD header
2015-0004__AD_2015-0004_1__easa_ad_2015_0004.pdf,2015-0004,2015-0004,2015-0004,True,14ab89c6f1f2665a50f3f8660a61212cb561b74e2f30edf92b434fe68808597a,First-page AD header
2015-0008__AD_2015-0008_2__easa_ad_2015_0008.pdf,2015-0008,2015-0008,2015-0008,True,c3205b209f7c7b3421538055c7dcae2593e7737084e3d94ead94eb213f667ced,First-page AD header
2015-0009__AD_2015-0009_1__easa_ad_2015_0009.pdf,2015-0009,2015-0009,2015-0009,True,963521f7c540f3a284f4458f12f67fb288f693f8a71d8fa74bb29e016aeb98d4,First-page AD header
2015-0021__AD_2015-0021_1__EASA_AD_2015_0021_superseded.pdf,2015-0021,2015-0021,2015-0021,True,46e9f24f387d06fc620a9b4476bfe53d40620a8d96b4c55c1d0106ca14eb19bc,First-page AD header
2015-0026R1__AD_2015-0026R1_1__EASA_AD_2015_0026_R1.pdf,2015-0026R1,2015-0026,2015-0026R1,True,fc7d5df5b0fafa9e18997e6acf4f55ec100e72f1cfd79eb4bdf2aa51cacbedbb,First-page AD header
2015-0028R1__AD_2015-0028R1_1__EASA_AD_2015_0028_R1.pdf,2015-0028R1,2015-0028,2015-0028R1,True,cfe9867be555fcdfa22d56d54107df63bddfe3e9302d2d4560bc639aef3649c0,First-page AD header
2015-0036R4__AD_2015-0036R4_1__EASA_AD_2015_0036_R4.pdf,2015-0036R4,2015-0036,2015-0036R4,True,93bf66796b4ec6cf973f94671da93409913293477dff2b758361e58689bb8ef8,First-page AD header
2015-0037__AD_2015-0037_1__EASA_AD_2015_0037.pdf,2015-0037,2015-0037,2015-0037,True,8696085a763343d5e19c759383c9092c5ee7fb0767c631d59fecc942dd8316c2,First-page AD header
2015-0038R1__AD_2015-0038R1_1__EASA_AD_2015_0038_R1_superseded.pdf,2015-0038R1,2015-0038,2015-0038R1,True,89fde593273ea10b522626b149bc64d77099f8335cef4cf031b6ee012d7f0e81,First-page AD header
2015-0047__AD_2015-0047_1__EASA_AD_2015_0047_C1_superseded.pdf,2015-0047,2015-0047,2015-0047,True,2cae96e749aa1e10c3a47ba4974bfe3ad416e8820d3647968a0f40b39d979541,First-page AD header
2015-0051__AD_2015-0051_1__EASA_AD_2015_0051.pdf,2015-0051,2015-0051,2015-0051,True,d536cb9acfd4256f3cfadab2e9eb2ff8dd4c29bdfd80cf5439b3f4f7f51908a8,First-page AD header
2015-0062__AD_2015-0062_1__EASA_AD_2015_0062.pdf,2015-0062,2015-0062,2015-0062,True,108882ab1b4f508f4fc85565c30c6cdd9090fd664ca38632a456206f8d39a8ae,First-page AD header
2015-0079__AD_2015-0079_1__EASA_AD_2015_0079.pdf,2015-0079,2015-0079,2015-0079,True,efde6b471c1af6270d04dbcdfcca11767ab3603ed1cae5f437d39021390aff09,First-page AD header
2015-0080__AD_2015-0080_1__EASA_AD_2015_0080_superseded.pdf,2015-0080,2015-0080,2015-0080,True,a0d23c132a8d579d3f4aae189477295570a74ff0a09fd2d1646622d38c7ce7fa,First-page AD header
2015-0081-CN__AD_2015-0081-CN_1__EASA_AD_2015_0081_CN.pdf,2015-0081,2015-0081,2015-0081,True,15f9aaca90b8b7e932b821ef667c3eba66496c4a39ddf6ae1f18b3bf65b4c65b,First-page AD header
2015-0082__AD_2015-0082_1__EASA_AD__2015_0082.pdf,2015-0082,2015-0082,2015-0082,True,2c0fd3ac0979ba4d3b16bf8075f2161141b1133f0fd2975a052c821732cdab33,First-page AD header
2015-0083__AD_2015-0083_1__EASA_AD_2015_0083_superseded.pdf,2015-0083,2015-0083,2015-0083,True,da7a4bcd0991416b368e7e6b6ae01d372b4ca6b0e0d3322f2d05cd17e58cd322,First-page AD header
2015-0084__AD_2015-0084_1__EASA_AD_2015_0084_C1.pdf,2015-0084,2015-0084,2015-0084,True,0b31e3bb287b405a325add93ad2aab3f59b43cc32d652c56228528d54dbb209e,First-page AD header
2015-0085__AD_2015-0085_1__EASA_AD_2015_0085.pdf,2015-0085,2015-0085,2015-0085,True,ce168157a568e1ebeb6bbd12f87127ae36029881ce476651226e38584f69ee1c,First-page AD header
2015-0087__AD_2015-0087_1__EASA_AD_2015_0087_superseded.pdf,2015-0087,2015-0087,2015-0087,True,b1bc2c2141ba13217003952d511aa3a4a75cb9a7acd02d9be8ee2204db753ed0,First-page AD header
2015-0088R1__AD_2015-0088R1_1__EASA_AD_2015_0088_R1_superseded.pdf,2015-0088R1,2015-0088,2015-0088R1,True,63427a377e6e641d454ec2eb6b3e8a6a372d13ca68673f09845c5e9e9a22737d,First-page AD header
2015-0089__AD_2015-0089_1__EASA_AD_2015_0089_superseded.pdf,2015-0089,2015-0089,2015-0089,True,aa06e4aa7c3cba8b05dd4b8cdc31d6aa139f0402fe2d1d4cd4417000828d655b,First-page AD header
2015-0101R1__AD_2015-0101R1_1__EASA_AD_2015_0101_R1.pdf,2015-0101R1,2015-0101,2015-0101R1,True,b8db83fb01488246abfa4777a7745ab9a3b85e5cdd1c483ceaad2fdd1f8bf82e,First-page AD header
2015-0114__AD_2015-0114_1__EASA_AD_2015_0114_superseded.pdf,2015-0114,2015-0114,2015-0114,True,0c626405d99f87a5710c3fa0dd1e2b31303ee9b622877f60ffdd0d9bd8077846,First-page AD header
2015-0115__AD_2015-0115_2__EASA_AD_2015_0115_superseded.pdf,2015-0115,2015-0115,2015-0115,True,6243d42ccb8045bdff967cf9390ce6d268384fe4a2deed219e674235718989c1,First-page AD header
2015-0117__AD_2015-0117_1__EASA_AD_2015_0117_CORR.pdf,2015-0117,2015-0117,2015-0117,True,62a00514316227954c2cee0fb5f792633deee43cc81a5faacfd375b2c39928a8,First-page AD header
2015-0118__AD_2015-0118_1__EASA_AD_2015_0118.pdf,2015-0118,2015-0118,2015-0118,True,3567266885a0d8c7211713dcd65834aa1ea8d8fd096a3dbac1f84e93cc8c1f7d,First-page AD header
2015-0119__AD_2015-0119_1__EASA_AD_2015_0119_CORR.pdf,2015-0119,2015-0119,2015-0119,True,c80d94e8a12066fab82669491cdf730d0d07f90d0608b2c70ed163813d6fd675,First-page AD header
2015-0120R1__AD_2015-0120R1_1__EASA_AD_2015_0120_R1.pdf,2015-0120R1,2015-0120,2015-0120R1,True,85f5ec02291468be78fca7530a6554bfe519789a78a7b31d9ef8dd82286198ef,First-page AD header
2015-0123__AD_2015-0123_1__EASA_AD_2015_0123.pdf,2015-0123,2015-0123,2015-0123,True,7bf25baa4c0045fe8d933c95ff14c5f378137d41670a08ac5a872a81d0fbb4a5,First-page AD header
2015-0124R3__AD_2015-0124R3_1__EASA_AD_2015_0124_R3.pdf,2015-0124R3,2015-0124,2015-0124R3,True,451f774342aa9f85e5e5761da3332bde0e0a19663cf215e311f10dedba20f345,First-page AD header
2015-0125__AD_2015-0125_1__EASA_AD_2015_0125_C1.pdf,2015-0125,2015-0125,2015-0125,True,b8ed8e275e6d63425a8afd38aee02703d0bfb56f487f7219400ca5cb0f1c13a5,First-page AD header
2015-0126__AD_2015-0126_1__EASA_AD_2015_0126.pdf,2015-0126,2015-0126,2015-0126,True,fa494d4e17bfc3c6ea7eb4af51ed5b4f8fdfa88bd4c9d05bf5385b959b0f24ae,First-page AD header
2015-0131__AD_2015-0131_1__EASA_AD_2015_0131.pdf,2015-0131,2015-0131,2015-0131,True,23e4aa62fcc97240b06fd96c08f5a48c55977e0bf89bc7151f2adf2a0310c8c6,First-page AD header
2015-0134__AD_2015-0134_1__EASA_AD_2015_0134.pdf,2015-0134,2015-0134,2015-0134,True,85deba139cf9ce1cc4dc9c3a3846405ea86d63d1a35e732b1a2a4cd9cf49e7f0,First-page AD header
2015-0135R3__AD_2015-0135R3_1__EASA_AD_2015_0135_R3.pdf,2015-0135R3,2015-0135,2015-0135R3,True,4991cb05f2dd349934fc0368dedcbf20cd38ed4b817cfe36ceecd30343840048,First-page AD header
2015-0136R1__AD_2015-0136R1_2__EASA_AD_2015_0136_R1_superseded.pdf,2015-0136R1,2015-0136,2015-0136R1,True,8a38bffb4cb64375f55645e0a04b10cb8872e9b6d4c0e0fda2ba637b9f121d20,First-page AD header
2015-0137__AD_2015-0137_1__EASA_AD_2015_0137_C1.pdf,2015-0137,2015-0137,2015-0137,True,061384fec0d6c399119a74f9199f8e52b73dd35e45cb8bdf85142c045a16b3d4,First-page AD header
2015-0138__AD_2015-0138_1__EASA_AD_2015_0138.pdf,2015-0138,2015-0138,2015-0138,True,9f3e3b437af5aca0a70bdb1db38ee43b8bb47b673d06541f79c38c06611e395a,First-page AD header
2015-0141R5__AD_2015-0141R5_1__EASA_AD_2015_0141_R5_C1.pdf,2015-0141R5,2015-0141,2015-0141R5,True,8a04fdf7b259fb6c8969d43e77e11a4d73597f125724a7a36e5c183295c8e102,First-page AD header
2015-0142__AD_2015-0142_1__EASA_AD_2015_0142.pdf,2015-0142,2015-0142,2015-0142,True,fd77725c70c7c594b3be37415c9cb6dcae8e83e46fe8af673b48444b5452d74e,First-page AD header
2015-0146__AD_2015-0146_1__EASA_AD_2015_0146_C1.pdf,2015-0146,2015-0146,2015-0146,True,4b370c6cd27e46eaa106eb2cc5bc036a386602d556ac3f927977d652a8dea637,First-page AD header
2015-0150__AD_2015-0150_2__EASA_AD_2015_0150_Superseded.pdf,2015-0150,2015-0150,2015-0150,True,d71736dce142741d46515021cc4af43dcce688c81f9a9fc2527d7b08823728f8,First-page AD header
2015-0151__AD_2015-0151_1__EASA_AD_2015_0151_superseded.pdf,2015-0151,2015-0151,2015-0151,True,94ef9594c01bd22594a1a6b7bda9205c38046cfdd503e49d2513740df8a08418,First-page AD header
2015-0152R1__AD_2015-0152R1_1__EASA_AD_2015_0152_R1_superseded.pdf,2015-0152R1,2015-0152,2015-0152R1,True,0544edfa718e6af20ead89ab1b681345560383ef055799e888553d424518d98a,First-page AD header
2015-0164__AD_2015-0164_1__EASA_AD_2015_0164.pdf,2015-0164,2015-0164,2015-0164,True,09ac37d70184bd94eb896adeb986a1d59de33f4a2c50617741909ce45b95450f,First-page AD header
2015-0170__AD_2015-0170_2__EASA_AD_2015_0170_superseded.pdf,2015-0170,2015-0170,2015-0170,True,1a222f41e64b4e05161b28d9e4549529bc9b89fee8d12a49d2108807cd5c45ef,First-page AD header
2015-0173R1__AD_2015-0173R1_1__EASA_AD_2015_0173_R1.pdf,2015-0173R1,2015-0173,2015-0173R1,True,a1e748f92c8cc15bd5350b396ec8cb5159efd43a8ba9507778adba01b43ca4c5,First-page AD header
2015-0174__AD_2015-0174_1__EASA_AD_2015_0174.pdf,2015-0174,2015-0174,2015-0174,True,960794492b73c4f637a291b4f06be2ca586eb1d5c90a5bebadde4932cc1dd022,First-page AD header
2015-0176__AD_2015-0176_1__EASA_AD_2015_0176_superseded.pdf,2015-0176,2015-0176,2015-0176,True,581f5f257b0b367ee792e6fa19f2aa372ce24e7ae53271f3a807bad84f3d2d5a,First-page AD header
2015-0183R1__AD_2015-0183R1_1__EASA_AD_2015_0183_R1.pdf,2015-0183R1,2015-0183,2015-0183R1,True,f89e7c35727b9cecc3600e06f6a5e4e109abd282211c7bf1a30a22d24f725550,First-page AD header
2015-0188R1__AD_2015-0188R1_1__EASA_AD_2015_0188_R1.pdf,2015-0188R1,2015-0188,2015-0188R1,True,afaad5660948cae871b914be3af07354bc115530400c1afb87d1079230cfbdcb,First-page AD header
2015-0191__AD_2015-0191_1__EASA_AD_2015_0191_CORR_Superseded.pdf,2015-0191,2015-0191,2015-0191,True,0e66eb015276e4f091366f8100742a17e0e23f61c5f2aa9257479dcd7fa09f0f,First-page AD header
2015-0192__AD_2015-0192_1__EASA_AD_2015_0192_superseded.pdf,2015-0192,2015-0192,2015-0192,True,73f856b6325737be63ba1bacbdc2ec7e772e9f1dfde7ede69e83c8fa6cce96cc,First-page AD header
2015-0194__AD_2015-0194_1__EASA_AD_2015_0194.pdf,2015-0194,2015-0194,2015-0194,True,84d0c13e1a0eb503e895399be4c8ef0b1d317794d7c56978c731d504a43e385a,First-page AD header
2015-0197R1__AD_2015-0197R1_1__EASA_AD_2015_0197_R1.pdf,2015-0197R1,2015-0197,2015-0197R1,True,48587d35d1e093af104054660f1568e05fc4d714ed249d4381f29144afeadc8f,First-page AD header
2015-0201__AD_2015-0201_1__EASA_AD_2015_0201.pdf,2015-0201,2015-0201,2015-0201,True,9d01b5ab7b42134e662d144510d5b91f26ef01a9f774f05956ae2a410f2c91f8,First-page AD header
2015-0205__AD_2015-0205_1__EASA_AD_2015_0205.pdf,2015-0205,2015-0205,2015-0205,True,151dd23dc5d7af8a909a5c11d20909414a66c5822fdae24a4a99945871d6a640,First-page AD header
2015-0206__AD_2015-0206_1__EASA_AD_2015_0206_superseded.pdf,2015-0206,2015-0206,2015-0206,True,b6effbf23f9563ba2487b2faf3b58a3a180e7906341be6aef98bd1f8ee65dee9,First-page AD header
2015-0207__AD_2015-0207_1__EASA_AD_2015_0207.pdf,2015-0207,2015-0207,2015-0207,True,75f54c1780e65d5692085a5a8e7b352fac8a984fa433fe5a21555a33eb96601e,First-page AD header
2015-0208__AD_2015-0208_1__EASA_AD_2015_0208.pdf,2015-0208,2015-0208,2015-0208,True,cbdb0fdd17a7d108780b175f22806cf124e038d7123544fd2fa6316a06a85f59,First-page AD header
2015-0212__AD_2015-0212_1__EASA_AD_2015_0212_superseded.pdf,2015-0212,2015-0212,2015-0212,True,8d2fef7f526a12947c9a577d5b782f220b02535b8f8e58eb019ec32213818f33,First-page AD header
2015-0214__AD_2015-0214_1__EASA_AD_2015_0214.pdf,2015-0214,2015-0214,2015-0214,True,caa5bd3a8b3157079b235f7200c5ccfec719208c7a5bcc32ef843eb5eb482bf9,First-page AD header
2015-0215R1__AD_2015-0215R1_1__EASA_AD_2015_0215_R1.pdf,2015-0215R1,2015-0215,2015-0215R1,True,2be28e738c3b1c948979e783eb90c0d7b4d5a5a1efe3ee7428cc17a4084c9835,First-page AD header
2015-0217__AD_2015-0217_1__EASA_AD_2015_0217_superseded.pdf,2015-0217,2015-0217,2015-0217,True,9b06c089ab151ecd20ba5cb91e2e1d563bf720dd112d2df414c739501640447c,First-page AD header
2015-0218R1__AD_2015-0218R1_1__EASA_AD_2015_0218R1.pdf,2015-0218R1,2015-0218,2015-0218R1,True,2ececea822ceb8d0b2a0591e85f6ace7b88d24d7749e6974d88b8d1b29b51dcb,First-page AD header
2015-0219__AD_2015-0219_1__EASA_AD_2015_0219_superseded.pdf,2015-0219,2015-0219,2015-0219,True,889141e13ef380c2e1e2a1ba60a8c54c878a88004f0fd9c87869f23d91d528d8,First-page AD header
2015-0224__AD_2015-0224_1__EASA_AD_2015_0224.pdf,2015-0224,2015-0224,2015-0224,True,bcb47f5553ed2db2cf2a136f4fe8cf35b2af424aef348276bfbf00309c490c1d,First-page AD header
2015-0229__AD_2015-0229_1__EASA_AD_2015_0229.pdf,2015-0229,2015-0229,2015-0229,True,930e2b7981022a2fce1ac7e326c036b384591e76de8b3ecb2648f132d5c3e767,First-page AD header
2015-0232R1__AD_2015-0232R1_1__EASA_AD_2015_0232_R1.pdf,2015-0232R1,2015-0232,2015-0232R1,True,3e675f83c64d3a7e92726abb38b363d3dbb8a03095b9b494689b810eba8624b8,First-page AD header
2015-0234-CN__AD_2015-0234-CN_2__EASA_AD_2015_0234_CN.pdf,2015-0234,2015-0234,2015-0234,True,7758657c5d96b9da06cc567723ff43539042fedf12633fde431c98035cfe93e1,First-page AD header
2015-0236__AD_2015-0236_1__EASA_AD_2015_0236_superseded.pdf,2015-0236,2015-0236,2015-0236,True,677889176ef6bdb0a6e53654cbeb42762028438a127a1012c47c169139593de6,First-page AD header
2015-0238__AD_2015-0238_1__EASA_AD_2015_0238_superseded.pdf,2015-0238,2015-0238,2015-0238,True,847a219b8310f6b5e4f06854104067080e4fb4e42d2d8a604c6ea2e857fb3926,First-page AD header
2015-0241R2__AD_2015-0241R2_1__EASA_AD_2015_0241_R2.pdf,2015-0241R2,2015-0241,2015-0241R2,True,4ee3345f899e49d91b14ea9b372865ebc84dc99fe86dea2a5a7d572e9da0d212,First-page AD header
2016-0005__AD_2016-0005_1__EASA_AD_2016_0005_superseded.pdf,2016-0005,2016-0005,2016-0005,True,19c2351269fe9469f456a364961f039f25c908ad44f62c7ae96612ddb0894649,First-page AD header
2016-0007R1__AD_2016-0007R1_1__EASA_AD_2016_0007_R1.pdf,2016-0007R1,2016-0007,2016-0007R1,True,ba1f01d55afe5df579430159b4cfe58664b31cef4288466ed42be2b527745af4,First-page AD header
2016-0010R1__AD_2016-0010R1_1__EASA_AD_2016_0010_R1_superseded.pdf,2016-0010R1,2016-0010,2016-0010R1,True,dce49d3cbb92651d500e5d1cb47539384e9ef2cce2417791b43a7b24d20ccd9f,First-page AD header
2016-0011__AD_2016-0011_1__EASA_AD_2016_0011_superseded.pdf,2016-0011,2016-0011,2016-0011,True,d1d932d53cae5fade62bc7540fd086fe88d57c7c6c766880b3a43af9f10155d7,First-page AD header
2016-0015__AD_2016-0015_1__EASA_AD_2016_0015_superseded.pdf,2016-0015,2016-0015,2016-0015,True,d5c8f61ffe3f32f863b8526650c1868229863a775e3927cf85fe153b886d4316,First-page AD header
2016-0018R1__AD_2016-0018R1_1__EASA_AD_2016_0018_R1.pdf,2016-0018R1,2016-0018,2016-0018R1,True,83feefd69bf0a56cf2a127a73d8fb1202e953b4f6364b6f696c457a3c1862eb9,First-page AD header
2016-0035R1__AD_2016-0035R1_1__EASA_AD_2016_0035_R1_superseded.pdf,2016-0035R1,2016-0035,2016-0035R1,True,ef9e3f640b52c458438784f5f095d203316aa619ba9bf99a20689f609c2857b6,First-page AD header
2016-0040__AD_2016-0040_1__EASA_AD_2016_0040.pdf,2016-0040,2016-0040,2016-0040,True,c1bd512c563564e7ff0080440d7e81d759437948de28325a6f4bfe0ce13b12ea,First-page AD header
2016-0043__AD_2016-0043_1__EASA_AD_2016_0043.pdf,2016-0043,2016-0043,2016-0043,True,92fafcda8f218e9a87efc84a1f8f260abc785f353c13b97e3f5b7a2b82a3e441,First-page AD header
2016-0047__AD_2016-0047_1__EASA_AD_2016_0047_superseded.pdf,2016-0047,2016-0047,2016-0047,True,a94a78ba6733c2eb64bbca86ca2a99fb88c1684f0a41294ab87b298719b891ad,First-page AD header
2016-0048__AD_2016-0048_1__EASA_AD_2016_0048_superseded.pdf,2016-0048,2016-0048,2016-0048,True,05afd9038534e75d3ba3670fb1374759b451cf4437bc82ba61ae90318b148736,First-page AD header
2016-0050R1__AD_2016-0050R1_1__EASA_AD_2016_0050_R1.pdf,2016-0050R1,2016-0050,2016-0050R1,True,2448fb950776234c2b7fa60537d361f34d500139556b0a5adf9c974025e1967d,First-page AD header
2016-0053__AD_2016-0053_1__EASA_AD_2016_0053.pdf,2016-0053,2016-0053,2016-0053,True,b06d339a7b86be45858aeb3487d6b33246d05058b8b712ab719c3088038741c5,First-page AD header
2016-0056__AD_2016-0056_1__EASA_AD_2016_0056.pdf,2016-0056,2016-0056,2016-0056,True,b5c1cfc4078305bd622f521b61d9651e3a55599a923ced0e80d03ac3c00be044,First-page AD header
2016-0057__AD_2016-0057_1__EASA_AD_2016_0057.pdf,2016-0057,2016-0057,2016-0057,True,689eff4b37a76c141cb32c67b03a9369c95ff75e84fb26c8659222b9ca9c377a,First-page AD header
2016-0058__AD_2016-0058_1__EASA_AD_2016_0058_Superseded.pdf,2016-0058,2016-0058,2016-0058,True,820214c7564ec9c2db277a80ab8998cd233034fb26cea3c8b03c123d989adb22,First-page AD header
2016-0065-CN__AD_2016-0065-CN_1__EASA_AD_2016_0065_CN.pdf,2016-0065,2016-0065,2016-0065,True,7d7015919b5550eed2f238d22e3f48546a34d2ddcca72e3343e863decf66ec92,First-page AD header
2016-0066__AD_2016-0066_1__EASA_AD_2016_0066_cancelled.pdf,2016-0066,2016-0066,2016-0066,True,2d5e77c9412cddd34d7387b50b2914a00148fc5409a17ebb5bf794bccaaab76f,First-page AD header
2016-0068__AD_2016-0068_1__EASA_AD_2016_0068__superseded.pdf,2016-0068,2016-0068,2016-0068,True,d1aa6bcfbe18bfe1160d5b19cafc53afeaae8a11a066b6310e8f774fa895e695,First-page AD header
2016-0069__AD_2016-0069_1__EASA_AD_2016_0069_superseded.pdf,2016-0069,2016-0069,2016-0069,True,ee6698f6dfa4863f512e2f836de0a2968880e2a265993792c7f4986ff692e044,First-page AD header
2016-0074__AD_2016-0074_1__EASA_AD_2016_0074.pdf,2016-0074,2016-0074,2016-0074,True,0102c9c90d7a3198f6798c0c7535b3fc556df191b180274c4ec5b6b80357ffcf,First-page AD header
2016-0076__AD_2016-0076_1__EASA_AD_2016_0076.pdf,2016-0076,2016-0076,2016-0076,True,ead1947d384381f9ab2ef3ab27550a2281ee69891bc9dc085f410ca98235fdfc,First-page AD header
2016-0079__AD_2016-0079_1__EASA_AD_2016_0079.pdf,2016-0079,2016-0079,2016-0079,True,f52d3fd5bba28a54f9758f75d236bd36565b0fc773190d707ccc0a9af6ea3f2c,First-page AD header
2016-0080__AD_2016-0080_1__EASA_AD_2016_0080.pdf,2016-0080,2016-0080,2016-0080,True,592f97500b5776c1acc29884d833bc5e4f24878318a211bf50679442d7d2cbab,First-page AD header
2016-0082__AD_2016-0082_1__EASA_AD_2016_0082_superseded.pdf,2016-0082,2016-0082,2016-0082,True,126ec05251d01186abc03078b8f25ee7fb374065ab6a7399c55b7f482f975c29,First-page AD header
2016-0085__AD_2016-0085_1__EASA_AD_2016_0085_superseded.pdf,2016-0085,2016-0085,2016-0085,True,a0986d40b3281b9d637fbbb5d64db2a15246edf2d16a9ad7e6dd8d4f99d64769,First-page AD header
2016-0086R1__AD_2016-0086R1_1__EASA_AD_2016_0086_R1.pdf,2016-0086R1,2016-0086,2016-0086R1,True,0e84eac98f238d75a92cd3d7007a6ad74c946464247c2a08506aa7426c73654a,First-page AD header
2016-0092__AD_2016-0092_1__EASA_AD_2016_0092_superseded.pdf,2016-0092,2016-0092,2016-0092,True,b0d7b87e95bf5181803c760930e0aae42159871c131bff29db475597eb014725,First-page AD header
2016-0093__AD_2016-0093_1__EASA_AD_2016_0093_superseded.pdf,2016-0093,2016-0093,2016-0093,True,84da2243662075514b6edf1b397d530af03d67979bdfe750366a33194c35ac84,First-page AD header
2016-0095__AD_2016-0095_1__EASA_AD_2016_0095_superseded.pdf,2016-0095,2016-0095,2016-0095,True,e93a25b42010e906246600076f3424fce90fcb21429416ac3e20e7a6926d2ea0,First-page AD header
2016-0100__AD_2016-0100_1__EASA_AD_2016_0100.pdf,2016-0100,2016-0100,2016-0100,True,5a68f7c1961091f58f35f3707ce2b16c3d6d774fe7d0122859916bbe9a45cb67,First-page AD header
2016-0102__AD_2016-0102_1__EASA_AD_2016_0102_C1_superseded.pdf,2016-0102,2016-0102,2016-0102,True,e1f25afca17bcb7ab1a1c30d054a9791913b30762f8365643e0b0cab655b2c02,First-page AD header
2016-0105R2__AD_2016-0105R2_1__EASA_AD_2016_0105_R2_superseded.pdf,2016-0105R2,2016-0105,2016-0105R2,True,d0a5e1093f3f95fba65f4a093b6580f847b721409aa5cfd13cad27f55e667e0d,First-page AD header
2016-0106R2__AD_2016-0106R2_1__EASA_AD_2016_0106R2_C1.pdf,2016-0106R2,2016-0106,2016-0106R2,True,9d7d13cc0c99b0459fd023ae50569eeb532a398740073ac3c066c68d1549e5eb,First-page AD header
2016-0107__AD_2016-0107_1__EASA_AD_2016_0107_superseded.pdf,2016-0107,2016-0107,2016-0107,True,b4761cdb30be39a16391367cd5a732df7095d4208dab1a751082eb232f1953e0,First-page AD header
2016-0108__AD_2016-0108_1__EASA_AD_2016_0108.pdf,2016-0108,2016-0108,2016-0108,True,2b2d9e5e78991727863c793d7e76bbe603c657279eb5cbaf4eac320c01f41e0a,First-page AD header
2016-0111__AD_2016-0111_1__EASA_AD_2016__0111_superseded.pdf,2016-0111,2016-0111,2016-0111,True,38bf45a60864164f06655110ca2b3958fdbafd7f29f0ecadb8de439054987ed7,First-page AD header
2016-0112__AD_2016-0112_1__EASA_AD_2016_0112_superseded.pdf,2016-0112,2016-0112,2016-0112,True,149242cd54207a4ca996091927a1392a41f2f0ce88013eeaf9918d91205b1181,First-page AD header
2016-0113__AD_2016-0113_2__EASA_AD_2016_0113.pdf,2016-0113,2016-0113,2016-0113,True,caa9fda8850ace69f219c3adff5119519f0d3e09759c89bed6295c47af30b10a,First-page AD header
2016-0114__AD_2016-0114_2__EASA_AD_2016_0114_C1.pdf,2016-0114,2016-0114,2016-0114,True,9cb93a32e807b904ffd2a632c455bc55d59bd37b5c0c9cfd660ceeb72f01e41e,First-page AD header
2016-0122__AD_2016-0122_1__EASA_AD_2016_0122.pdf,2016-0122,2016-0122,2016-0122,True,5021e638109c76aedbc728c245d9179ef1c7e8fd57ffc822d843f8d4d4b2d1b5,First-page AD header
2016-0132__AD_2016-0132_1__EASA_AD_2016_0132_C1.pdf,2016-0132,2016-0132,2016-0132,True,3b7a7647e2925a4f03d6c1b63879331c51b769bd8ca141c8a715ceb9f1771b32,First-page AD header
2016-0137R1__AD_2016-0137R1_1__EASA_AD_2016_0137_R1.pdf,2016-0137R1,2016-0137,2016-0137R1,True,c734f8a03e78bbbb28ac9fca5bc1854766e170abed555478383ece6e5d6c449a,First-page AD header
2016-0139__AD_2016-0139_1__EASA_AD_2016_0139_superseded.pdf,2016-0139,2016-0139,2016-0139,True,46040776bf33291ccd4c84d0abe66c205b384e72092f1e622ea0470dc71db157,First-page AD header
2016-0146R2__AD_2016-0146R2_2__EASA_AD_2016-0146R2_superseded.pdf,2016-0146R2,2016-0146,2016-0146R2,True,d5945052577cd6c8ab1993fe894402be4c67e8d96a101e005fb771879492d727,First-page AD header
2016-0147__AD_2016-0147_1__EASA_AD_2016_0147_superseded.pdf,2016-0147,2016-0147,2016-0147,True,b95021c395cec58b1cde087232aa3fd99cd68699ae212df48d5f21e47e7495f7,First-page AD header
2016-0150__AD_2016-0150_1__EASA_AD_2016_0150.pdf,2016-0150,2016-0150,2016-0150,True,01a5eb84ea913e44e5280503960bff5bf68db51bc32a928b078e6489759a9930,First-page AD header
2016-0152R1__AD_2016-0152R1_1__EASA_AD_2016_0152_R1_superseded.pdf,2016-0152R1,2016-0152,2016-0152R1,True,0c4c67a1c3a39b50471e5b4952088ad1359bf25c9e3ac85ef31e75666ca53e80,First-page AD header
2016-0159__AD_2016-0159_1__EASA_AD_2016_0159_superseded.pdf,2016-0159,2016-0159,2016-0159,True,a53e378f61e3bb72b758c45d80105b468d378a3a16deaa142b8e6edf9db8d044,First-page AD header
2016-0170__AD_2016-0170_1__EASA_AD_2016_0170.pdf,2016-0170,2016-0170,2016-0170,True,eb709c1229cdf80b5f86fdf7e4982b55781ff74658d63a1bf4de86a2ba07bf47,First-page AD header
2016-0172__AD_2016-0172_1__EASA_AD_2016_0172_Superseded.pdf,2016-0172,2016-0172,2016-0172,True,81a3bf105a3988bffc1960b04ccfeb16150cb76f8d8176826f47df98733bc9ea,First-page AD header
2016-0174__AD_2016-0174_1__EASA_AD_2016_0174.pdf,2016-0174,2016-0174,2016-0174,True,26a4fcfe3873e6f1daa69dc51598763468cf58cf8b211e0bfe5c8b2627040909,First-page AD header
2016-0175__AD_2016-0175_1__EASA_AD_2016_0175.pdf,2016-0175,2016-0175,2016-0175,True,c7b752326e99a44bf6d7a24f781a8c8bdad976fb4b5382a57115b88fa9866353,First-page AD header
2016-0176__AD_2016-0176_1__EASA_AD_2016_0176_C1.pdf,2016-0176,2016-0176,2016-0176,True,a01337835782e13b8ff3ea413db2eb4de55d84880e2174a3528bf46754e9b85d,First-page AD header
2016-0178__AD_2016-0178_1__EASA_AD_2016_0178.pdf,2016-0178,2016-0178,2016-0178,True,15920f9982e73cb1e86c1b0d7f279bb24061b7d271717c6fb608c008bcbb0b0d,First-page AD header
2016-0179__AD_2016-0179_1__EASA_AD_2016_0179_superseded.pdf,2016-0179,2016-0179,2016-0179,True,1124920dd7b38b04f28117f85b14d19428be2f711f7cd7a6b01fd46a04ee9397,First-page AD header
2016-0181__AD_2016-0181_1__EASA_AD_2016_0181.pdf,2016-0181,2016-0181,2016-0181,True,f90c64f6aa06fa9aa072d371bb06398ec83b3cbca76b5a93cf1cff7a433861c1,First-page AD header
2016-0182__AD_2016-0182_1__EASA_AD_2016_0182.pdf,2016-0182,2016-0182,2016-0182,True,ebe888b2917e8e43e8e47b0a5057d015e3e400d5e25bce33f583bddfc9f3cfae,First-page AD header
2016-0184__AD_2016-0184_1__EASA_AD_2016_0184_superseded.pdf,2016-0184,2016-0184,2016-0184,True,18414662777a3a956104f2b62e7ffb374c46236329a5eb4afdbd7152b6c59924,First-page AD header
2016-0187__AD_2016-0187_1__EASA_AD_2016_0187_superseded.pdf,2016-0187,2016-0187,2016-0187,True,dbc78a82cdfd0e4371a9959ab33ef2367c1760853b916a03f285d7abd08088e8,First-page AD header
2016-0188__AD_2016-0188_1__EASA_AD_2016_0188_C1.pdf,2016-0188,2016-0188,2016-0188,True,950e7ac01c861791a0c115d52153d34abb76b590fb6502068edc636db737faf2,First-page AD header
2016-0189__AD_2016-0189_1__EASA_AD_2016_0189_superseded.pdf,2016-0189,2016-0189,2016-0189,True,0df0c409db3ae25f60834e604f77b7864893ddb314a443b9e10ea11987c924a5,First-page AD header
2016-0195__AD_2016-0195_1__EASA_AD_2016_0195.pdf,2016-0195,2016-0195,2016-0195,True,c4f89b7daf58441ea0e4578909df05ca87b9535213f1832b75271de51c04fad1,First-page AD header
2016-0196__AD_2016-0196_1__EASA_AD_2016_0196.pdf,2016-0196,2016-0196,2016-0196,True,9dc78936e86736d73b5420d8a0ac9d36e5a3b5a59381f43e1353161539681e38,First-page AD header
2016-0197__AD_2016-0197_1__EASA_AD_2016_0197.pdf,2016-0197,2016-0197,2016-0197,True,deb3b98e55bd9f9d4488ca747ba643b28e7aee5ab5e8fdc2728255743ff41fd1,First-page AD header
2016-0198__AD_2016-0198_1__EASA_AD_2016-0198_superseded.pdf,2016-0198,2016-0198,2016-0198,True,6852724345687c1c1fb4f8c59375dfd66057d05502ca069b44afd89561028de0,First-page AD header
2016-0204__AD_2016-0204_1__EASA_AD_2016_0204_C1_superseded.pdf,2016-0204,2016-0204,2016-0204,True,4bf87482c5de99d31ffe9b296ecb00ade991040e8db33a07e326a62bb2cd79f6,First-page AD header
2016-0205__AD_2016-0205_1__EASA_AD_2016_0205_superseded.pdf,2016-0205,2016-0205,2016-0205,True,d7a7711bcc3f724d968233c47b53f474087e7337d2c145c4c0bf29be8fb9277e,First-page AD header
2016-0206__AD_2016-0206_2__EASA_AD_2016_0206_C1_superseded.pdf,2016-0206,2016-0206,2016-0206,True,de210f149ebe04a311885c0413c6e3dfd209abe06a6053884a249aa3e45176c2,First-page AD header
2016-0207__AD_2016-0207_1__EASA_AD_2016_0207_superseded.pdf,2016-0207,2016-0207,2016-0207,True,55dd9876a7b11fb5521e474d0f9e3854f2dca1ef8718e7d3c82cfabe2aebf0c4,First-page AD header
2016-0208R1__AD_2016-0208R1_1__EASA_AD_2016_0208_R1.pdf,2016-0208R1,2016-0208,2016-0208R1,True,8009f5be62bcafe8741c128b89bad697d60f0285c326f7e5bebd129238cdf1a5,First-page AD header
2016-0209__AD_2016-0209_1__EASA_AD_2016_0209.pdf,2016-0209,2016-0209,2016-0209,True,400fba1d52933ee835a169afb059f65cadc4b82760fb671bac5c89eb60ef4b58,First-page AD header
2016-0212__AD_2016-0212_1__EASA_AD_2016_0212.pdf,2016-0212,2016-0212,2016-0212,True,1f84cc0494959b6358800d93eb795ce9ffd4d5aca732f89f45361b8d1cd2e7b3,First-page AD header
2016-0217__AD_2016-0217_1__EASA_AD_2016_0217_superseded.pdf,2016-0217,2016-0217,2016-0217,True,eb1f14d75b7260d971ac37e1c15bbeb3c0df42cb2cf189c383386fbd5e183e9d,First-page AD header
2016-0218__AD_2016-0218_1__EASA_AD_2016_0218_superseded.pdf,2016-0218,2016-0218,2016-0218,True,e7a452264b8738e8a47d96342d6f347f3766d832f2d9dd2c9edb6c4be7d288f0,First-page AD header
2016-0219__AD_2016-0219_1__EASA_AD_2016_0219.pdf,2016-0219,2016-0219,2016-0219,True,54977cc3cbdd9f7776b88e578bd203bc21792476fcad49a31ff886e60ac38532,First-page AD header
2016-0222__AD_2016-0222_1__EASA_AD_2016_0222.pdf,2016-0222,2016-0222,2016-0222,True,524c0d9480febe0ccf55c417bee1d699fbf42e0247b88391eda2d19e1709d0e8,First-page AD header
2016-0226__AD_2016-0226_2__EASA_AD_2016_0226_superseded.pdf,2016-0226,2016-0226,2016-0226,True,0c1fc1cb1d5086928ec014adb99d6e9050473f5fabbd3aef8e2b564065ce8530,First-page AD header
2016-0229__AD_2016-0229_1__EASA_AD_2016_0229.pdf,2016-0229,2016-0229,2016-0229,True,81c468ca8bc4a264d943c666c5b73be2dddbb9f52e2eb67153db729738fed5d8,First-page AD header
2016-0231__AD_2016-0231_1__EASA_AD_2016_0231_superseded.pdf,2016-0231,2016-0231,2016-0231,True,fc576e636044d2727b5d5d39f43317a3d71b1783b8fe064154ead01da55cd804,First-page AD header
2016-0236__AD_2016-0236_1__EASA_AD_2016_0236.pdf,2016-0236,2016-0236,2016-0236,True,9378f0757cd928503705459e086fc6cccee9e7c4d056e604e1aec16d4d3286fa,First-page AD header
2016-0238__AD_2016-0238_1__EASA_AD_2016_0238_superseded.pdf,2016-0238,2016-0238,2016-0238,True,b1f9e15c31e46519fa548b94a82437dcc3f216f7555273d17b2a084d26b02c90,First-page AD header
2016-0239__AD_2016-0239_1__EASA_AD_2016_0239_superseded.pdf,2016-0239,2016-0239,2016-0239,True,1bc842e37581f27a6292929bb2618e4788dd009e48b391cb9e3e43cf158638fd,First-page AD header
2016-0241__AD_2016-0241_1__EASA_AD_2016_0241.pdf,2016-0241,2016-0241,2016-0241,True,0b5952605e4727182fc86e8fa3caed2378abafedcb3d790b693848f91fd17cd9,First-page AD header
2016-0248__AD_2016-0248_1__EASA_AD_2016_0248.pdf,2016-0248,2016-0248,2016-0248,True,f7c545b535d5627d30ef3d4f87150ab1d42ae8f68a14748e87dab6353558d02c,First-page AD header
2016-0249__AD_2016-0249_1__EASA_AD_2016_0249_C1_superseded.pdf,2016-0249,2016-0249,2016-0249,True,70d04171fe16dd8dcca65178c601261082b6a40bebc9d7c54f77682341f59702,First-page AD header
2016-0251R1__AD_2016-0251R1_1__EASA_AD_2016_0251_R1_superseded.pdf,2016-0251R1,2016-0251,2016-0251R1,True,7e1c7adb6f64ae90c450d13a1cdea38fa57e124b7e6bdf54ef93964465ece366,First-page AD header
2016-0253__AD_2016-0253_1__EASA_AD_2016_0253_superseded.pdf,2016-0253,2016-0253,2016-0253,True,5defd308232b6cc2171b0437d6d2db9191d80e89228011af3b523f70e7f6a8fa,First-page AD header
2016-0257__AD_2016-0257_1__EASA_AD_2016_0257.pdf,2016-0257,2016-0257,2016-0257,True,cf38dd8c05b5ed8bca5ba72cc058971dac99e48cfe3cfcada5eaee3f8c6b54aa,First-page AD header
2017-0009__AD_2017-0009_1__EASA_AD_2017_0009.pdf,2017-0009,2017-0009,2017-0009,True,44930e4273db372ec56ff0c1ee98530b460c24f9144f3de3db5da00f71a58273,First-page AD header
2017-0013__AD_2017-0013_1__EASA_AD_2017_0013.pdf,2017-0013,2017-0013,2017-0013,True,7955fb2beeb7299dc96f3a6830555bf2c241b6cd1a0ec52fd6a300414a0d484d,First-page AD header
2017-0015__AD_2017-0015_1__EASA_AD_2017_0015.pdf,2017-0015,2017-0015,2017-0015,True,27f2fe87aba446f51732be70d55e1542dba478440e2cf3066acf16670d28674f,First-page AD header
2017-0021__AD_2017-0021_1__EASA_AD_2017_0021.pdf,2017-0021,2017-0021,2017-0021,True,4abf26c0bb58233e2babb2589358bb55504fdbd80a80fc4a6a3c4789faeebe59,First-page AD header
2017-0023__AD_2017-0023_1__EASA_AD_2017_0023_superseded.pdf,2017-0023,2017-0023,2017-0023,True,5c656517a072ccafccee58ed0f2d3ea820d5a625ccc4c94f8444b665f8bd656e,First-page AD header
2017-0027__AD_2017-0027_1__EASA_AD_2017_0027_Superseded.pdf,2017-0027,2017-0027,2017-0027,True,867d8e88913f42a006471e77e799e1d224326d4f02701458f6f7a0e2f9abcb3d,First-page AD header
2017-0029__AD_2017-0029_1__EASA_AD_2017_0029_Superseded.pdf,2017-0029,2017-0029,2017-0029,True,51e31847c2f201c92d52365de216b2052c5fd1fca5be2c730729321182b068fe,First-page AD header
2017-0030__AD_2017-0030_1__EASA_AD_2017_0030_Superseded.pdf,2017-0030,2017-0030,2017-0030,True,9234720480fef4bd0384dbb77be12a26aa2aa718576cf9b10776975efb030962,First-page AD header
2017-0041__AD_2017-0041_1__EASA_AD_2017_0041_C1.pdf,2017-0041,2017-0041,2017-0041,True,e090f66f0af474172b95e66dcfac1d4d734f710f2938d17d190a9870fd4bcf4c,First-page AD header
2017-0044__AD_2017-0044_1__EASA_AD_2017_0044_cancelled.pdf,2017-0044,2017-0044,2017-0044,True,bec021a52160972871cdc44413f0601ab3c6e1e04744d49fd278206b93e36a9a,First-page AD header
2017-0048__AD_2017-0048_1__EASA_AD_2017_0048_C1.pdf,2017-0048,2017-0048,2017-0048,True,2fa61e383e2f9acd989117aa22ba01fd7f1e0d2827bf74edaa99d5ebc83404c6,First-page AD header
2017-0051__AD_2017-0051_1__EASA_AD_2017_0051.pdf,2017-0051,2017-0051,2017-0051,True,b7a53841e8fd46cc70994b9adc31095084421c42da1a29d38b6d7fedc4f93597,First-page AD header
2017-0060__AD_2017-0060_1__EASA_AD_2017_0060.pdf,2017-0060,2017-0060,2017-0060,True,46d8909ba346291159cd2b2e8daf9cb5b882c8f4bd25365d603be827566ae542,First-page AD header
2017-0063__AD_2017-0063_1__EASA_AD_2017_0063.pdf,2017-0063,2017-0063,2017-0063,True,b54d285aef3da863284d4d19d1c8f71b73bb3611c40f4d1f6fbecd7a21e86e25,First-page AD header
2017-0069__AD_2017-0069_1__EASA_AD_2017_0069_superseded.pdf,2017-0069,2017-0069,2017-0069,True,282c0b600b49c591d77de6b11322a7fac8f1255e07137b0d24154234c4e39e00,First-page AD header
2017-0076__AD_2017-0076_1__EASA_AD_2017_0076.pdf,2017-0076,2017-0076,2017-0076,True,147f94702d58a685ebf3a49658fab1452763ef3028a492314a1d2844e6e1e3e5,First-page AD header
2017-0078__AD_2017-0078_2__EASA_AD_2017_0078_superseded.pdf,2017-0078,2017-0078,2017-0078,True,23030d5eadff5bd27e6b4ceaaa9cfe230011eb075422dcdf3ec206a73662b070,First-page AD header
2017-0081__AD_2017-0081_1__EASA_AD_2017_0081.pdf,2017-0081,2017-0081,2017-0081,True,97387bf9792c35feaa1040f7846abd9c46cda0ea9cfc367f2af17c8c44ecff24,First-page AD header
2017-0082__AD_2017-0082_1__EASA_AD_2017_0082.pdf,2017-0082,2017-0082,2017-0082,True,36c8bcd45a0cb952348e1da36877584e02ec703c09659fe0493094abcac4e99f,First-page AD header
2017-0091R2__AD_2017-0091R2_2__EASA_AD_2017_0091_R2.pdf,2017-0091R2,2017-0091,2017-0091R2,True,a42b28e7036d1c43cb54a3168ec9321d0bc9abfd843fdf42a621ee82673f2a23,First-page AD header
2017-0093__AD_2017-0093_1__EASA_AD_2017_0093.pdf,2017-0093,2017-0093,2017-0093,True,779a5d8e9bf8c99a2f3cadcd7f73e9e09133719c106ca0b944e50262b4a03e14,First-page AD header
2017-0098R2__AD_2017-0098R2_1__EASA_AD_2017_0098R2.pdf,2017-0098R2,2017-0098,2017-0098R2,True,881b2ea5e3b1defb9637384d45fd7ab79550a7f1a9acc1ee12eb922b34f1568a,First-page AD header
2017-0099__AD_2017-0099_1__EASA_AD_2017_0099_superseded.pdf,2017-0099,2017-0099,2017-0099,True,44682c4ce71e48053b2534d0942f1a061b0e6d10528eaaaecb15ffb6309e3d29,First-page AD header
2017-0105R2__AD_2017-0105R2_2__EASA_AD_2017_0105_R2.pdf,2017-0105R2,2017-0105,2017-0105R2,True,6eec367e201181243a727ea0bbb2fb153cdf46db0e1d8dab11837ae647e09f9a,First-page AD header
2017-0117__AD_2017-0117_1__EASA_AD_2017_0117_superseded.pdf,2017-0117,2017-0117,2017-0117,True,8dd5b725de09c4463c1c512ea235aececa3764e6e887f7dfb3b0c507bb723ec8,First-page AD header
2017-0119__AD_2017-0119_2__EASA_AD_2017_0119.pdf,2017-0119,2017-0119,2017-0119,True,cd7222d0d3ef425683395ee76a4d21c65823a68448e5e96a2a73ef30e95f8b96,First-page AD header
2017-0122__AD_2017-0122_1__EASA_AD_2017_0122.pdf,2017-0122,2017-0122,2017-0122,True,32f8349ef1c10c86667a4656b9211011485e5a10b7f3f0c6b9466849802977a5,First-page AD header
2017-0128__AD_2017-0128_1__EASA_AD_2017_0128.pdf,2017-0128,2017-0128,2017-0128,True,7ea7ac434c9119308d0d501a5eb459d35b56b784abcb32e2a9d8c34e6fe1c1bf,First-page AD header
2017-0129R1__AD_2017-0129R1_1__EASA_AD_2017_0129_R1.pdf,2017-0129R1,2017-0129,2017-0129R1,True,86899fc4f9bd06d8f7f4710442caf9f825b9757b56127ce349f82a73ce6e14be,First-page AD header
2017-0131R1__AD_2017-0131R1_1__EASA_AD_2017_0131_R1_superseded.pdf,2017-0131R1,2017-0131,2017-0131R1,True,45092d56e9d1cdbf0a3c19d7dc0f19de9517b7ae18314cd45157f5a9f47732d5,First-page AD header
2017-0132R2__AD_2017-0132R2_1__EASA_AD_2017_0132_R2.pdf,2017-0132R2,2017-0132,2017-0132R2,True,1e661882b5884775b9de6e3b264f2daed82839eb4f83d3e6eaa5c157fb2777a8,First-page AD header
2017-0135__AD_2017-0135_1__EASA_AD_2017_0135_cancelled.pdf,2017-0135,2017-0135,2017-0135,True,0d5edd9f6fbfc076eb1c949e4d474e28778cb6bf956fae4e69ef2469b23e6c3a,First-page AD header
2017-0138__AD_2017-0138_1__EASA_AD_2017_0138_superseded.pdf,2017-0138,2017-0138,2017-0138,True,b6b83d651aaf30eebc4b734abb4c9fbab9604ca688314270d254015f83fd5f8c,First-page AD header
2017-0140R1__AD_2017-0140R1_1__EASA_AD_2017_0140R1.pdf,2017-0140R1,2017-0140,2017-0140R1,True,9d47f22939e5ea0ff1ea272548d868146fdd03e0b7743f6d15fb8c0fa59f1e65,First-page AD header
2017-0141__AD_2017-0141_1__EASA_AD_2017_0141.pdf,2017-0141,2017-0141,2017-0141,True,22464f5cf5491ea224fae419c9b882a19073bbe5bf076b4432009c790bc9a630,First-page AD header
2017-0145__AD_2017-0145_1__EASA_AD_2017_0145_superseded.pdf,2017-0145,2017-0145,2017-0145,True,cda63d8951ed6f382b92d0d96bb13e48972b38eec7478a61bc2d98f9dc0d61e2,First-page AD header
2017-0150__AD_2017-0150_1__EASA_AD_2017_0150_superseded.pdf,2017-0150,2017-0150,2017-0150,True,aad81520e465891f8a89704065ea5bcceab27f520d3b52138493aef826e3f5e5,First-page AD header
2017-0152__AD_2017-0152_1__EASA_AD_2017_0152.pdf,2017-0152,2017-0152,2017-0152,True,973218825f8ba34b108202ae46cc3d49e6ebab07d4f59c82cbab5481641653d7,First-page AD header
2017-0153__AD_2017-0153_1__EASA_AD_2017_0153.pdf,2017-0153,2017-0153,2017-0153,True,1d15bd951fffd573ec63cea4fbe1141d2f2374699e4cdefea39b683ec352d64a,First-page AD header
2017-0158R2__AD_2017-0158R2_1__EASA_AD_2017_0158_R2.pdf,2017-0158R2,2017-0158,2017-0158R2,True,1ef531e8febce07ce9b767ea53ec5f52e93c31d9742d85398a6036767161020f,First-page AD header
2017-0161R1__AD_2017-0161R1_1__EASA_AD_2017_0161_R1_C1_superseded.pdf,2017-0161R1,2017-0161,2017-0161R1,True,5eb653b921a75ec3c968e40f05e31e2eaf144d375191ca2e9f8e42381ea84bc7,First-page AD header
2017-0168__AD_2017-0168_1__EASA_AD_2017_0168_superseded.pdf,2017-0168,2017-0168,2017-0168,True,281b0ce108b39d7af43c835c4f190cd2a57045414307cce59e7d08acea1661f0,First-page AD header
2017-0169__AD_2017-0169_1__EASA_AD_2017_0169_superseded.pdf,2017-0169,2017-0169,2017-0169,True,dc36e53569bc57efaac6a2c22b8a86b40eac289a9de529d445ea7a9cbd348088,First-page AD header
2017-0170__AD_2017-0170_1__EASA_AD_2017_0170_superseded.pdf,2017-0170,2017-0170,2017-0170,True,be65283a5555bffd53bb9fac231931c57c35f68f8fc07c89b66f24a9bd1f91fd,First-page AD header
2017-0173__AD_2017-0173_1__EASA_AD_2017_0173_superseded.pdf,2017-0173,2017-0173,2017-0173,True,c712b0544c6316b27f96ee0eedcb09ca4ae24c2387d568c7ad881ab3b04e2e89,First-page AD header
2017-0178__AD_2017-0178_1__EASA_AD_2017_0178.pdf,2017-0178,2017-0178,2017-0178,True,7f33aa93086ff4da22b8d8bd93beb155880939c54f77cd530274a4f81b038efe,First-page AD header
2017-0180__AD_2017-0180_1__EASA_AD_2017_0180_superseded.pdf,2017-0180,2017-0180,2017-0180,True,12c63e826906c46b8db28f847baf4dd5ede93b82c284148e4045113dbc3be796,First-page AD header
2017-0182__AD_2017-0182_1__EASA_AD_2017_0182_superseded.pdf,2017-0182,2017-0182,2017-0182,True,dc9918bc8964531d922f698a581bb0a82fb591c05a53fb9a919b8ea595281544,First-page AD header
2017-0183__AD_2017-0183_1__EASA_AD_2017_0183_superseded.pdf,2017-0183,2017-0183,2017-0183,True,7ab41d4e490a6c3a4c736b157f509729a3357427e22268feee3071c5e79272c0,First-page AD header
2017-0185__AD_2017-0185_1__EASA_AD_2017_0185.pdf,2017-0185,2017-0185,2017-0185,True,db2e75a6243f8c0c5b4af6a5146dac3085fc89b691770b6811e509151546ae08,First-page AD header
2017-0186__AD_2017-0186_1__EASA_AD_2017_0186.pdf,2017-0186,2017-0186,2017-0186,True,905f2ffc378fe92125c5963fb4817bf009bfed0f73b90b30cef9891084e15acd,First-page AD header
2017-0188R1__AD_2017-0188R1_1__EASA_AD_2017_0188_R1.pdf,2017-0188R1,2017-0188,2017-0188R1,True,df291f502e8ebd539dc2102e6096d1e432239b0667705446f404954f60fc8ec2,First-page AD header
2017-0195R1__AD_2017-0195R1_2__EASA_AD_2017_0195_R1.pdf,2017-0195R1,2017-0195,2017-0195R1,True,bd80458cc792718bc1966d769866dd210a71ed50449fc4720ed721c4ee312ba0,First-page AD header
2017-0196__AD_2017-0196_2__EASA_AD_2017_0196.pdf,2017-0196,2017-0196,2017-0196,True,6a2ec60dd29fd64cdb320777eb3fdb4a66f1b9ee2b944572c270774c344dd7bf,First-page AD header
2017-0200__AD_2017-0200_1__EASA_AD_2017_0200_superseded.pdf,2017-0200,2017-0200,2017-0200,True,8cb407de9e590f1d93041823db80ceb0e8f49b7b30c58ea350252e2693bc2f13,First-page AD header
2017-0202__AD_2017-0202_1__EASA_AD_2017_0202.pdf,2017-0202,2017-0202,2017-0202,True,947ca2cff54111830ff1443db9ed8ad3cca0789cae4899e8293e4b14c7530ca2,First-page AD header
2017-0203__AD_2017-0203_1__EASA_AD_2017_0203.pdf,2017-0203,2017-0203,2017-0203,True,ab46e0fcab8fad0a2eee29efc4ce7f218d2492eca75c5cf67f12632879f4faa3,First-page AD header
2017-0204R1__AD_2017-0204R1_1__EASA_AD_2017_0204_R1.pdf,2017-0204R1,2017-0204,2017-0204R1,True,0f6136697bd275a05138e6a5f5240d6a7281f716f515318b1f07718249677b76,First-page AD header
2017-0205__AD_2017-0205_2__EASA_AD_2017_0205_Superseded.pdf,2017-0205,2017-0205,2017-0205,True,9b3fc89783a7ed2ca6c5a934f9373d4428b160d51d3745b4cbd13b3f48528f32,First-page AD header
2017-0206__AD_2017-0206_1__EASA_AD_2017_0206_Superseded.pdf,2017-0206,2017-0206,2017-0206,True,ff1beca42c77e0c83b301fb026d6346d962bcc0fdd054e9cf55d656820d139d7,First-page AD header
2017-0207__AD_2017-0207_1__EASA_AD_2017_0207_Superseded.pdf,2017-0207,2017-0207,2017-0207,True,6164cc433a4c9719f10390b94f0d5f82898ddc8362b66589ba13b6ddf0b90d92,First-page AD header
2017-0209R1__AD_2017-0209R1_1__EASA_AD_2017_0209_R1.pdf,2017-0209R1,2017-0209,2017-0209R1,True,8e05124db2a10f84d329ff4623c3332f1a63a546740830e4bdef56040efd14d2,First-page AD header
2017-0210__AD_2017-0210_1__EASA_AD_2017_0210_superseded.pdf,2017-0210,2017-0210,2017-0210,True,ad838ff47e37f106d9acb9da8e3316df90817d3d996fa0a640d02fb28a30696e,First-page AD header
2017-0215__AD_2017-0215_1__EASA_AD_2017_0215_superseded.pdf,2017-0215,2017-0215,2017-0215,True,5f025a2760c1f071015c68b4279794187cd24987596d5c87967145ef93510ce6,First-page AD header
2017-0216__AD_2017-0216_1__EASA_AD_2017_0216.pdf,2017-0216,2017-0216,2017-0216,True,53ce41ebb0f3e7fe95837cf8e401bd6f2b5db12b7252ee8b4f369b84da569795,First-page AD header
2017-0224__AD_2017-0224_1__EASA_AD_2017_0224_superseded.pdf,2017-0224,2017-0224,2017-0224,True,c0c2357f1dfb38994419cfba29c05970336a211c6174c6ff8af317c1b7493f4e,First-page AD header
2017-0228__AD_2017-0228_1__EASA_AD_2017_0228_cancelled.pdf,2017-0228,2017-0228,2017-0228,True,91567c53e8d148bcc45108ca2634728e79f6ecc9f22169a6c5482c4f4adb7e6c,First-page AD header
2017-0231__AD_2017-0231_1__EASA_AD_2017_0231_superseded.pdf,2017-0231,2017-0231,2017-0231,True,65d8f3e7e5d809a0b104f0a759a0137325a8b92971c31af2be6599c6a3725d1f,First-page AD header
2017-0233__AD_2017-0233_1__EASA_AD_2017_0233.pdf,2017-0233,2017-0233,2017-0233,True,0de107a2e1b689cc0bc40c5516a2158273c39ac651eca4334bb7c49463fefd3b,First-page AD header
2017-0237R1__AD_2017-0237R1_1__EASA_AD_2017_0237_R1.pdf,2017-0237R1,2017-0237,2017-0237R1,True,29223d6dff6a126515afbdcfccb81c817e1781ae87ddb506275b0718e5fc1168,First-page AD header
2017-0245__AD_2017-0245_1__EASA_AD_2017_0245_superseded.pdf,2017-0245,2017-0245,2017-0245,True,4563ee51fdf94b435cb2a23e1b9ee9127e26939b87bff9956d347bd88357674d,First-page AD header
2017-0246R1__AD_2017-0246R1_1__EASA_AD_2017_0246_R1.pdf,2017-0246R1,2017-0246,2017-0246R1,True,ac1bfac5c366f2cefdafafead1d4639e0397d948412a95a366eacf0d7b49edb1,First-page AD header
2017-0249__AD_2017-0249_1__EASA_AD_2017_0249.pdf,2017-0249,2017-0249,2017-0249,True,158c3a8a4b4ad6937fc9de983c4917711087fc8733590e8a3604a9c113184fb9,First-page AD header
2017-0251__AD_2017-0251_1__EASA_AD_2017_0251_superseded.pdf,2017-0251,2017-0251,2017-0251,True,484e1c778a4880b2e75799837df8619f0e0ff2f513c6a87476ef69671e338f6f,First-page AD header
2017-0257R1__AD_2017-0257R1_1__EASA_AD_2017_0257_R1_superseded.pdf,2017-0257R1,2017-0257,2017-0257R1,True,7eab4906648df4040350de5e3c3adcefbd3240889d2e585d0e6004f67fbe30ab,First-page AD header
2018-0004__AD_2018-0004_1__EASA_AD_2018_0004_superseded.pdf,2018-0004,2018-0004,2018-0004,True,45c131ad4e0d87d502048f3426f22c4a4371a76f70ff21ae0db9761ff1ee90eb,First-page AD header
2018-0005__AD_2018-0005_1__EASA_AD_2018_0005.pdf,2018-0005,2018-0005,2018-0005,True,ea64262222657c61efd7b9ef0a50ffd8ab456a9e5f76d80f5d56889c626082c2,First-page AD header
2018-0007R1__AD_2018-0007R1_1__EASA_AD_2018_0007_R1.pdf,2018-0007R1,2018-0007,2018-0007R1,True,facb6cbdbff6563412bd3e6bbcfeb39f647a015189e658fee0ad190298fe4823,First-page AD header
2018-0008__AD_2018-0008_1__EASA_AD_2018_0008.pdf,2018-0008,2018-0008,2018-0008,True,c2127aa377400475e1f75e8903317306c1181c96d3e2ebf8d6f2d5943e782613,First-page AD header
2018-0023__AD_2018-0023_1__EASA_AD_2018_0023_C1.pdf,2018-0023,2018-0023,2018-0023,True,e9fb835d7b8d7ba7109573eb22e7ae40fd275291800be2e292914e9dfac6e7de,First-page AD header
2018-0024__AD_2018-0024_1__EASA_AD_2018_0024.pdf,2018-0024,2018-0024,2018-0024,True,9d853950ea7ffc651a95d4d418c3aa1b74d3f5339dfa9bd6728505b8bd344a01,First-page AD header
2018-0031__AD_2018-0031_1__EASA_AD_2018_0031.pdf,2018-0031,2018-0031,2018-0031,True,ec84087ae967ef707d2a04dd112cb2c61238a1759549106664232bacf1d20c07,First-page AD header
2018-0034-CN__AD_2018-0034-CN_1__EASA_AD_2018_0034_CN.pdf,2018-0034,2018-0034,2018-0034,True,38aa53bb50fc9b639de4239c2338078cf21e515ffb1279aa030a250f36f67a8f,First-page AD header
2018-0036__AD_2018-0036_1__EASA_AD_2018_0036.pdf,2018-0036,2018-0036,2018-0036,True,96d5dfcfbbee8842b5afd8103afa40c1f493f22bc893efae4ff8c2e6e53bcfc2,First-page AD header
2018-0037__AD_2018-0037_1__EASA_AD_2018_0037_superseded.pdf,2018-0037,2018-0037,2018-0037,True,2a1b638648a578a93b7ef1891105f40c66f1a8767d13ece670b2971cd6e2b009,First-page AD header
2018-0038__AD_2018-0038_1__EASA_AD_2018_0038_C1.pdf,2018-0038,2018-0038,2018-0038,True,366dfa3d52e807236385c9477d3a2307dbe6f0ab0ffbd0a7c047ad87fe91d30d,First-page AD header
2018-0041R1__AD_2018-0041R1_1__EASA_AD_2018_0041_R1_C1.pdf,2018-0041R1,2018-0041,2018-0041R1,True,da510f502df8f2f138fdbd894be278e7063a84c095bcd4f408df2e650a2ecd8c,First-page AD header
2018-0043R1__AD_2018-0043R1_1__EASA_AD_2018_0043_R1.pdf,2018-0043R1,2018-0043,2018-0043R1,True,b6e263893701b7312ae6b09f2de69d5c0b6cf737628b108acbcfe27dcf1c29e7,First-page AD header
2018-0045__AD_2018-0045_1__EASA_AD_2018_0045_superseded.pdf,2018-0045,2018-0045,2018-0045,True,0ea658bb98f591ca30b179a85523647b39ff27499c90c88dc910387f77f6ed19,First-page AD header
2018-0054__AD_2018-0054_1__EASA_AD_2018_0054.pdf,2018-0054,2018-0054,2018-0054,True,ac05cfc33474760cfd7f24c040a7c6be9e40b81085861880ea1064f5d6d187da,First-page AD header
2018-0058R2__AD_2018-0058R2_2__EASA_AD_2018_0058_R2.pdf,2018-0058R2,2018-0058,2018-0058R2,True,1d7a1182f28e0a523d77baab3a98275ae65bb0778d7412c80b093d3ba906822a,First-page AD header
2018-0060R1__AD_2018-0060R1_1__EASA_AD_2018_0060_R1.pdf,2018-0060R1,2018-0060,2018-0060R1,True,2fa27eec96aac1f20164dabd04dcaadf91e47d0d3a7fceba07d961f406062938,First-page AD header
2018-0062__AD_2018-0062_2__EASA_AD_2018_0062.pdf,2018-0062,2018-0062,2018-0062,True,4dd2d8436b8e1ab3cdb42aada11cf111c397aae288b05c787a2acf0734171681,First-page AD header
2018-0064__AD_2018-0064_2__EASA_AD_2018_0064.pdf,2018-0064,2018-0064,2018-0064,True,bb94f16be60e82c3b818df47795fd52938ae74670fc8f2661376f5b49ed81896,First-page AD header
2018-0068__AD_2018-0068_1__EASA_AD_2018_0068_superseded.pdf,2018-0068,2018-0068,2018-0068,True,a7c25d95b35e5a12d3d59ce6763bf69d8122db66d867982204a5473bb53e18a8,First-page AD header
2018-0074__AD_2018-0074_1__EASA_AD_2018_0074.pdf,2018-0074,2018-0074,2018-0074,True,2430fb300aa6a3fd2def018e392cc5a7cfe3a003dc7839b698980c7e4f76cb0c,First-page AD header
2018-0091__AD_2018-0091_1__EASA_AD_2018_0091.pdf,2018-0091,2018-0091,2018-0091,True,20feac0a49b3afa68bff66d6271565fadb5fc3077709970383204ae0b1cd0d0b,First-page AD header
2018-0096__AD_2018-0096_1__EASA_AD_2018_0096_superseded.pdf,2018-0096,2018-0096,2018-0096,True,9a966002d3c6078b4e0cf384be435d4d68b4668d79abe6c41974fddf18b7c8f5,First-page AD header
2018-0097__AD_2018-0097_1__EASA_AD_2018_0097_superseded.pdf,2018-0097,2018-0097,2018-0097,True,f03478db78724462b9cecf7cf31ea951407feacd829bdaf9b2d8868663e6b033,First-page AD header
2018-0098__AD_2018-0098_1__EASA_AD_2018_0098.pdf,2018-0098,2018-0098,2018-0098,True,2bf458462bfefe22c43c0deaa5ddf5972ff321b706b6e1e6095b8efefc3f221b,First-page AD header
2018-0099__AD_2018-0099_1__EASA_AD_2018_0099.pdf,2018-0099,2018-0099,2018-0099,True,072e8266de5f2fe925fe3730eb893ce0b231f51416e7268e4602c6bc2fc96fca,First-page AD header
2018-0100__AD_2018-0100_1__EASA_AD_2018_0100_superseded.pdf,2018-0100,2018-0100,2018-0100,True,9bea77ad767bc11182509777023e3eb08d471fa4b5adac2da0219ef47461eabc,First-page AD header
2018-0102__AD_2018-0102_1__EASA_AD_2018_0102.pdf,2018-0102,2018-0102,2018-0102,True,ceb175412eb80be157c0caa0bdcae7d166b78f9ca89ebaff6864b02f601ef9c0,First-page AD header
2018-0108__AD_2018-0108_1__EASA_AD_2018_0108.pdf,2018-0108,2018-0108,2018-0108,True,8dc8f8bc2101057504d713f4a45613551e3e6c99367ca3c2936059eab7c785e2,First-page AD header
2018-0110__AD_2018-0110_1__EASA_AD_2018_0110.pdf,2018-0110,2018-0110,2018-0110,True,77b2eb2ff9f9f0a7d4e6ae4c48a2af0f361ca0fc6aaa2da828837e33e7a53310,First-page AD header
2018-0111R1__AD_2018-0111R1_1__EASA_AD_2018_0111_R1.pdf,2018-0111R1,2018-0111,2018-0111R1,True,833af6879e5d7316a486319b47e73dd887d75c75d156bf81e80bcd9dfd53a98d,First-page AD header
2018-0116__AD_2018-0116_1__EASA_AD_2018_0116_superseded.pdf,2018-0116,2018-0116,2018-0116,True,0ac5374f5e44ad09596cacb96199ab143fc50f2e05170f9e7e90b5f8af355368,First-page AD header
2018-0117R1__AD_2018-0117R1_1__EASA_AD_2018_0117_R1.pdf,2018-0117R1,2018-0117,2018-0117R1,True,b586076aba18a0c817d62a4d450056126cb905dccb33f3e505562444d6b2ad8a,First-page AD header
2018-0118R1__AD_2018-0118R1_1__EASA_AD_2018_0118_R1_superseded.pdf,2018-0118R1,2018-0118,2018-0118R1,True,fa12d21f7c9e158d192ce994cc4d3aa6bfa7757c73462c53877615cd4bd36e3d,First-page AD header
2018-0119__AD_2018-0119_1__EASA_AD_2018_0119.pdf,2018-0119,2018-0119,2018-0119,True,24eaac6f0026c13560898e35c5ec0199e74754562d15d1de5beaf1e242d3cb11,First-page AD header
2018-0123__AD_2018-0123_1__EASA_AD_2018_0123.pdf,2018-0123,2018-0123,2018-0123,True,98f68816ee4878c509b71a3b00c84cabc6f930f258de8d928f13d23ed584403c,First-page AD header
2018-0129__AD_2018-0129_1__EASA_AD_2018_0129.pdf,2018-0129,2018-0129,2018-0129,True,f02a9da769102dc998408e7c04552c5372c3b1d8e15116e7bc9f999f8ab8b6f8,First-page AD header
2018-0131__AD_2018-0131_2__EASA_AD_2018_0131_superseded.pdf,2018-0131,2018-0131,2018-0131,True,a6a7b048e0873a2d492ee85bf5293ed21b9355d65a8c35d674535e31a7355702,First-page AD header
2018-0135R1__AD_2018-0135R1_1__EASA_AD_2018_0135_R1_superseded.pdf,2018-0135R1,2018-0135,2018-0135R1,True,5faabaad77dddb07e4b9534d4023a81540de62e9e6123026f0a1c4376ae88eec,First-page AD header
2018-0136__AD_2018-0136_1__EASA_AD_2018_0136_superseded.pdf,2018-0136,2018-0136,2018-0136,True,fcdbfe5df25293bec489cbc0a1530ae79bd32e9df10fb26597beadcce8788dcf,First-page AD header
2018-0137R1__AD_2018-0137R1_1__EASA_AD_2018_0137_R1.pdf,2018-0137R1,2018-0137,2018-0137R1,True,a41ace98349e5ff000f4389a2ffacbf02561f4df12fe57b677214d87444db530,First-page AD header
2018-0138__AD_2018-0138_1__EASA_AD_2018_0138.pdf,2018-0138,2018-0138,2018-0138,True,5fe1ea9ab22d15b441b6eeb6b252543198d4a8dfde7a1e6e38908b0a34c80961,First-page AD header
2018-0141__AD_2018-0141_1__EASA_AD_2018_0141_superseded.pdf,2018-0141,2018-0141,2018-0141,True,a93b1544a9abea3217bf7cd2f3785acee5514548749d5263d8245bf90920cea7,First-page AD header
2018-0144R1__AD_2018-0144R1_1__EASA_AD_2018_0144_R1.pdf,2018-0144R1,2018-0144,2018-0144R1,True,e1592436fbdf63b43221adb7f52f669c1b3f4b2a517b901d04d9750eefb80738,First-page AD header
2018-0145R3__AD_2018-0145R3_1__EASA_AD_2018_0145_R3.pdf,2018-0145R3,2018-0145,2018-0145R3,True,a3f49421d3f1fcad2181079b07ce3182f657a1cb985fd02d96c4031b2288745d,First-page AD header
2018-0146__AD_2018-0146_1__EASA_AD_2018_0146.pdf,2018-0146,2018-0146,2018-0146,True,c8ca3580c260f7e0cba031b95b7839e6a6aaff8d0a834b591b017c5f4c58d85a,First-page AD header
2018-0147__AD_2018-0147_1__EASA_AD_2018_0147_superseded.pdf,2018-0147,2018-0147,2018-0147,True,7f08ccde78e69c19f0e6d3646e89fb596f45e7b6f9afd10461aada8795af3fe4,First-page AD header
2018-0148R1__AD_2018-0148R1_1__EASA_AD_2018_0148_R1_superseded.pdf,2018-0148R1,2018-0148,2018-0148R1,True,c90e550e3e81f59df9c6f994aac824a8623736296573d874ee929b947c4c4a9b,First-page AD header
2018-0150__AD_2018-0150_1__EASA_AD_2018_0150.pdf,2018-0150,2018-0150,2018-0150,True,bd64954f9bc2a5c4f160fb842213502e5ecd95d7a8c514ceb7dbf8cec7a5f6cd,First-page AD header
2018-0151__AD_2018-0151_1__EASA_AD_2018_0151.pdf,2018-0151,2018-0151,2018-0151,True,bc17da6d4ae9c8a5da6a866983a392a25cf1b2bd0b6b91b49ad0358f4bfec9ff,First-page AD header
2018-0154__AD_2018-0154_1__EASA_AD_2018_0154.pdf,2018-0154,2018-0154,2018-0154,True,bf347efc57d9ee5c524a404511faeae884fe06d930cb0a1b64d2a8a6159b258f,First-page AD header
2018-0155__AD_2018-0155_1__EASA_AD_2018_0155.pdf,2018-0155,2018-0155,2018-0155,True,e256f7c0c06c0455f7d09696c0210dfc0caaa4404de37587d2a86d44ab629553,First-page AD header
2018-0160__AD_2018-0160_1__EASA_AD_2018_0160.pdf,2018-0160,2018-0160,2018-0160,True,b03b847baa0bcd7a9ff2375b62adcc4ba1c62e0c8dc6f17f8cfd9082803867be,First-page AD header
2018-0161__AD_2018-0161_1__EASA_AD_2018_0161.pdf,2018-0161,2018-0161,2018-0161,True,f34ad672dbd61cb91a9b06ccd286b2df1da3c149212f8df4b34123a1b161cf6e,First-page AD header
2018-0162__AD_2018-0162_1__EASA_AD_2018_0162.pdf,2018-0162,2018-0162,2018-0162,True,fdce63245e751b1168630059de2058f8a051b3ffe0ec363cfea24f1d6c19111c,First-page AD header
2018-0170__AD_2018-0170_1__EASA_AD_2018_0170_superseded.pdf,2018-0170,2018-0170,2018-0170,True,ec44caf3381724b311498039a4ed08380243710583d42d06749a16cca2333bd5,First-page AD header
2018-0174__AD_2018-0174_1__EASA_AD_2018_0174.pdf,2018-0174,2018-0174,2018-0174,True,706dc0c36f4c0f841fac7e3da8b6537f8ef1756bebd752cbfadf7799bf57b2eb,First-page AD header
2018-0178__AD_2018-0178_2__EASA_AD_2018_0178.pdf,2018-0178,2018-0178,2018-0178,True,cc4eaa6b975ed504d9ba90ca86026e693edf7e1414dfa4d85a80c50398316a33,First-page AD header
2018-0179__AD_2018-0179_1__EASA_AD_2018_0179_superseded.pdf,2018-0179,2018-0179,2018-0179,True,0d95b91674eb921c86807c2b937ef41728ddf55de72188ee7c1d187c0d311eed,First-page AD header
2018-0180__AD_2018-0180_1__EASA_AD_2018_0180_superseded.pdf,2018-0180,2018-0180,2018-0180,True,b33a5a8ec50289c7c8ce83fcf984dff959b18668877041409112a753d216912f,First-page AD header
2018-0189__AD_2018-0189_1__EASA_AD_2018_0189.pdf,2018-0189,2018-0189,2018-0189,True,8469db99c8e93df8ab01fa447f1f1e88fefda170b6e98b575dce86f06fe0b60f,First-page AD header
2018-0191R1__AD_2018-0191R1_1__EASA_AD_2018_0191_R1.pdf,2018-0191R1,2018-0191,2018-0191R1,True,ac3bc8bffbe8fef3afbfc0ea37aa9cd31f2072a59e9213b9dbb6b6a4a47c5d22,First-page AD header
2018-0192__AD_2018-0192_1__EASA_AD_2018_0192.pdf,2018-0192,2018-0192,2018-0192,True,6519eb4606711bbdf862d187334f39f9b6612340882d3e56e279254cb97cd6a8,First-page AD header
2018-0196__AD_2018-0196_1__EASA_AD_2018_0196.pdf,2018-0196,2018-0196,2018-0196,True,1a7f1c21d5abd09f89d726ea368c6e07e24110c929e7ce4c624f2d01d2a7e8db,First-page AD header
2018-0198__AD_2018-0198_1__EASA_AD_2018_0198.pdf,2018-0198,2018-0198,2018-0198,True,f665fa918116df3f4f5478ce7d5b6d1682ab3c5c6ee53a9869c2175f7349dc78,First-page AD header
2018-0200__AD_2018-0200_1__EASA_AD_2018_0200.pdf,2018-0200,2018-0200,2018-0200,True,6efaa8d4b08cf8cb5b1ce25f8e36bbc74cafb0a4d55caaa867c1280eeb705629,First-page AD header
2018-0201__AD_2018-0201_1__EASA_AD_2018_0201.pdf,2018-0201,2018-0201,2018-0201,True,ee8bf5f1270acd2af1b5d05bb5dc0cb982a7cfa1b6c498d01886dcd99f64d9ca,First-page AD header
2018-0212R1__AD_2018-0212R1_1__EASA_AD_2018_0212_R1.pdf,2018-0212R1,2018-0212,2018-0212R1,True,e72cc293bfbee19465e1f3c2f8a6e5d6d3631af44029a57ce9f70d4c6c322262,First-page AD header
2018-0213R1__AD_2018-0213R1_1__EASA_AD_2018_0213_R1_superseded.pdf,2018-0213R1,2018-0213,2018-0213R1,True,ff65cd2029ff4dda13a2078324e95241135046e943f179add6fb876a0b62d4cc,First-page AD header
2018-0215__AD_2018-0215_1__EASA_AD_2018_0215_superseded.pdf,2018-0215,2018-0215,2018-0215,True,7220fd0c17aee18a2af77f3d64326fcde23cd1e7cc1cfcd68d3da0f5236d25d3,First-page AD header
2018-0218__AD_2018-0218_1__EASA_AD_2018_0218C1_superseded.pdf,2018-0218,2018-0218,2018-0218,True,b35f45a36f2368a494e7d92ef8fc60b87165fe1671985cec506bee520072b837,First-page AD header
2018-0220__AD_2018-0220_1__EASA_AD_2018_0220.pdf,2018-0220,2018-0220,2018-0220,True,5b5e258ca76b67a952deeee7bbb0dd25a59700c2ef9829ef7cfbf526efc6e686,First-page AD header
2018-0221__AD_2018-0221_1__EASA_AD_2018_0221.pdf,2018-0221,2018-0221,2018-0221,True,6f2ad3e0e6c68a5f123c59cbc4e1d511792458e1010d6545e08846cdf2afbc2f,First-page AD header
2018-0224__AD_2018-0224_1__EASA_AD_2018_0224.pdf,2018-0224,2018-0224,2018-0224,True,3aa94dbc002a7acc3417214b803cb169ba09b26af9e491209b800cdfa8dc864e,First-page AD header
2018-0226-CN__AD_2018-0226-CN_1__EASA_AD_2018_0226_CN.pdf,2018-0226,2018-0226,2018-0226,True,0c5a2e74e29355846ec55edcc33c932610147fcd264eb8b050543d003bc59164,First-page AD header
2018-0227__AD_2018-0227_1__EASA_AD_2018_0227.pdf,2018-0227,2018-0227,2018-0227,True,01d06a98d1620878fe38f52c011a9afb560dc8af7362824c6704223ffb714781,First-page AD header
2018-0228__AD_2018-0228_1__EASA_AD_2018_0228.pdf,2018-0228,2018-0228,2018-0228,True,da5303bab086e5fd1f3b54dd60b19a44ff583287d2ab8d705d38b1d606881e32,First-page AD header
2018-0229R1__AD_2018-0229R1_1__EASA_AD_2018_0229_R1.pdf,2018-0229R1,2018-0229,2018-0229R1,True,65c94db92ba8cb93360816c835549b39b02c563361e936fbc04a0942a376f2f5,First-page AD header
2018-0231__AD_2018-0231_1__EASA_AD_2018_0231_superseded.pdf,2018-0231,2018-0231,2018-0231,True,3c713f3794123e21ef233d095fa2f90e0d4225ed70486fb5444d0e3b171440d7,First-page AD header
2018-0233R1__AD_2018-0233R1_1__EASA_AD_2018_0233_R1_superseded.pdf,2018-0233R1,2018-0233,2018-0233R1,True,6a40fc98a03b3626b5dfce8606be8b190947688be177d9b815c3c09ae5ee03d0,First-page AD header
2018-0234R3__AD_2018-0234R3_1__EASA_AD_2018_0234R3.pdf,2018-0234R3,2018-0234,2018-0234R3,True,1ad996e3760b89a26eeb110344d8fe95e7d10edd5a318abfe164dafe635f684b,First-page AD header
2018-0243__AD_2018-0243_1__EASA_AD_2018_0243.pdf,2018-0243,2018-0243,2018-0243,True,9e2bde414e7f6836fdc358487172c2cc918c88de347b8fd1058f3fcb28307c63,First-page AD header
2018-0244__AD_2018-0244_1__EASA_AD_2018_0244.pdf,2018-0244,2018-0244,2018-0244,True,1cc1af046b034aa004babcf339be8b88d7aa9008d889962ad033503f4875d065,First-page AD header
2018-0245R1__AD_2018-0245R1_1__EASA_AD_2018_0245_R1_superseded.pdf,2018-0245R1,2018-0245,2018-0245R1,True,6c4dccc8771b225a988ba677f4f4b54cb83f04d40799034b977cdf5408d6700d,First-page AD header
2018-0246__AD_2018-0246_1__EASA_AD_2018_0246.pdf,2018-0246,2018-0246,2018-0246,True,23a12457cfa740b45c583778e23c85abd9225eb7db58127f30914e6733d3e364,First-page AD header
2018-0249R1__AD_2018-0249R1_1__EASA_AD_2018_0249_R1_C1.pdf,2018-0249R1,2018-0249,2018-0249R1,True,1863cafffb10a7e60a39b31704e4547bf234d639096cee9c63a96d9553c30517,First-page AD header
2018-0255__AD_2018-0255_2__EASA_AD_2018_0255_superseded.pdf,2018-0255,2018-0255,2018-0255,True,a22065d0bc4899291806b65470c668a091bd2f8832b6cb85f6f7cd5d9710c5ee,First-page AD header
2018-0256__AD_2018-0256_1__EASA_AD_2018_0256.pdf,2018-0256,2018-0256,2018-0256,True,20a4af44cb0b7c314bf8e474ee286ad84092e77fc27643481424f704a34edb23,First-page AD header
2018-0259R1__AD_2018-0259R1_1__EASA_AD_2018_0259_R1_superseded.pdf,2018-0259R1,2018-0259,2018-0259R1,True,adf50878bfdc076818123838a662a30555fd4fd84697630396a81c76c9c18d53,First-page AD header
2018-0266__AD_2018-0266_1__EASA_AD_2018_0266_Superseded.pdf,2018-0266,2018-0266,2018-0266,True,a2a23869ed5ee66eaabc0b369f54865933f698c3415c9d1f8be4b80ab3b5c87a,First-page AD header
2018-0267__AD_2018-0267_1__EASA_AD_2018_0267.pdf,2018-0267,2018-0267,2018-0267,True,590d6757ec6bb591ec148c427fc589c66d061335519fb8d78980d30496c6f746,First-page AD header
2018-0271__AD_2018-0271_1__EASA_AD_2018_0271_superseded.pdf,2018-0271,2018-0271,2018-0271,True,0171a28f407fd35d4daf50cade55af1900fc3ac44955ea64642e95c19decc490,First-page AD header
2018-0275__AD_2018-0275_1__EASA_AD_2018_0275.pdf,2018-0275,2018-0275,2018-0275,True,564c8d3c703ac76832a9bfcf31c3783d35326965b61219c9be557eb276d85ac9,First-page AD header
2018-0276R1__AD_2018-0276R1_1__EASA_AD_2018_0276_R1_C1.pdf,2018-0276R1,2018-0276,2018-0276R1,True,bd89979f86195e39c4fe7b0f8813822443dec17740930910c5843a3e30e392a6,First-page AD header
2018-0288__AD_2018-0288_1__EASA_AD_2018_0288_superseded.pdf,2018-0288,2018-0288,2018-0288,True,3eeb3ce5fc8539dc795d1cfe168b9512a83f3d98026c5c0ff747ca0996572b2d,First-page AD header
2018-0289R1__AD_2018-0289R1_1__EASA_AD_2018_0289R1_superseded.pdf,2018-0289R1,2018-0289,2018-0289R1,True,4155102d56147ecb5b7533834f930f7271300416f52a8236f17c5414d9fdf129,First-page AD header
2018-0290__AD_2018-0290_1__EASA_AD_2018_0290.pdf,2018-0290,2018-0290,2018-0290,True,b1f863462cfbdfccc3709032bcb3d831f2256782f0347537529281bd015da199,First-page AD header
2019-0002__AD_2019-0002_1__EASA_AD_2019_0002_superseded.pdf,2019-0002,2019-0002,2019-0002,True,3311f01d37e24238a81d249ebfc93f283f98edb0978032ae3a4b516b86b87846,First-page AD header
2019-0005__AD_2019-0005_1__EASA_AD_2019_0005.pdf,2019-0005,2019-0005,2019-0005,True,6f8f78a71fa46d70fbe57be8492b7d48a8b460d34ed41a729846ba7d91aa50f8,First-page AD header
2019-0006__AD_2019-0006_1__EASA_AD_2019_0006.pdf,2019-0006,2019-0006,2019-0006,True,0d01f7d0cc9b92f53433b5771e1b04fd6a2596ab0831f34af2f843b06e4099e0,First-page AD header
2019-0011R2__AD_2019-0011R2_2__EASA_AD_2019_0011_R2.pdf,2019-0011R2,2019-0011,2019-0011R2,True,f7c12e93b9823beb48a9a2d36495012f50e5a07384bdcc9eef28a5ca91267544,First-page AD header
2019-0012__AD_2019-0012_1__EASA_AD_2019_0012_superseded.pdf,2019-0012,2019-0012,2019-0012,True,48162af86a95c82f7e30928d3ebc89fb3afff8a2ad1bcbb924eafbcba9c271e0,First-page AD header
2019-0014__AD_2019-0014_1__EASA_AD_2019_0014.pdf,2019-0014,2019-0014,2019-0014,True,dc5021c4c63c6b28b2986c7365d65cad93c837889f56a0d39643e5360e6a5b97,First-page AD header
2019-0017__AD_2019-0017_2__EASA_AD_2019_0017.pdf,2019-0017,2019-0017,2019-0017,True,ca26ed8b5d97faf4f7d773ecb942eec035ba6cb5c57ddebb4d5cef6351280892,First-page AD header
2019-0020__AD_2019-0020_1__EASA_AD_2019_0020.pdf,2019-0020,2019-0020,2019-0020,True,d8285b6536eae1c4605fbedd84b5ea2704c5768f3f7b720e55f5b134f6a4f3d4,First-page AD header
2019-0026__AD_2019-0026_1__EASA_AD_2019_0026.pdf,2019-0026,2019-0026,2019-0026,True,ac163d792da25252cad90b5c6a6593047440a83e5da1cd9a1296cae1a82b695e,First-page AD header
2019-0027__AD_2019-0027_1__EASA_AD_2019_0027_superseded.pdf,2019-0027,2019-0027,2019-0027,True,c37eca4f2496674c7bb6a337828e7d9718577791feb8a6ecc416bbdb1bc02f9c,First-page AD header
2019-0028__AD_2019-0028_1__EASA_AD_2019_0028.pdf,2019-0028,2019-0028,2019-0028,True,c71260f7fc6167794a6427105118cff51ea4574d53cdc0c2eaeb4ccced9856ca,First-page AD header
2019-0031__AD_2019-0031_2__EASA_AD_2019_0031.pdf,2019-0031,2019-0031,2019-0031,True,f7f5f75e71ee2a384db6e213d5d3efb911a1887727dda946d2ecd4da12d934f8,First-page AD header
2019-0035R1__AD_2019-0035R1_1__EASA_AD_2019_0035_R1.pdf,2019-0035R1,2019-0035,2019-0035R1,True,4dedaebb7a064ab4551c4df140fd2e67bb728953f65aee2f2dfb93d757a2afc6,First-page AD header
2019-0038__AD_2019-0038_1__EASA_AD_2019_0038_superseded.pdf,2019-0038,2019-0038,2019-0038,True,5342dbaff96271beff5667962e50e268240c562572d533e764b0aa80fd57b760,First-page AD header
2019-0042__AD_2019-0042_1__EASA_AD_2019_0042.pdf,2019-0042,2019-0042,2019-0042,True,0ca7d19d84949a73ae291b02bb85cb53e65d65ba4b8a4f4bd37897d6b644ebbb,First-page AD header
2019-0044R1__AD_2019-0044R1_2__EASA_AD_2019_0044_R1.pdf,2019-0044R1,2019-0044,2019-0044R1,True,b6977f4d59af898f96c6781c365c857868213639d1821996b4b5156d8ac68b46,First-page AD header
2019-0047__AD_2019-0047_1__EASA_AD_2019_0047_superseded.pdf,2019-0047,2019-0047,2019-0047,True,db1290fc6100c5fa077204600a47fb1ccd51ac4d34832421696e2b554df73269,First-page AD header
2019-0048__AD_2019-0048_1__EASA_AD_2019_0048_superseded.pdf,2019-0048,2019-0048,2019-0048,True,f818fc648e331c5ea448672767635027b42ee75d0e44f65b5f2fa9b467fa4283,First-page AD header
2019-0049__AD_2019-0049_1__EASA_AD_2019_0049_superseded.pdf,2019-0049,2019-0049,2019-0049,True,0ea29a9882a55b804155359bd5b50f262eaab30e536c3add1dbb412c7b61f1e0,First-page AD header
2019-0050__AD_2019-0050_1__EASA_AD_2019_0050_superseded.pdf,2019-0050,2019-0050,2019-0050,True,ff6319215d1273de1b6ab10b939277f162f179904a8321ccd331c774464da2f0,First-page AD header
2019-0056__AD_2019-0056_1__EASA_AD_2019_0056_superseded.pdf,2019-0056,2019-0056,2019-0056,True,5e30f625e23c06ef03a64f9aaca1f33a2b4d046c550e60dbb349b83dcb260955,First-page AD header
2019-0059__AD_2019-0059_1__EASA_AD_2019_0059_superseded.pdf,2019-0059,2019-0059,2019-0059,True,9b2349f7e28f273590035c4acef3ca4f5657e28758c7bb1e7e77b94d8ea8bc5a,First-page AD header
2019-0063__AD_2019-0063_2__EASA_AD_2019_0063_superseded.pdf,2019-0063,2019-0063,2019-0063,True,c329b52241c5b4c53e329544cf092232dfe619795a4ee672301fd58ab60b2146,First-page AD header
2019-0065__AD_2019-0065_1__EASA_AD_2019_0065.pdf,2019-0065,2019-0065,2019-0065,True,33a39937e9749980cd27ceb045b2d85c4bddfba7986caae665e69f36df7a3064,First-page AD header
2019-0067R1__AD_2019-0067R1_1__EASA_AD_2019_0067_R1_superseded.pdf,2019-0067R1,2019-0067,2019-0067R1,True,15543b6a4e5c4f37c5d9f9d32b3d7b6c30b344b6828bcc48b2e1d7ab8b99c1f6,First-page AD header
2019-0068__AD_2019-0068_1__EASA_AD_2019_0068.pdf,2019-0068,2019-0068,2019-0068,True,210ffb731e4813eb595701a98a5a186ba994857096ca152a6a988bf640a65cb5,First-page AD header
2019-0069R2__AD_2019-0069R2_1__EASA_AD_2019_0069_R2_C1.pdf,2019-0069R2,2019-0069,2019-0069R2,True,cef48edd4f0ff532bf7d538d82c71854aff907c5296a983c6e30a6550fa9e772,First-page AD header
2019-0072__AD_2019-0072_1__EASA_AD_2019_0072_superseded.pdf,2019-0072,2019-0072,2019-0072,True,db1a8939c24f4849c1b474cbc271947182a76087dbfd64bfe6d6949525518b05,First-page AD header
2019-0076__AD_2019-0076_1__EASA_AD_2019_0076.pdf,2019-0076,2019-0076,2019-0076,True,080ea0b5de0fad50d91c981cef4b83b141e13c56c5f46c12fa103345cf05fecc,First-page AD header
2019-0078__AD_2019-0078_1__EASA_AD_2019_0078.pdf,2019-0078,2019-0078,2019-0078,True,7c893ef5cca7335a7c8ab84798fe8620153b1335fcf05beb30e82298bf0ca841,First-page AD header
2019-0081__AD_2019-0081_1__EASA_AD_2019_0081.pdf,2019-0081,2019-0081,2019-0081,True,67c913fef856afee3bb10842f90c70ecbc34731bbaee713719bbdb701e6a20f6,First-page AD header
2019-0083__AD_2019-0083_1__EASA_AD_2019_0083.pdf,2019-0083,2019-0083,2019-0083,True,68e299746df3a98f839f57f93e51cf499430603849f3928945f8682c0111f004,First-page AD header
2019-0085__AD_2019-0085_1__EASA_AD_2019_0085_superseded.pdf,2019-0085,2019-0085,2019-0085,True,c198c3074316694e150aa634b1a1847cd410683e17eb2109a73568911911ad3d,First-page AD header
2019-0090__AD_2019-0090_1__EASA_AD_2019_0090_Superseded.pdf,2019-0090,2019-0090,2019-0090,True,beb7978864ef94ae84ee70ff40e5bc7b2014e23465b90353b2802318839b428f,First-page AD header
2019-0091__AD_2019-0091_1__EASA_AD_2019_0091_Superseded.pdf,2019-0091,2019-0091,2019-0091,True,f1eaa252ec127048d92d44a92763883e4fd5e0aa64fd3dd9fb0d570238b05f1a,First-page AD header
2019-0093__AD_2019-0093_1__EASA_AD_2019_0093_superseded.pdf,2019-0093,2019-0093,2019-0093,True,18b7f0f02dbbab1421669d63794cc8c284f72f71da9f7c07524b4972b997e293,First-page AD header
2019-0094__AD_2019-0094_1__EASA_AD_2019_0094.pdf,2019-0094,2019-0094,2019-0094,True,3df69cabfc8f139e199bd71a9369d9ba17256d6e4aa0a31b05fe7ca34d68d20c,First-page AD header
2019-0098__AD_2019-0098_1__EASA_AD_2019_0098.pdf,2019-0098,2019-0098,2019-0098,True,09125d65aec2c712c69f0be91569a5d24a86c52b3539d0c555f7fd3bd5797ebc,First-page AD header
2019-0100__AD_2019-0100_1__EASA_AD_2019_0100.pdf,2019-0100,2019-0100,2019-0100,True,bffd6a66b91e6d1270b53af09e6a9b0e95707ad97f763141dbbf26bae06f976e,First-page AD header
2019-0106__AD_2019-0106_1__EASA_AD_2019_0106_superseded.pdf,2019-0106,2019-0106,2019-0106,True,96ea663ea964bf2b40367f1bc4c2cf5ad75556a4d79ecfb9664e6844736d38df,First-page AD header
2019-0114__AD_2019-0114_1__EASA_AD_2019_0114_superseded.pdf,2019-0114,2019-0114,2019-0114,True,a082b62a3028409a93e28ac5e4802b866b2439063162ffb5ef51c1139d6cc73f,First-page AD header
2019-0115__AD_2019-0115_1__EASA_AD_2019_0115.pdf,2019-0115,2019-0115,2019-0115,True,1f0525940c455f89612b50e1dc3103543017e6d57f1c9b64d948042e42c5940b,First-page AD header
2019-0122__AD_2019-0122_1__EASA_AD_2019_0122.pdf,2019-0122,2019-0122,2019-0122,True,56f045568f2afa0081ad67ebcf6f1367c0d71af25228013144cefca5bc82433b,First-page AD header
2019-0123R1__AD_2019-0123R1_1__EASA_AD_2019_0123_R1_superseded.pdf,2019-0123R1,2019-0123,2019-0123R1,True,e6883063d797115838eaca6f596b51bbb0e613fbc2b815dbdb7c5e5457af613e,First-page AD header
2019-0124__AD_2019-0124_1__EASA_AD_2019_0124_superseded.pdf,2019-0124,2019-0124,2019-0124,True,89be7d526fffcd694dda967ddbcb6423d731a8a48e65bb811845427a6893687e,First-page AD header
2019-0126__AD_2019-0126_2__EASA_AD_2019_0126.pdf,2019-0126,2019-0126,2019-0126,True,787edffbb8a9d880f6acb656c5c5dd990619606758b1eba8fc9eec7791848814,First-page AD header
2019-0127__AD_2019-0127_1__EASA_AD_2019_0127.pdf,2019-0127,2019-0127,2019-0127,True,d507cefe227f23e6a3ddbdbec6401405ff7f3ded93249d6e6ec6266b164ab63b,First-page AD header
2019-0138R1__AD_2019-0138R1_1__EASA_AD_2019_0138_R1_C1.pdf,2019-0138R1,2019-0138,2019-0138R1,True,3767d27a1c9efce48e39ae18e78b21a5636cf757a337a979ad9fa7eff52f4b23,First-page AD header
2019-0140__AD_2019-0140_2__EASA_AD_2019_0140.pdf,2019-0140,2019-0140,2019-0140,True,e04c6e9ebdb25c15de7fc600d63ad1a26f11c12ea82d46c40d8e370d3fbba219,First-page AD header
2019-0147__AD_2019-0147_1__EASA_AD_2019_0147_superseded.pdf,2019-0147,2019-0147,2019-0147,True,de27ec87a21d4cc659c71622aa5836477086f1cd928f3cac4ce139a634983b34,First-page AD header
2019-0155__AD_2019-0155_1__EASA_AD_2019_0155_1_.pdf,2019-0155,2019-0155,2019-0155,True,3318c141ce91c112068a8c039c56eeb9110ac3c0e3bc0de05bb5a1a0ed014d3e,First-page AD header
2019-0159__AD_2019-0159_1__EASA_AD_2019_0159.pdf,2019-0159,2019-0159,2019-0159,True,c161e92ffde559db8172786107d2f0dd01bd46fa746f6dbb3af378263d46dcac,First-page AD header
2019-0164__AD_2019-0164_1__EASA_AD_2019_0164_superseded.pdf,2019-0164,2019-0164,2019-0164,True,e9e08c036d1bb556486f51f6d9f1a8e5ef4fc6a22d1fdf7d2251eeb9b30cf913,First-page AD header
2019-0167__AD_2019-0167_1__EASA_AD_2019_0167.pdf,2019-0167,2019-0167,2019-0167,True,1d8ac758cb462d4ab7f0507afd4561c844f48bee6bc993881554f3759c3fa33c,First-page AD header
2019-0168__AD_2019-0168_1__EASA_AD_2019_0168_superseded.pdf,2019-0168,2019-0168,2019-0168,True,3ed5634e338e0de14cc9c322f51a7b3229c12e23bc145dcbe515005bec3a3034,First-page AD header
2019-0170R1__AD_2019-0170R1_1__EASA_AD_2019_0170_R1.pdf,2019-0170R1,2019-0170,2019-0170R1,True,7616465529460976476eda052204c86bbda0b71c14b67780d2cd18a9a29e832e,First-page AD header
2019-0171R2__AD_2019-0171R2_1__EASA_AD_2019_0171R2.pdf,2019-0171R2,2019-0171,2019-0171R2,True,e365f42af708c360ea63e2ebd0369e8aa981467af1a0613c709f64bd31b0d94e,First-page AD header
2019-0173__AD_2019-0173_1__EASA_AD_2019-0173_superseded.pdf,2019-0173,2019-0173,2019-0173,True,839c300820215e4ff2e05ee07d3d10a2dace85f7c2e4ac179d0294040c27133c,First-page AD header
2019-0175__AD_2019-0175_1__EASA_AD_2019_0175.pdf,2019-0175,2019-0175,2019-0175,True,98798d7942f5d8b2ab384e9ec324f68557bbc59c86760e14055259d0a587c288,First-page AD header
2019-0176__AD_2019-0176_2__EASA_AD_2019_0176.pdf,2019-0176,2019-0176,2019-0176,True,1eaa07c86993e71bbcfcd84398216c17b603b712d655dd645b0543e3423fae17,First-page AD header
2019-0181R1__AD_2019-0181R1_1__EASA_AD_2019_0181_R1.pdf,2019-0181R1,2019-0181,2019-0181R1,True,214f6049c5220b22c070e31adac2737b87df01b53553c6518a14a3f55d5c58b9,First-page AD header
2019-0183__AD_2019-0183_1__EASA_AD_2019_0183.pdf,2019-0183,2019-0183,2019-0183,True,c00f2ba68574cd324b09588bb2ea67f510b806cd5e05fe58146c2bb90b1d0ddd,First-page AD header
2019-0188__AD_2019-0188_1__EASA_AD_2019_0188.pdf,2019-0188,2019-0188,2019-0188,True,0ad4199c96e95aa1c46f703a75c10b306fc914be416a84a7a4c5ecf456e318d6,First-page AD header
2019-0189__AD_2019-0189_1__EASA_AD_2019_0189_superseded.pdf,2019-0189,2019-0189,2019-0189,True,202ba8fb8e6d2cde8e410e23a9da22ecb60fb7f6133cc97890be6f5a056c4453,First-page AD header
2019-0190__AD_2019-0190_1__EASA_AD_2019_0190.pdf,2019-0190,2019-0190,2019-0190,True,0acbadc59e056ad9aac78ca39aa7d12e48dcc565279c787f561284c15b7ab04a,First-page AD header
2019-0192__AD_2019-0192_1__EASA_AD_2019_0192.pdf,2019-0192,2019-0192,2019-0192,True,fc231fec2a659d730ae05d8bdfbe4a86a16584fd5fd3e87139ed47a73395574b,First-page AD header
2019-0196__AD_2019-0196_1__EASA_AD_2019_0196.pdf,2019-0196,2019-0196,2019-0196,True,9592c04ffc6e882e4c9202d01ca7c7ef446511a945ddcc4277d72de054286be3,First-page AD header
2019-0197R1__AD_2019-0197R1_1__EASA_AD_2019_0197_R1.pdf,2019-0197R1,2019-0197,2019-0197R1,True,f03f1e7839ef8a2feb354183bd39e1028ee69ae261aaa00782598ebc521448fd,First-page AD header
2019-0203__AD_2019-0203_2__EASA_AD_2019_0203_Superseded.pdf,2019-0203,2019-0203,2019-0203,True,ce48015f8743c1118803707207dd1208c116ed325e1ff72243c523af6efab8b5,First-page AD header
2019-0205__AD_2019-0205_1__EASA_AD_2019_0205_superseded.pdf,2019-0205,2019-0205,2019-0205,True,bce7cc6f5309b68cf0c99031db1bac5591fd46ee855e6dc2856033b384937723,First-page AD header
2019-0206__AD_2019-0206_1__EASA_AD_2019_0206_superseded.pdf,2019-0206,2019-0206,2019-0206,True,c8b01eeb5daf3a517b637ec12bb26ced2a6f836b8861f81a1c4f0773e60d053a,First-page AD header
2019-0207R2__AD_2019-0207R2_1__EASA_AD_2019_0207_R2.pdf,2019-0207R2,2019-0207,2019-0207R2,True,d49707c009d4a92bba9c01d08c80c4ff7b42b6d5eb61630cc766355b81b7503e,First-page AD header
2019-0210__AD_2019-0210_1__EASA_AD_2019_0210_superseded.pdf,2019-0210,2019-0210,2019-0210,True,2321ac6eda718be7993a148358f94a43a91eeb6c9cc828ce60bdfdeb92a3d438,First-page AD header
2019-0214__AD_2019-0214_1__EASA_AD_2019_0214.pdf,2019-0214,2019-0214,2019-0214,True,7bbee082e47b2d8b9148cdc005af5940beff4558949549e3c7e5a59f210504b8,First-page AD header
2019-0215__AD_2019-0215_1__EASA_AD_2019_0215_superseded.pdf,2019-0215,2019-0215,2019-0215,True,1eefcf2c5305bd1486a83440b3bc9a9c086a90fac9eef10d61ac4bfe10fd4b92,First-page AD header
2019-0216__AD_2019-0216_1__EASA_AD_2019_0216_superseded.pdf,2019-0216,2019-0216,2019-0216,True,e48f46a4ca3e7abef4a1768e1299daf88d537fcfc4d22a7893a229a744dfadd4,First-page AD header
2019-0217__AD_2019-0217_1__EASA_AD_2019_0217_superseded.pdf,2019-0217,2019-0217,2019-0217,True,470d477d0a3a26d3ad86c01d255de9e6841d0289e64c87649c06acac0c13b86c,First-page AD header
2019-0219__AD_2019-0219_2__EASA_AD_2019_0219_C1.pdf,2019-0219,2019-0219,2019-0219,True,78cab9435e32caca7a0e15e141a4dc294639bf2c0ca9e0cd0fbe3eab49b6dc46,First-page AD header
2019-0220R1__AD_2019-0220R1_1__EASA_AD_2019_0220_R1_superseded.pdf,2019-0220R1,2019-0220,2019-0220R1,True,ff4c3c643ff1c39db7f76c9f65b894f8352262eaa9095a6aa062ab9197ad1b90,First-page AD header
2019-0222__AD_2019-0222_1__EASA_AD_2019_0222_superseded.pdf,2019-0222,2019-0222,2019-0222,True,057c67bc9940f923da3a60aea37f75e4ea0c26c702e2b22885575d76ce7a4486,First-page AD header
2019-0223__AD_2019-0223_1__EASA_AD_2019_0223_superseded.pdf,2019-0223,2019-0223,2019-0223,True,d93182146b330def465c1e49040f8c905eba2eada51899b18c3c95a278237403,First-page AD header
2019-0226__AD_2019-0226_1__EASA_AD_2019_0226.pdf,2019-0226,2019-0226,2019-0226,True,41cd5085abf4a69e9febfab054f6b07b36534404f09cc2192aa6d642fde6f42b,First-page AD header
2019-0227__AD_2019-0227_1__EASA_AD_2019_0227.pdf,2019-0227,2019-0227,2019-0227,True,5d605c9bcec0f09e8afb65badaa3758dbe4027d16e84e315666bfff9ba59bf21,First-page AD header
2019-0229R1__AD_2019-0229R1_1__EASA_AD_2019_0229_R1.pdf,2019-0229R1,2019-0229,2019-0229R1,True,9d3ae2769f41df7ab0635a0d96cf8872b8c37f099dc4078504102a51b19390d2,First-page AD header
2019-0232__AD_2019-0232_2__EASA_AD_2019_0232.pdf,2019-0232,2019-0232,2019-0232,True,1265aafea34f959295615632a03b751fd6b3cbdc82440e4efe4ac40d3ffdb174,First-page AD header
2019-0233__AD_2019-0233_1__EASA_AD_2019_0233_C1_superseded.pdf,2019-0233,2019-0233,2019-0233,True,f33ed3ba1eded4eee0f6cc56035c95e866bdb5a14e1ac36bcbe75c2e6c32e9df,First-page AD header
2019-0243__AD_2019-0243_1__EASA_AD_2019_0243_superseded.pdf,2019-0243,2019-0243,2019-0243,True,37da8edcddf2e0aedb905c3f2a8c1138872647f4d75b0253e52d1a992a4b765c,First-page AD header
2019-0251__AD_2019-0251_1__EASA_AD_2019_0251_superseded.pdf,2019-0251,2019-0251,2019-0251,True,9f2c9c39b5f822efaf88f9ee704511e172f38f396789821cd1d73c2c4646bfc2,First-page AD header
2019-0264__AD_2019-0264_1__EASA_AD_2019_0264.pdf,2019-0264,2019-0264,2019-0264,True,4ce751448ca9522255c9d56f39b7bc80e6a78aa9c00eeeedf4f717ee5d494a67,First-page AD header
2019-0265__AD_2019-0265_1__EASA_AD_2019_0265.pdf,2019-0265,2019-0265,2019-0265,True,f3e8f0df80b6659575168557134bf31e3d48d58ecfc481cd1f6471ebb3241b84,First-page AD header
2019-0279R1__AD_2019-0279R1_1__EASA_AD_2019_0279R1.pdf,2019-0279R1,2019-0279,2019-0279R1,True,c2bcfa43c0b565d70116814dc2ca5cb418416bab867b1aee8951a047de651586,First-page AD header
2019-0283__AD_2019-0283_1__EASA_AD_2019_0283.pdf,2019-0283,2019-0283,2019-0283,True,1cd3c327f11c3817523e36b18df645029399f25dc259750b6549ead1c537b35a,First-page AD header
2019-0288__AD_2019-0288_1__EASA_AD_2019_0288_superseded.pdf,2019-0288,2019-0288,2019-0288,True,b535a7875c3efb7af924a17a1a2c6dc5d1bd0cd0f063a57da3a93a0e461f3a0b,First-page AD header
2019-0291R1__AD_2019-0291R1_1__EASA_AD_2019_0291_R1_superseded.pdf,2019-0291R1,2019-0291,2019-0291R1,True,a0e243609ae0532dd2d827be9095b0db07503c18a12a455a9054fbf7c1c4f6c0,First-page AD header
2019-0297R1__AD_2019-0297R1_1__EASA_AD_2019_0297_R1_superseded.pdf,2019-0297R1,2019-0297,2019-0297R1,True,3262aef9f51bfb1b74666b62ffacce54c17b218682e6645e853d13dee3975939,First-page AD header
2019-0301__AD_2019-0301_1__EASA_AD_2019_0301.pdf,2019-0301,2019-0301,2019-0301,True,bafe21a18a039672138c4d9ffc83152f74e021599bec8f0189cc27f2b98d8cde,First-page AD header
2019-0304R1__AD_2019-0304R1_1__EASA_AD_2019_0304_R1.pdf,2019-0304R1,2019-0304,2019-0304R1,True,d176053d05dace5939b5919314b7fd3868ee8f027ee57bbcb2719928d77d590c,First-page AD header
2019-0309__AD_2019-0309_1__EASA_AD_2019_0309.pdf,2019-0309,2019-0309,2019-0309,True,dda5e5536b864d30255b4b92885a8b631ad10851864056fd3d3f63dbef8df65a,First-page AD header
2019-0310R1__AD_2019-0310R1_1__EASA_AD_2019_0310_R1_superseded.pdf,2019-0310R1,2019-0310,2019-0310R1,True,8a5e552cdc29bef3da25cc7636a85a4490c5c231c6fea0e3a8fc53d116a6a4ae,First-page AD header
2019-0312__AD_2019-0312_1__EASA_AD_2019_0312.pdf,2019-0312,2019-0312,2019-0312,True,5b14121e1652cd4378caa7d8a9adba9af1635e73c9c644d0934891407b0450c6,First-page AD header
2019-0314__AD_2019-0314_1__EASA_AD_2019_0314_superseded.pdf,2019-0314,2019-0314,2019-0314,True,f8c1e6f5fa30384c1758ecc4e6c66c15b0605519502df04c9a73b8d6ebf66575,First-page AD header
2019-0315R1__AD_2019-0315R1_1__EASA_AD_2019_0315_R1.pdf,2019-0315R1,2019-0315,2019-0315R1,True,292da9f036dba2c475e3502c1773ea95ce4bc42650908f665c07305dedcaff12,First-page AD header
2019-0316__AD_2019-0316_1__EASA_AD_2019_0316_superseded.pdf,2019-0316,2019-0316,2019-0316,True,ef1507c5e42280ece688fdfc589ebf5b1c0069818783c89ddd66e908da377e05,First-page AD header
2020-0005R1__AD_2020-0005R1_1__EASA_AD_2020_0005_R1.pdf,2020-0005R1,2020-0005,2020-0005R1,True,df17162a3e93a6cffe107e932deba1abf5c09e8eceb162346d506e487da1266c,First-page AD header
2020-0009__AD_2020-0009_1__EASA_AD_2020_0009_superseded.pdf,2020-0009,2020-0009,2020-0009,True,4b41be529d567f9413dfeca047509fe0ab29cb1151df393b75ee94e00bd0b264,First-page AD header
2020-0012R1__AD_2020-0012R1_1__EASA_AD_2020_0012_R1.pdf,2020-0012R1,2020-0012,2020-0012R1,True,4436d722d47d2282dc67d097d6d4ea79b981afc38e659f0f143356e3e29a753b,First-page AD header
2020-0016__AD_2020-0016_1__EASA_AD_2020_0016.pdf,2020-0016,2020-0016,2020-0016,True,2408ee87eb214d5b09b401ef3ab1137c240ff00e128f6b81fddb3ea2410d83eb,First-page AD header
2020-0019__AD_2020-0019_1__EASA_AD_2020_0019.pdf,2020-0019,2020-0019,2020-0019,True,71b1eafd126c70491c3d92fcbc968bb3e745798bb350bb481d7d64b821b7bc95,First-page AD header
2020-0025__AD_2020-0025_1__EASA_AD_2020_0025.pdf,2020-0025,2020-0025,2020-0025,True,c3476e09a39fa571671c27022ea0781af45667c4036f24f53a52ebf9c4d69592,First-page AD header
2020-0027R1__AD_2020-0027R1_1__EASA_AD_2020_0027_R1.pdf,2020-0027R1,2020-0027,2020-0027R1,True,867a5331dc9340e1a768a0693704f0342102b50df7d6fa64ff31b4d6c6f8042a,First-page AD header
2020-0028__AD_2020-0028_1__EASA_AD_2020_0028.pdf,2020-0028,2020-0028,2020-0028,True,898bc65f2dd9ecdeea66673cdb5c291036943ebbedd93216bb24ff36622b8e5f,First-page AD header
2020-0030__AD_2020-0030_1__EASA_AD_2020_0030.pdf,2020-0030,2020-0030,2020-0030,True,1a534c3b21f0412dbce1595aed2f2b302c57ac4402ea00c5c38b7416b307308e,First-page AD header
2020-0031__AD_2020-0031_1__EASA_AD_2020_0031_superseded.pdf,2020-0031,2020-0031,2020-0031,True,3274478ca0aceaa69a1937461a34888559b132d2984f6489a55074fa44428592,First-page AD header
2020-0032__AD_2020-0032_1__EASA_AD_2020_0032_superseded.pdf,2020-0032,2020-0032,2020-0032,True,1994af83b4b81feae6add67324e2c4c6f17b9af2f6a2be2461ce1bbcefe0350d,First-page AD header
2020-0034__AD_2020-0034_1__EASA_AD_2020_0034_superseded.pdf,2020-0034,2020-0034,2020-0034,True,214355dbd3926e74070a1f921f70092c566a4d551ec5f9d460ad525642ec6daa,First-page AD header
2020-0036R1__AD_2020-0036R1_1__EASA_AD_2020_0036_R1_superseded.pdf,2020-0036R1,2020-0036,2020-0036R1,True,41ae53cd29b52ca21dbcf3fdc9175e09e729d297d867233030f19dd364500ca3,First-page AD header
2020-0037__AD_2020-0037_1__EASA_AD_2020_0037_C1.pdf,2020-0037,2020-0037,2020-0037,True,69ce9a530ef049d4d63144800f9dabd2e3d7f5fde8a5a0131e3aeda90c9b8855,First-page AD header
2020-0040R1__AD_2020-0040R1_1__EASA_AD_2020_0040R1.pdf,2020-0040R1,2020-0040,2020-0040R1,True,359f044574bbef211176801e7eb0ed657836b9e56150093a7d21ca7d13251ed8,First-page AD header
2020-0050__AD_2020-0050_1__EASA_AD_2020_0050_C1.pdf,2020-0050,2020-0050,2020-0050,True,2cfdbd3791f483a63d420c1d5190604d61c4a68ccae6ab902b73d547157dc14a,First-page AD header
2020-0051__AD_2020-0051_2__EASA_AD_2020_0051.pdf,2020-0051,2020-0051,2020-0051,True,ca21cf19fcd2a9ebe2d70d67f8089bff1f0794c59b0bd9bd2488be1cae6ba31b,First-page AD header
2020-0052__AD_2020-0052_1__EASA_AD_2020_0052.pdf,2020-0052,2020-0052,2020-0052,True,9bb63f6349b1b3365cdd85587f5c01bf0520febee4c32387d7f6094b9bdad176,First-page AD header
2020-0053__AD_2020-0053_1__EASA_AD_2020_0053.pdf,2020-0053,2020-0053,2020-0053,True,2943493dd0b7cc5647342d040f578a277050197be661d137b7f8e4072bcccbe0,First-page AD header
2020-0054__AD_2020-0054_1__EASA_AD_2020_0054_superseded.pdf,2020-0054,2020-0054,2020-0054,True,fcadfd9139de393325a581216303931cd50ff51eed9b0ea30eba59b4f9d1b36b,First-page AD header
2020-0058__AD_2020-0058_1__EASA_AD_2020_0058.pdf,2020-0058,2020-0058,2020-0058,True,2b4e64ba6a17f04139c3007e815e0c827f62ab04f808a15f61ae2107071a0423,First-page AD header
2020-0060__AD_2020-0060_1__EASA_AD_2020_0060.pdf,2020-0060,2020-0060,2020-0060,True,9f2c83482cd79a0e4a7a9ad5ad44a003b7468f961500d53f35ecc411c0f8d407,First-page AD header
2020-0067__AD_2020-0067_1__EASA_AD_2020_0067_superseded.pdf,2020-0067,2020-0067,2020-0067,True,6aafc906f47329b61a61f198cd753894ea321a33e4c63c4603eabc7c335b3022,First-page AD header
2020-0070__AD_2020-0070_2__EASA_AD_2020_0070.pdf,2020-0070,2020-0070,2020-0070,True,5a61ce5c42b3783838703123e2c75201e757a0045673a2f267d26089e496bc28,First-page AD header
2020-0071__AD_2020-0071_1__EASA_AD_2020_0071.pdf,2020-0071,2020-0071,2020-0071,True,83ca724ec805543c01135c11d479d1b58890ab54ca887c95ce0375554516b71a,First-page AD header
2020-0073__AD_2020-0073_1__EASA_AD_2020_0073_superseded.pdf,2020-0073,2020-0073,2020-0073,True,db9e08400728ace7920ce876793ffd58b98e8f37628cb1f9b7b2c7f6990eeeb7,First-page AD header
2020-0076__AD_2020-0076_1__EASA_AD_2020_0076.pdf,2020-0076,2020-0076,2020-0076,True,f4d327f1c48fe8215c0c8135671c19b019592830cc7bff1fcf096733a929ce71,First-page AD header
2020-0077__AD_2020-0077_2__EASA_AD_2020_0077.pdf,2020-0077,2020-0077,2020-0077,True,322da9a543423a7e2f0d35011d1a42f6b8c3a09591043b3c16ebc4f78ecc5f64,First-page AD header
2020-0080__AD_2020-0080_1__EASA_AD_2020_0080_superseded.pdf,2020-0080,2020-0080,2020-0080,True,e57973d7f075f087b090fb0d01abc6adacca54a34b1540a0ac717a82ef5b2fe0,First-page AD header
2020-0083__AD_2020-0083_1__EASA_AD_2020_0083.pdf,2020-0083,2020-0083,2020-0083,True,f8d94b94d7b81584f540cfadf401d9fe96045d971927bc46e321811bd6b2b076,First-page AD header
2020-0085R1__AD_2020-0085R1_1__EASA_AD_2020_0085R1.pdf,2020-0085R1,2020-0085,2020-0085R1,True,31f3f351ee2b02f4ff0636e599e01bbe4e7775c23d5c3298919f5e4327e42e6a,First-page AD header
2020-0088__AD_2020-0088_1__EASA_AD_2020_0088.pdf,2020-0088,2020-0088,2020-0088,True,c94e6d712e0a58d267695a8567a8802207560b82690d571eef770344f62dbee6,First-page AD header
2020-0089__AD_2020-0089_1__EASA_AD_2020_0089.pdf,2020-0089,2020-0089,2020-0089,True,a07819b1c242e906c0ff91003d83eadd004ebebf243712d73603c95dd0a612cd,First-page AD header
2020-0090R1__AD_2020-0090R1_1__EASA_AD_2020_0090_R1_superseded.pdf,2020-0090R1,2020-0090,2020-0090R1,True,8254c1b7d0254ec23636f7ef3465d90183d68b7febcbc997d7b74767ecfd5510,First-page AD header
2020-0091__AD_2020-0091_1__EASA_AD_2020-0091_Superseded.pdf,2020-0091,2020-0091,2020-0091,True,718253a31eb9d763ed2cfc815a784cba8718c291495a111bfeb2747d5202c2b4,First-page AD header
2020-0092__AD_2020-0092_1__EASA_AD_2020_0092.pdf,2020-0092,2020-0092,2020-0092,True,c7bb6da2df39cc265c47150e3273ea59932de184b88cf360f9d9f1ce98630b4c,First-page AD header
2020-0093__AD_2020-0093_1__EASA_AD_2020_0093.pdf,2020-0093,2020-0093,2020-0093,True,7c643a55f9d6b9ef773e3c2aeff483b2e1f8de02c65e475194aede0ceb645908,First-page AD header
2020-0100R1__AD_2020-0100R1_1__EASA_AD_2020_0100_R1.pdf,2020-0100R1,2020-0100,2020-0100R1,True,01c4f26bd0956a8600130676ebc9852a9e47d43f45ae961b3ad358a3fc708448,First-page AD header
2020-0103__AD_2020-0103_1__EASA_AD_2020_0103_C1.pdf,2020-0103,2020-0103,2020-0103,True,89f31fa4b920ecf8b910f6b95c3010de846bf2c5da7ba407bc07e2faa2716213,First-page AD header
2020-0104R1-CN__AD_2020-0104R1-CN_1__EASA_AD_2020_0104_R1_CN.pdf,2020-0104R1,2020-0104,2020-0104R1,True,4496a12237b9d41ad25f2a7c2078400cf9818fe649b2f14ed25c06b01d0d7bca,First-page AD header
2020-0106__AD_2020-0106_1__EASA_AD_2020_0106.pdf,2020-0106,2020-0106,2020-0106,True,39b3b694b78c08f1d2a215183784bd0dd9fe2c1c68087e6ae15d737c917f165f,First-page AD header
2020-0108__AD_2020-0108_1__EASA_AD_2020_0108.pdf,2020-0108,2020-0108,2020-0108,True,65a63afc858b28c1f0750a0331ecf640cd59788b3a1c1f11aa9d1ab0f1354a05,First-page AD header
2020-0109__AD_2020-0109_1__EASA_AD_2020_0109.pdf,2020-0109,2020-0109,2020-0109,True,4e75d7ecfde36c32900e9de24ae5061d2150a630e3b3db0441454f9402fcb066,First-page AD header
2020-0110R1__AD_2020-0110R1_1__EASA_AD_2020_0110_R1_Superseded.pdf,2020-0110R1,2020-0110,2020-0110R1,True,416bd3022f790fa65066182c23928627dadd2398ddc61f1c81f6b68253b30060,First-page AD header
2020-0111R2__AD_2020-0111R2_1__EASA_AD_2020_0111R2_Superseded.pdf,2020-0111R2,2020-0111,2020-0111R2,True,78286928279c372905e72b3d596797c25a4ebfa07808c0433b93b8323ed2ef24,First-page AD header
2020-0112R1__AD_2020-0112R1_1__EASA_AD_2020_0112_R1_Superseded.pdf,2020-0112R1,2020-0112,2020-0112R1,True,6156f97ead084cb8ba3a632026a7f4d31d57680037f2cc0b21ee867caee3b331,First-page AD header
2020-0118__AD_2020-0118_1__EASA_AD_2020_0118_superseded.pdf,2020-0118,2020-0118,2020-0118,True,71b4733261a64cc482acaabdad0ace06cfa9dce3be3deb239614714936f758c9,First-page AD header
2020-0122__AD_2020-0122_1__EASA_AD_2020_0122.pdf,2020-0122,2020-0122,2020-0122,True,4ddbcd3bcfe55fe2d839fd5f3b652d2fdfaa08311d00885fa935c12ef0a4cc79,First-page AD header
2020-0123__AD_2020-0123_1__EASA_AD_2020_0123_superseded.pdf,2020-0123,2020-0123,2020-0123,True,c3ae0e695a759cc389f90bbdcd515d3558eadd2b672e2161420d4a7786cc8412,First-page AD header
2020-0125__AD_2020-0125_1__EASA_AD_2020_0125.pdf,2020-0125,2020-0125,2020-0125,True,91e7b9c70e3ca672491b6ee3f5567a70276ce7ae85c5fe65fbed7e23ac1ecdd4,First-page AD header
2020-0126__AD_2020-0126_1__EASA_AD_2020_0126.pdf,2020-0126,2020-0126,2020-0126,True,4937781eeb9372ec7379980e3cbe70606e9934ffae03c98f7c84d29ef03e7632,First-page AD header
2020-0129__AD_2020-0129_1__EASA_AD_2020_0129.pdf,2020-0129,2020-0129,2020-0129,True,6f46a7c6ba1b05a0d3a6ed36a3b777f056de2d2faf7c8e0ed1af46d19751aee2,First-page AD header
2020-0130__AD_2020-0130_1__EASA_AD_2020_0130.pdf,2020-0130,2020-0130,2020-0130,True,05a771a3b2f1bddd8d4bc23a8fe450ddfd54d2f72e06e7d6b635e734fd2679b3,First-page AD header
2020-0133__AD_2020-0133_1__EASA_AD_2020_0133_superseded.pdf,2020-0133,2020-0133,2020-0133,True,6bbeee248babce98d0cbbeccc0bdeb8435ea1cb74135a4164966f9b7fb2a95b8,First-page AD header
2020-0139R1__AD_2020-0139R1_1__EASA_AD_2020_0139_R1_superseded.pdf,2020-0139R1,2020-0139,2020-0139R1,True,34a9bffecf9874b6a932435dd9a60d049c1000295af10945ad24e7da5d991704,First-page AD header
2020-0144__AD_2020-0144_1__EASA_AD_2020_0144.pdf,2020-0144,2020-0144,2020-0144,True,6c965edf8826592b2f64562f850bbee81cf32a8be82f601768572f08d1502204,First-page AD header
2020-0145__AD_2020-0145_2__EASA_AD_2020_0145.pdf,2020-0145,2020-0145,2020-0145,True,1eeca8f3a06426d9292fc841e48bb4ad0d031d5f05706cab1f17648e0bb0634c,First-page AD header
2020-0148__AD_2020-0148_1__EASA_AD_2020_0148.pdf,2020-0148,2020-0148,2020-0148,True,33f7721adf08dee57a33e89f456ae6d08eb20ece6f7018892cfc03741c537bc1,First-page AD header
2020-0153__AD_2020-0153_1__EASA_AD_2020_0153.pdf,2020-0153,2020-0153,2020-0153,True,986a802e5518d6276ccbb66f0d23487cf2b6b6611ea18b8645205f24933242e9,First-page AD header
2020-0155__AD_2020-0155_1__EASA_AD_2020_0155.pdf,2020-0155,2020-0155,2020-0155,True,a476963eb07c85a8c989b386105476b0b50ec8dfde45ba8c391d57e01846c5db,First-page AD header
2020-0157__AD_2020-0157_1__EASA_AD_2020_0157.pdf,2020-0157,2020-0157,2020-0157,True,e6194429745029d616162296415b56c0613f88d45b99efe4b6dc9ff5fd1c147b,First-page AD header
2020-0162__AD_2020-0162_1__EASA_AD_2020_0162_superseded.pdf,2020-0162,2020-0162,2020-0162,True,cc67ffe96144aefebad9fac74e29d4e689a872234424021168362b118ba776cc,First-page AD header
2020-0163R2__AD_2020-0163R2_1__EASA_AD_2020_0163_R2_superseded.pdf,2020-0163R2,2020-0163,2020-0163R2,True,3b409d5e8748e1c20d364a801bf8ae22a0bdff81e0fa12b3827f95af32213418,First-page AD header
2020-0165__AD_2020-0165_1__EASA_AD_2020_0165.pdf,2020-0165,2020-0165,2020-0165,True,95c7c07bb4b490b09e789729f30ff15c03ef307964bd8b6e4726e0e892a9c777,First-page AD header
2020-0166__AD_2020-0166_1__EASA_AD_2020_0166.pdf,2020-0166,2020-0166,2020-0166,True,5f836c58952e8695e10696425f110ce71f0810469a27b980396a46708d169b31,First-page AD header
2020-0167R1__AD_2020-0167R1_1__EASA_AD_2020_0167_R1.pdf,2020-0167R1,2020-0167,2020-0167R1,True,c07af5c1d70207359ac1c8362b41c8282a38e2aa5c440fa78625a629397035d6,First-page AD header
2020-0169R1__AD_2020-0169R1_2__EASA_AD_2020_0169_R1_superseded.pdf,2020-0169R1,2020-0169,2020-0169R1,True,62817fa57c0d159718d8f08aca615538c0bf18468b34329bc9349f8be3a69975,First-page AD header
2020-0172__AD_2020-0172_1__EASA_AD_2020_0172.pdf,2020-0172,2020-0172,2020-0172,True,7b7a1e7e19c0851ab1a4e6652b0508a3f228231b60b1d6080ccafd4e1df9c1d4,First-page AD header
2020-0174__AD_2020-0174_1__EASA_AD_2020_0174_superseded.pdf,2020-0174,2020-0174,2020-0174,True,22a120bdc7bc20ca6e6ab1cfca035bbe1acbc66696a05d0d1f7877487e7d1d6c,First-page AD header
2020-0176__AD_2020-0176_1__EASA_AD_2020_0176.pdf,2020-0176,2020-0176,2020-0176,True,967106f7097a673c0b3a6a94b5b35b553a5a7fb746e0c6f6d5b30079796e5dd9,First-page AD header
2020-0183__AD_2020-0183_1__EASA_AD_2020_0183_superseded.pdf,2020-0183,2020-0183,2020-0183,True,104b52e10101b6da9caf5fc02b102d544eaf4fda2bfa1dbf109661b99ebe079d,First-page AD header
2020-0190-CN__AD_2020-0190-CN_1__EASA_AD_2020_0190_CN.pdf,2020-0190,2020-0190,2020-0190,True,a81e8796d7911b3d4d877c31e99485c58cbdd0216e04ad31acb6d52786355235,First-page AD header
2020-0193__AD_2020-0193_1__EASA_AD_2020_0193.pdf,2020-0193,2020-0193,2020-0193,True,1eab6a7a10c531d6363ef955e6e672eb8a7fedaeb5e5395c18389c8f43d5e5d1,First-page AD header
2020-0198__AD_2020-0198_1__EASA_AD_2020_0198_superseded.pdf,2020-0198,2020-0198,2020-0198,True,2ff579e3fd4dcf447b5d15900d3aa0f72c7090fa5b7c244fceadb884620b6ad4,First-page AD header
2020-0203__AD_2020-0203_1__EASA_AD_2020_0203.pdf,2020-0203,2020-0203,2020-0203,True,84c5aacb6672aa69808832b10d414b58a22c6296d204da689e501d1f36d36e83,First-page AD header
2020-0205__AD_2020-0205_1__EASA_AD_2020_0205_superseded.pdf,2020-0205,2020-0205,2020-0205,True,8057540593c2e92252693887430bc2a65087e0f91bd09c9e335b10523c178793,First-page AD header
2020-0209__AD_2020-0209_1__EASA_AD_2020_0209.pdf,2020-0209,2020-0209,2020-0209,True,b45e4ef1f0577dd121832c22af8a5643625839e813cba3b629702c5dceab670f,First-page AD header
2020-0210__AD_2020-0210_1__EASA_AD_2020_0210_superseded.pdf,2020-0210,2020-0210,2020-0210,True,f45584597ee0870b71cd5d548e9d50c27dfa2ee45236ec237f0a09e95b8cb30f,First-page AD header
2020-0211__AD_2020-0211_1__EASA_AD_2020_0211_Superseded.pdf,2020-0211,2020-0211,2020-0211,True,176a04a58e83da98bbcb868f5c3ca802555371e2fd4676ccb6fdfe6baa96e467,First-page AD header
2020-0218__AD_2020-0218_1__EASA_AD_2020_0218.pdf,2020-0218,2020-0218,2020-0218,True,e43aa8e21da85d4d85d1e6e8b433e1ae7a1f0a1676ea82c645ac0b6b9cae4069,First-page AD header
2020-0219__AD_2020-0219_1__EASA_AD_2020_0219_superseded.pdf,2020-0219,2020-0219,2020-0219,True,16d51bd2d6897798d94862fe641dae940ca4fb560c8c18770f8150b81d967efb,First-page AD header
2020-0220__AD_2020-0220_1__EASA_AD_2020_0220_superseded.pdf,2020-0220,2020-0220,2020-0220,True,b12fb892a0cbb1ef14d224e621406237979636c6355838f19d16e37979849123,First-page AD header
2020-0222__AD_2020-0222_1__EASA_AD_2020_0222.pdf,2020-0222,2020-0222,2020-0222,True,6969140c36107c66bd22118f2cf556236c31888e77a21b3095bda3d4cad61068,First-page AD header
2020-0232__AD_2020-0232_1__EASA_AD_2020_0232_superseded.pdf,2020-0232,2020-0232,2020-0232,True,e8b87932e612cea4c819a40420f455d01aafece729c2910c18af16cdd27104a8,First-page AD header
2020-0234__AD_2020-0234_1__EASA_AD_2020_0234.pdf,2020-0234,2020-0234,2020-0234,True,45dc5a0a643534c26ca38ef2fb929c372f29682c051cc4ea9edf8c705d0c73f1,First-page AD header
2020-0236-CN__AD_2020-0236-CN_1__EASA_AD_2020_0236_CN.pdf,2020-0236,2020-0236,2020-0236,True,1a9c88f9ebfce2910f354771370fc93fce755b0a2f54130607117f2c5732238f,First-page AD header
2020-0239__AD_2020-0239_1__EASA_AD_2020_0239.pdf,2020-0239,2020-0239,2020-0239,True,887d1ed829bc757b0f45846ed1a2c5361ee44d892afed6b2ea50ca94dbb6d40a,First-page AD header
2020-0245__AD_2020-0245_2__EASA_AD_2020_0245.pdf,2020-0245,2020-0245,2020-0245,True,5f0fb005613b23fbef811a6f42648a3f3f8c62db0abd58a55e225bcab37640a3,First-page AD header
2020-0248__AD_2020-0248_1__EASA_AD_2020_0248_C1.pdf,2020-0248,2020-0248,2020-0248,True,572abee7f883810d5915ce5599fced3efdb42b18061421849cd67d971eb23fa0,First-page AD header
2020-0250__AD_2020-0250_1__EASA_AD_2020_0250.pdf,2020-0250,2020-0250,2020-0250,True,4ccda5bf65102b3e97938f27c0ca63b5a6b7b361648d192c94415d663d62a896,First-page AD header
2020-0255__AD_2020-0255_1__EASA_AD_2020_0255.pdf,2020-0255,2020-0255,2020-0255,True,94b5eb4bbf0a09c31a5a3fa8ba8b72b7142ec12c5737324bc3aefea7debfe23d,First-page AD header
2020-0258__AD_2020-0258_1__EASA_AD_2020_0258_C1_superseded.pdf,2020-0258,2020-0258,2020-0258,True,f09df613fcdf6f97fa9f20c2fed8d2e487ae4a4ca701227a9d919dda3c0dddf9,First-page AD header
2020-0265__AD_2020-0265_1__EASA_AD_2020_0265.pdf,2020-0265,2020-0265,2020-0265,True,454689905eb489b7db35c98d93155806f3e47823bd46be46560bb8b67c26fc3a,First-page AD header
2020-0267__AD_2020-0267_1__EASA_AD_2020_0267.pdf,2020-0267,2020-0267,2020-0267,True,478c3ede93aa775f8680e3eb19329fe5a9029aae82c90aaf8f243948eabcb0ce,First-page AD header
2020-0268__AD_2020-0268_2__EASA_AD_2020_0268_superseded.pdf,2020-0268,2020-0268,2020-0268,True,d97b9c85b07f3412b60e081adf5a657d3419d23c7ed7882b7efabfd0f60d4088,First-page AD header
2020-0270__AD_2020-0270_1__EASA_AD_2020_0270_superseded.pdf,2020-0270,2020-0270,2020-0270,True,d82f18ddf5a62a3d03838047f3982b39ac1f1ef411c1b30b5d3e9ff9b26f92d8,First-page AD header
2020-0273-CN__AD_2020-0273-CN_1__EASA_AD_2020_0273_CN.pdf,2020-0273,2020-0273,2020-0273,True,86936235c50005d267d196a3b4dfbdfed2dfbe6406058b449e2dd5ede10526e5,First-page AD header
2020-0274__AD_2020-0274_1__EASA_AD_2020_0274_superseded.pdf,2020-0274,2020-0274,2020-0274,True,48922d4643a9d0429b975b80bb6e3420327ea10118dac91851b5cd36e89ca7e5,First-page AD header
2020-0276__AD_2020-0276_2__EASA_AD_2020_0276.pdf,2020-0276,2020-0276,2020-0276,True,6a6b3cdac6710987625e20915b9306eaf0e2466a1e0e43da7f837a3196c53499,First-page AD header
2020-0279__AD_2020-0279_1__EASA_AD_2020_0279.pdf,2020-0279,2020-0279,2020-0279,True,3073e8b0bc323afaa0c501cb5c44eb706dacc1dd4a3a369a811cc9b566c98cd1,First-page AD header
2020-0280__AD_2020-0280_1__EASA_AD_2020_0280.pdf,2020-0280,2020-0280,2020-0280,True,b2fcca4741ed9fac663862da5e7351b175058f3e2d2e62a91df8bcb2511850b8,First-page AD header
2020-0283__AD_2020-0283_1__EASA_AD_2020_0283_C1_superseded.pdf,2020-0283,2020-0283,2020-0283,True,9b242219d59b1e93304e1ac992c144a4d5f7da0ede002eb2f4f5088d189a649f,First-page AD header
2020-0285__AD_2020-0285_1__EASA_AD_2020_0285.pdf,2020-0285,2020-0285,2020-0285,True,883decce6425b44e4732b9d469569457ed3b398c196a564f913f52edd97d5cdc,First-page AD header
2020-0286__AD_2020-0286_1__EASA_AD_2020_0286_superseded.pdf,2020-0286,2020-0286,2020-0286,True,d421bbf0e5c42f4fcbee43cd0461f8aa349a47d507b2d7b2e7e6c4ad9115edde,First-page AD header
2021-0001__AD_2021-0001_1__EASA_AD_2021_0001_superseded.pdf,2021-0001,2021-0001,2021-0001,True,5b64ae77637a78271acdea354dd5f4239abb07b5232076d39ac074bb7bedbbba,First-page AD header
2021-0002R1__AD_2021-0002R1_1__EASA_AD_2021_0002_R1.pdf,2021-0002R1,2021-0002,2021-0002R1,True,7ede6c0fa55db93a79139c5a7a431af1d71b8d106e5169af07ff5cf3922286ff,First-page AD header
2021-0004R1__AD_2021-0004R1_1__EASA_AD_2021_0004_R1.pdf,2021-0004R1,2021-0004,2021-0004R1,True,8021adde2f96d0bf6367c9f2721369737071cf4bdc63faba90b2c54ff422f7f6,First-page AD header
2021-0007__AD_2021-0007_1__EASA_AD_2021_0007.pdf,2021-0007,2021-0007,2021-0007,True,c21ea2d23a1fe289d8bf12a71bfa042011e89c075acccbd25a7015e4e5e830f9,First-page AD header
2021-0017__AD_2021-0017_1__EASA_AD_2021_0017.pdf,2021-0017,2021-0017,2021-0017,True,a136ff9f6dd9644c4847994409a5da910ed93d45662033b385be1c866f5fcaef,First-page AD header
2021-0018__AD_2021-0018_1__EASA_AD_2021_0018_Superseded.pdf,2021-0018,2021-0018,2021-0018,True,8b848f5de91155ade1de03a5da9f1289e12c53c93b0364177ba44049dd830ce2,First-page AD header
2021-0019__AD_2021-0019_1__EASA_AD_2021_0019.pdf,2021-0019,2021-0019,2021-0019,True,8bba32deaaf668416aac64855b895f0b33c394dc30ad9b52f5d7fb8e77932dc4,First-page AD header
2021-0026__AD_2021-0026_1__EASA_AD_2021_0026_Superseded.pdf,2021-0026,2021-0026,2021-0026,True,da79ca6c07842bddf30b126f664c5b077d0aff34356afd0059e2adf13c116735,First-page AD header
2021-0028__AD_2021-0028_1__EASA_AD_2021_0028.pdf,2021-0028,2021-0028,2021-0028,True,80111a6a78d0def715d41bb05fa9c4033a866c495771c69d43f20d3ac8c94671,First-page AD header
2021-0029__AD_2021-0029_1__EASA_AD_2021_0029.pdf,2021-0029,2021-0029,2021-0029,True,3fc3d68ea2be8ead533c99f34078bea1eb454e3329bbc90dc2db0d005fd34d84,First-page AD header
2021-0032__AD_2021-0032_1__EASA_AD_2021_0032.pdf,2021-0032,2021-0032,2021-0032,True,d5dd9d001a5cbc5383f6d11a23fb2269c09519afed8e4bd34401df5d8a94e5f4,First-page AD header
2021-0033__AD_2021-0033_1__EASA_AD_2021_0033.pdf,2021-0033,2021-0033,2021-0033,True,fc9e4f89dd4eb5600ccf07a3e2d7366ac61923a07ac8a26c56d7b899aa5ea068,First-page AD header
2021-0034R1__AD_2021-0034R1_1__EASA_AD_2021_0034_R1.pdf,2021-0034R1,2021-0034,2021-0034R1,True,e0a6adde7210a86e13a1c889f1e0448355663730e7ef508e362ec78df7f996f5,First-page AD header
2021-0035__AD_2021-0035_1__EASA_AD_2021_0035.pdf,2021-0035,2021-0035,2021-0035,True,84ed0d012cee12ed26f535d7bc6b569c9e5782f765edc342abd685fb019b72a4,First-page AD header
2021-0037__AD_2021-0037_2__EASA_AD_2021_0037.pdf,2021-0037,2021-0037,2021-0037,True,af76b5eade8a842aff1b5398398ff2ad7c92672c1761bc991983d48003f0b9d3,First-page AD header
2021-0045__AD_2021-0045_1__EASA_AD_2021_0045_superseded.pdf,2021-0045,2021-0045,2021-0045,True,5206ef995d34804c355ac5a85562d90b8bdee660f580b066725ed8ac609c88ad,First-page AD header
2021-0049__AD_2021-0049_1__EASA_AD_2021_0049.pdf,2021-0049,2021-0049,2021-0049,True,99c9c14495de1c9413149968190d61db140d7246aa259acea01cdca634e693df,First-page AD header
2021-0051__AD_2021-0051_1__EASA_AD_2021_0051_C1.pdf,2021-0051,2021-0051,2021-0051,True,bca57a7a0bf41a215b74c65ea386fc709880643465ea903e29dcdba5a7e31414,First-page AD header
2021-0053R1__AD_2021-0053R1_1__EASA_AD_2021_0053_R1_superseded.pdf,2021-0053R1,2021-0053,2021-0053R1,True,178e7bcffad24f669065a1bca73b52d234aa0603b49cbc2b58f45ba1da587dbc,First-page AD header
2021-0061__AD_2021-0061_1__EASA_AD_2021_0061.pdf,2021-0061,2021-0061,2021-0061,True,5fbfc396f4adcad85fbd34104a462599394a77d3b9de727a3a227eac17bded56,First-page AD header
2021-0063R1__AD_2021-0063R1_1__EASA_AD_2021_0063_R1.pdf,2021-0063R1,2021-0063,2021-0063R1,True,097c8136f7b04b1bb4fadd763d1993f7ef8c30e63b60e9444d009c6a58ceebcb,First-page AD header
2021-0068__AD_2021-0068_1__EASA_AD_2021_0068_superseded.pdf,2021-0068,2021-0068,2021-0068,True,20d1068e9d12dc25b8c526b011bec731850a0d523bcbfb2db6c0beb60fbad71d,First-page AD header
2021-0071__AD_2021-0071_1__EASA_AD_2021_0071.pdf,2021-0071,2021-0071,2021-0071,True,7805683d1a94e8ab32adeb0099d31a78f7a9510370fe0c4498d77f9ef0e2d39b,First-page AD header
2021-0073__AD_2021-0073_1__EASA_AD_2021_0073_Superseded.pdf,2021-0073,2021-0073,2021-0073,True,89b985525ae54991fa3ce5203019b0b53c1b1164d741f2ff2b671b4a76693c38,First-page AD header
2021-0082__AD_2021-0082_1__EASA_AD_2021_0082.pdf,2021-0082,2021-0082,2021-0082,True,9fb01f56fb50cdf2374b5c1ad8f08dc31bcd2c5d9e9c3c5b8e1a39a85b93977d,First-page AD header
2021-0085__AD_2021-0085_1__EASA_AD_2021_0085.pdf,2021-0085,2021-0085,2021-0085,True,4cdb73a2ba9fbd4a4cae047473cf6e0c18ea4278189e210deaff4cbce9b7d38b,First-page AD header
2021-0087__AD_2021-0087_1__EASA_AD_2021_0087.pdf,2021-0087,2021-0087,2021-0087,True,bade33627bb01d44b31f286dcbaa512546d5acef8b9e211c08f4986933de2353,First-page AD header
2021-0092R1__AD_2021-0092R1_1__EASA_AD_2021_0092_R1.pdf,2021-0092R1,2021-0092,2021-0092R1,True,eddd5ef1b6a1b43ace7cfd7205587b342bf512dbcf85b8ade0fc895fd713ff01,First-page AD header
2021-0093__AD_2021-0093_1__EASA_AD_2021_0093_Superseded.pdf,2021-0093,2021-0093,2021-0093,True,71cb2573bb9bb5c614c80fed85a0558a86d25773375f723530b2b39d13344386,First-page AD header
2021-0100__AD_2021-0100_1__EASA_AD_2021_0100.pdf,2021-0100,2021-0100,2021-0100,True,564ada6b357d71bb634617a345facc56548f8b19f6d97326d612a0cf3bf383dd,First-page AD header
2021-0103__AD_2021-0103_1__EASA_AD_2021_0103.pdf,2021-0103,2021-0103,2021-0103,True,ccb85e061ae01741326028621be44211ab6cb827311546b9f30ff981bc95c42f,First-page AD header
2021-0106__AD_2021-0106_1__EASA_AD_2021_0106.pdf,2021-0106,2021-0106,2021-0106,True,87a12d7d67496d38ea56244f161469cad2902ef68e16b0825985508b95290621,First-page AD header
2021-0108__AD_2021-0108_1__EASA_AD_2021_0108_superseded.pdf,2021-0108,2021-0108,2021-0108,True,b211a12dc4714accc351f8a0edea4419ee9383173be20d21648e513178dc4132,First-page AD header
2021-0111R1__AD_2021-0111R1_1__EASA_AD_2021_0111R1.pdf,2021-0111R1,2021-0111,2021-0111R1,True,24761370878a3b8f343de078c49ff6917aa5a29013a721db29d4dab85b0f6a26,First-page AD header
2021-0112__AD_2021-0112_1__EASA_AD_2021_0112.pdf,2021-0112,2021-0112,2021-0112,True,103b5b22008991202ae034db7033620b4495ca2cd8c63cfbbf167c74a4cf6f4e,First-page AD header
2021-0115R1__AD_2021-0115R1_1__EASA_AD_2021_0115R1.pdf,2021-0115R1,2021-0115,2021-0115R1,True,83cfb9945e97c79cbff73ba42e69810b5af9ea6023d81b2962e210afaa0bdc76,First-page AD header
2021-0127__AD_2021-0127_1__EASA_AD_2021_0127.pdf,2021-0127,2021-0127,2021-0127,True,f6720b267d7ad7fb2496820b99d1313fe6a7961f9ce5b6d84c78d53575c25546,First-page AD header
2021-0128__AD_2021-0128_1__EASA_AD_2021_0128.pdf,2021-0128,2021-0128,2021-0128,True,a909b52129a248bcd0cceff952588d41f936dabe5b950c00b873888ca030905e,First-page AD header
2021-0130R1__AD_2021-0130R1_1__EASA_AD_2021_0130_R1_superseded.pdf,2021-0130R1,2021-0130,2021-0130R1,True,2ce1e98d7313eadb2a92ef6b133c2acfc8d931b8ccaa86a062c23b0d1213972a,First-page AD header
2021-0133__AD_2021-0133_1__EASA_AD_2021_0133.pdf,2021-0133,2021-0133,2021-0133,True,8bb8af7ae7d924eb669abecc8cc75a57e7265548c91e1d70f038a6f75d44c77e,First-page AD header
2021-0134__AD_2021-0134_1__EASA_AD_2021_0134_Superseded.pdf,2021-0134,2021-0134,2021-0134,True,e04aeb7cf55716ac6a2f1e8e610984a2b6442ad15e951e43eea73c21e82e9d35,First-page AD header
2021-0136__AD_2021-0136_1__EASA_AD_2021_0136_superseded.pdf,2021-0136,2021-0136,2021-0136,True,d7c3b4529938f833445c8b450040b6e0789edd71f33c063ea9c9b244135eda67,First-page AD header
2021-0140__AD_2021-0140_1__EASA_AD_2021_0140_superseded.pdf,2021-0140,2021-0140,2021-0140,True,c85ae9fd58bfff14b7774f7c0f62f77a4cab4f8ce77b7fc7db9bb6cd02f9308f,First-page AD header
2021-0141__AD_2021-0141_1__EASA_AD_2021_0141.pdf,2021-0141,2021-0141,2021-0141,True,2fe903ad772881eefdd96694b004bf1dab98febeb8166791f2c6c24c108f7ec4,First-page AD header
2021-0145__AD_2021-0145_1__EASA_AD_2021_0145.pdf,2021-0145,2021-0145,2021-0145,True,8e6b43b9a954ff4c195f3c20a5e9fa94b0e9cdfcd89139b5a5166334c09690d6,First-page AD header
2021-0147__AD_2021-0147_1__EASA_AD_2021_0147_superseded.pdf,2021-0147,2021-0147,2021-0147,True,02317484aa64e9026b1944b9e6908f93299c170cc90ebf27420b40f898e9ae95,First-page AD header
2021-0150__AD_2021-0150_1__EASA_AD_2021_0150_C1_superseded.pdf,2021-0150,2021-0150,2021-0150,True,70e05a978c298956d9a05512cfadca24f05492033cb5b0f04ba21550f93610b9,First-page AD header
2021-0153__AD_2021-0153_1__EASA_AD_2021_0153.pdf,2021-0153,2021-0153,2021-0153,True,943e9044b8bbd27f92b88897868c9536a389179fb747eaa6434406e75b9ab3f9,First-page AD header
2021-0161__AD_2021-0161_1__EASA_AD_2021_0161.pdf,2021-0161,2021-0161,2021-0161,True,883296d9c40e103252a66b107a4b6ccde5f80c775c7d5fdcde379900625c9334,First-page AD header
2021-0162__AD_2021-0162_1__EASA_AD_2021_0162.pdf,2021-0162,2021-0162,2021-0162,True,f76786702bab9351a1b6895e414df974083579d9f85120c8b6908a23629e9a53,First-page AD header
2021-0166R1__AD_2021-0166R1_1__EASA_AD_2021_0166R1.pdf,2021-0166R1,2021-0166,2021-0166R1,True,c822a5db05bba7efe625a454c94264634fe1d8a462182c3c30e526e6d6de0410,First-page AD header
2021-0167__AD_2021-0167_1__EASA_AD_2021_0167.pdf,2021-0167,2021-0167,2021-0167,True,5433105dc112a5ffaf5fbcd4f967a5a1ade2ae5024ff00c2b26fd08917cedea9,First-page AD header
2021-0172__AD_2021-0172_2__EASA_AD_2021_0172_superseded.pdf,2021-0172,2021-0172,2021-0172,True,b23e132c875de3148c901c7161e2dba2251cde4a3d7351ac16d2abf40c388e78,First-page AD header
2021-0173__AD_2021-0173_1__EASA_AD_2021_0173.pdf,2021-0173,2021-0173,2021-0173,True,524bae8567f312173c546e487c4ce0f16ccc60630ebf320fee789c34e48e229e,First-page AD header
2021-0175__AD_2021-0175_1__EASA_AD_2021_0175_C1.pdf,2021-0175,2021-0175,2021-0175,True,1780eede96678d6f59cee584583a7d783ff8a64ffc8fec85ee697040fc597e4b,First-page AD header
2021-0177R3__AD_2021-0177R3_1__EASA_AD_2021_0177R3.pdf,2021-0177R3,2021-0177,2021-0177R3,True,5096ba88063e9821356743dc3934f1041e409de700a8653574425924f79d256e,First-page AD header
2021-0180-CN__AD_2021-0180-CN_1__EASA_AD_2021_0180_CN.pdf,2021-0180,2021-0180,2021-0180,True,d8eb989274e5268b4250184b63e0b72339ca36285b802716aa0647f3bf8e7693,First-page AD header
2021-0181__AD_2021-0181_1__EASA_AD_2021_0181_Superseded.pdf,2021-0181,2021-0181,2021-0181,True,7268d5ba279b139cfb2f3f9e72893a5187b449814b28005e2e69bd984c89c62d,First-page AD header
2021-0183R1__AD_2021-0183R1_1__EASA_AD_2021_0183R1_superseded.pdf,2021-0183R1,2021-0183,2021-0183R1,True,555b479632b5692f4f00df8cec03e382af5940bc63d764afd8c67c551c1c20c7,First-page AD header
2021-0190__AD_2021-0190_1__EASA_AD_2021_0190_superseded.pdf,2021-0190,2021-0190,2021-0190,True,2dbe0fd809b49171171c5b22ae16c7808506e42857cc5c2ddf38d3270113ce8d,First-page AD header
2021-0198__AD_2021-0198_1__EASA_AD_2021_0198_superseded.pdf,2021-0198,2021-0198,2021-0198,True,d5874a84381d9ed9bd0ba498d26fa6bc3d7c408d052fcfe025ad402113e9ec8e,First-page AD header
2021-0201__AD_2021-0201_1__EASA_AD_2021_0201.pdf,2021-0201,2021-0201,2021-0201,True,f840b6f6ad372585328204ac54165c3a6565c77ad49f97b758722bd415c3f548,First-page AD header
2021-0204__AD_2021-0204_1__EASA_AD_2021_0204_Superseded.pdf,2021-0204,2021-0204,2021-0204,True,c90eef727b944b395d2853a51a5ee2f42a5000770db05837ee2949a4823ba879,First-page AD header
2021-0205__AD_2021-0205_1__EASA_AD_2021_0205_Superseded.pdf,2021-0205,2021-0205,2021-0205,True,eb86e9686f301758ae9888543b0deff24ef8ce7bf56a2dfb929acbecff5c0544,First-page AD header
2021-0206__AD_2021-0206_1__EASA_AD_2021_0206_superseded.pdf,2021-0206,2021-0206,2021-0206,True,502e1971fed280675f9f3a7475a01ad31300333ac625d50ae9b22b6dcd0f9436,First-page AD header
2021-0207__AD_2021-0207_1__EASA_AD_2021_0207_superseded.pdf,2021-0207,2021-0207,2021-0207,True,df32d815709ad2960d1021e54eb39443d32c0ce3164f0047b3a1f00be840b26b,First-page AD header
2021-0208__AD_2021-0208_1__EASA_AD_2021_0208_superseded.pdf,2021-0208,2021-0208,2021-0208,True,d8a0263745ab35d0eb1b5de2d0b5a25f556fa1bd2ef461d5fb8da233b3aea5f6,First-page AD header
2021-0209__AD_2021-0209_1__EASA_AD_2021_0209_superseded.pdf,2021-0209,2021-0209,2021-0209,True,2f62f0ac2e4c5f123b45c2284b6d1f988c7e9c3d1a198fb390eec710665f71ba,First-page AD header
2021-0210__AD_2021-0210_1__EASA_AD_2021_0210.pdf,2021-0210,2021-0210,2021-0210,True,42b84bfc90459e6e71c64f5ab7b2cb5066a1780369501e540c1e6c9cfd39ba0f,First-page AD header
2021-0219__AD_2021-0219_1__EASA_AD_2021_0219.pdf,2021-0219,2021-0219,2021-0219,True,d4eed44e6cdb223fa441a11f93f4daf811cc68e383d02bc6424748e8b396cfde,First-page AD header
2021-0220__AD_2021-0220_1__EASA_AD_2021_0220.pdf,2021-0220,2021-0220,2021-0220,True,d4f89bb1f963ccf58b4005118856f91f688251779ddbe8ad150adfc7dfaac7b5,First-page AD header
2021-0221__AD_2021-0221_1__EASA_AD_2021_0221.pdf,2021-0221,2021-0221,2021-0221,True,9b565f697bd0ec4d6090cee2c07c9ba265545777b3f8c8340211965d6b00d3d5,First-page AD header
2021-0226__AD_2021-0226_1__EASA_AD_2021_0226.pdf,2021-0226,2021-0226,2021-0226,True,3587c5c763842d55934346d4e089aed7eabaccaeb284c482b9aab33f6d63e089,First-page AD header
2021-0227__AD_2021-0227_1__EASA_AD_2021_0227_superseded.pdf,2021-0227,2021-0227,2021-0227,True,77ed002cf404d9ad9e44d11269ea3011c42a498aadbd4ff45bc5e800d51f0ba7,First-page AD header
2021-0228__AD_2021-0228_1__EASA_AD_2021_0228.pdf,2021-0228,2021-0228,2021-0228,True,2e08bfc0b307e0a18d40ae94a991ad1c2fed99691eabf25012140e20d2b74d74,First-page AD header
2021-0229__AD_2021-0229_1__EASA_AD_2021_0229.pdf,2021-0229,2021-0229,2021-0229,True,21bf5541ec2b1f977ab79f5eda298b90cacd82b4242169ada1b6fe12451aa48c,First-page AD header
2021-0233__AD_2021-0233_1__EASA_AD_EASA_AD_2021_0233.pdf,2021-0233,2021-0233,2021-0233,True,a082659a3d23d59f57533ed8a540dce11d94a6c269a4a5c8f88cd96055f9f861,First-page AD header
2021-0234R1__AD_2021-0234R1_1__EASA_AD_2021_0234_R1.pdf,2021-0234R1,2021-0234,2021-0234R1,True,54699ce58cfec689e8ccf7e11ecbaef9ec501d3e7fa343e4edc466eb6635cf49,First-page AD header
2021-0236__AD_2021-0236_1__EASA_AD_2021_0236.pdf,2021-0236,2021-0236,2021-0236,True,d38096f0b1f2bc151e7c953b1d44dc79aeee6449c461e8b62a19d844502395bf,First-page AD header
2021-0241__AD_2021-0241_1__EASA_AD_2021_0241_superseded.pdf,2021-0241,2021-0241,2021-0241,True,c46c50d4ec7043771670305f3b23349c829a9f0c12024b879763f873e20225aa,First-page AD header
2021-0242__AD_2021-0242_2__EASA_AD_2021_0242.pdf,2021-0242,2021-0242,2021-0242,True,eb4fb67e4ae6f63629ff147dd10cca7d29fc5bf6e85db03f3b34c2bed9284a29,First-page AD header
2021-0246R1__AD_2021-0246R1_1__EASA_AD_2021_0246R1_superseded.pdf,2021-0246R1,2021-0246,2021-0246R1,True,97bcae54036efa209fec66ae2a135053850fd69ca852011e3456ef5c5c73805c,First-page AD header
2021-0247R1__AD_2021-0247R1_1__EASA_AD_2021_0247R1_superseded.pdf,2021-0247R1,2021-0247,2021-0247R1,True,b23297017163aa68bc3691a4faefa65dc0755a6de9fbe55f732c0314386a4def,First-page AD header
2021-0248R1__AD_2021-0248R1_2__EASA_AD_2021_0248R1_superseded.pdf,2021-0248R1,2021-0248,2021-0248R1,True,ba0511c08cd5a70f10a43194e48799d49b950d0dbbe33648ec7b87d6aafff145,First-page AD header
2021-0249R1__AD_2021-0249R1_1__EASA_AD_2021_0249R1_superseded.pdf,2021-0249R1,2021-0249,2021-0249R1,True,ba67861f07c97171edc85965f8fa9f192ccb575ba43f0d09642ff797cd4ad28a,First-page AD header
2021-0250R1__AD_2021-0250R1_1__EASA_AD_2021_0250R1_superseded.pdf,2021-0250R1,2021-0250,2021-0250R1,True,a6f7010e3e38a6d79c0647bea7fbee057f1a97f8f60effd6520927bc37de84be,First-page AD header
2021-0251R1__AD_2021-0251R1_1__EASA_AD_2021_0251R1_superseded.pdf,2021-0251R1,2021-0251,2021-0251R1,True,5037d56df0d77a93843803572508d8ea971229604f74deec52cde522b9820827,First-page AD header
2021-0252R1__AD_2021-0252R1_1__EASA_AD_2021_0252R1.pdf,2021-0252R1,2021-0252,2021-0252R1,True,c9e63faeebf2abd9c6eada760e40b8123c2a394af0276c24c9fd5add98ba97c6,First-page AD header
2021-0253R1__AD_2021-0253R1_1__EASA_AD_2021_0253R1.pdf,2021-0253R1,2021-0253,2021-0253R1,True,19afbcc08d0d2e7bebd393702ad78eb3af7e3da24956abea011ea434b59c5111,First-page AD header
2021-0254__AD_2021-0254_2__EASA_AD_2021_0254.pdf,2021-0254,2021-0254,2021-0254,True,7fda949b3f7da1c3ae80f7d1a0b030702da43f148983b9a5f18da206ab610a15,First-page AD header
2021-0256__AD_2021-0256_1__EASA_AD_2021_0256_superseded.pdf,2021-0256,2021-0256,2021-0256,True,f750e9cf75aab96d9c531b8990690dc4119a428cbed77c90d840ff5b5aba7ac6,First-page AD header
2021-0257__AD_2021-0257_1__EASA_AD_2021_0257_Superseded.pdf,2021-0257,2021-0257,2021-0257,True,2af384f5d19f4f77824b6b371ae1a301cd715c33100aa7aa98b88bf374e5c8c7,First-page AD header
2021-0258__AD_2021-0258_1__EASA_AD_2021_0258_superseded.pdf,2021-0258,2021-0258,2021-0258,True,1965994d395845c7c3600b6993cf0dd57d42c2165b5667c5908a14ced9a302f4,First-page AD header
2021-0260__AD_2021-0260_2__EASA_AD_2021_0260_superseded.pdf,2021-0260,2021-0260,2021-0260,True,511362a726f46ff0d9e8848f3623714b04d7233f6aba4db3ba163f66dd727ed8,First-page AD header
2021-0261__AD_2021-0261_1__EASA_AD_2021_0261_superseded.pdf,2021-0261,2021-0261,2021-0261,True,f743799ce16f1794597e891b7df836bfd6449a6cdae47bc5595fc12d8059960f,First-page AD header
2021-0262__AD_2021-0262_1__EASA_AD_2021_0262_superseded.pdf,2021-0262,2021-0262,2021-0262,True,98ef6534ab74e1270438d2af21c4afde52d06d04e540e1acb083579e5b2aafba,First-page AD header
2021-0263__AD_2021-0263_1__EASA_AD_2021_0263.pdf,2021-0263,2021-0263,2021-0263,True,e632c44a537cc7177984267dcea5c14672f1c48122ca304b521305f425c4f1ec,First-page AD header
2021-0269__AD_2021-0269_1__EASA_AD_2021_0269.pdf,2021-0269,2021-0269,2021-0269,True,f41c31c976d6624489aaa0dd2749b4b2f7d7c4fe16efc14c14009897bf818ffa,First-page AD header
2021-0275__AD_2021-0275_1__EASA_AD_2021_0275.pdf,2021-0275,2021-0275,2021-0275,True,93bc3cdb11ca28c91048dba4fdd08489e11e07b2fa1e8b4f7cacd5be694ce435,First-page AD header
2021-0277__AD_2021-0277_1__EASA_AD_2021_0277.pdf,2021-0277,2021-0277,2021-0277,True,ce85a97d62d80b7e1fb11b594312028aa9dc2b186822eff9aea29055cb731042,First-page AD header
2021-0279__AD_2021-0279_2__EASA_AD_2021_0279.pdf,2021-0279,2021-0279,2021-0279,True,0315147b85150268c078a1741d684b624b49f10777a44bc59d96cae4b3ac7a70,First-page AD header
2021-0280R1__AD_2021-0280R1_1__EASA_AD_2021_0280_R1.pdf,2021-0280R1,2021-0280,2021-0280R1,True,59b6c6fcfdce778e26bab383281dae33d46ac7bdb6f90d7337e9277c4e5c44f8,First-page AD header
2021-0281R3__AD_2021-0281R3_1__EASA_AD_2021_0281R3.pdf,2021-0281R3,2021-0281,2021-0281R3,True,127c5c4b2a8b2354cc4c17f28d08080f1f64a4a24ad7bd490d0c31c1e5c685fe,First-page AD header
2021-0284__AD_2021-0284_1__EASA_AD_2021_0284.pdf,2021-0284,2021-0284,2021-0284,True,d8bb9a5a18107afa7d56370722fb642c7c55fd32785cb97de1437510f25dbb64,First-page AD header
2021-0285__AD_2021-0285_1__EASA_AD_2021_0285_superseded.pdf,2021-0285,2021-0285,2021-0285,True,126caed0982a4ce1fa8a58fa3073b75d24f75e83ceefe7f9f00fbf07ec57e91f,First-page AD header
2021-0286__AD_2021-0286_1__EASA_AD_2021_0286.pdf,2021-0286,2021-0286,2021-0286,True,eeff34d335189fc2617ec67116c20b1d4153dae80bcdbcc1caeac270f862fd35,First-page AD header
2021-0288__AD_2021-0288_2__EASA_AD_2021_0288.pdf,2021-0288,2021-0288,2021-0288,True,b1d7a1f47a2bab52cd1ff7a44f89ce1adaa9b19bb4bd0bc26e03940fe46c8ebf,First-page AD header
2021-0291R2__AD_2021-0291R2_1__EASA_AD_2021_0291_R2.pdf,2021-0291R2,2021-0291,2021-0291R2,True,3d6ba94c8064ea4fe0c842e289dfd153071f262087e07f244c837cc9f3992a88,First-page AD header
2022-0001__AD_2022-0001_1__EASA_AD_2022_0001.pdf,2022-0001,2022-0001,2022-0001,True,9ab5a4bbfb6fc94a14348160729d1fb7e5951503f9498eb9407823b54fb3a727,First-page AD header
2022-0004__AD_2022-0004_1__EASA_AD_2022_0004.pdf,2022-0004,2022-0004,2022-0004,True,0a74975a445353fa236a7d4eff4d0827e8ac16171c7ff83999c85beb09e12029,First-page AD header
2022-0011__AD_2022-0011_1__EASA_AD_2022_0011_superseded.pdf,2022-0011,2022-0011,2022-0011,True,330890b6f357bfdad3ef86ba057a1df0425c31be81f753c6a69848270e4f466a,First-page AD header
2022-0013__AD_2022-0013_1__EASA_AD_2022_0013.pdf,2022-0013,2022-0013,2022-0013,True,354b3af48414bacc93d49a63d40cd1717b832fb644d8552556e553ac40d3108b,First-page AD header
2022-0014__AD_2022-0014_1__EASA_AD_2022_0014.pdf,2022-0014,2022-0014,2022-0014,True,48188ccbcd986dee1bbb3e87da8908c17bdeba1fe1e11df6e2ce34e57544a0f6,First-page AD header
2022-0015__AD_2022-0015_1__EASA_AD_2022_0015.pdf,2022-0015,2022-0015,2022-0015,True,6827bee3d59ecd89a634622b14ee9bf2e9db268482d7286cd56c654da0acc20c,First-page AD header
2022-0019__AD_2022-0019_1__EASA_AD_2022_0019_superseded.pdf,2022-0019,2022-0019,2022-0019,True,43a9166af9f870311688f2aba08231130ee4741c54da59ed93b1bf123a980fc1,First-page AD header
2022-0020__AD_2022-0020_1__EASA_AD_2022_0020.pdf,2022-0020,2022-0020,2022-0020,True,2a3727a9a89014a6aeaef12dde5271ae8639ffb287b94fe40b4c3191e19e8349,First-page AD header
2022-0022__AD_2022-0022_1__EASA_AD_2022_0022.pdf,2022-0022,2022-0022,2022-0022,True,9fcc6668e3f427bd271fb9fff8473ab262ab63987b6465c431d604953ab20f8f,First-page AD header
2022-0025R2__AD_2022-0025R2_1__EASA_AD_2022_0025R2.pdf,2022-0025R2,2022-0025,2022-0025R2,True,74045e848d502c8c38e3d6aa8d8a1fcff0a9f90fc703ccfbc1643adb38e48500,First-page AD header
2022-0026__AD_2022-0026_2__EASA_AD_2022_0026_superseded.pdf,2022-0026,2022-0026,2022-0026,True,687349d79195bcf420ccb88240a811245b50912233237f488a5fb9f8a7e63587,First-page AD header
2022-0028__AD_2022-0028_1__EASA_AD_2022_0028.pdf,2022-0028,2022-0028,2022-0028,True,4038eed532471c4cc9850e12f976e576bd6effbe4b3f2b16e7f707a1407000ec,First-page AD header
2022-0030__AD_2022-0030_1__EASA_AD_2022_0030_superseded.pdf,2022-0030,2022-0030,2022-0030,True,240c0c288df23c7120ddf1057adc349b3e55648bc35d7676a1eb05961e40f77e,First-page AD header
2022-0031__AD_2022-0031_1__EASA_AD_2022_0031.pdf,2022-0031,2022-0031,2022-0031,True,8fc3f51963cdafb5498981fb82c31f930e6d63353f07835210d59a5ca88e80a6,First-page AD header
2022-0032R1__AD_2022-0032R1_1__EASA_AD_2022_0032_R1_superseded.pdf,2022-0032R1,2022-0032,2022-0032R1,True,98625803ff5116ebf293000f9b0d964bb69b680dc29bce897c472b16351081d8,First-page AD header
2022-0039__AD_2022-0039_1__EASA_AD_2022_0039_superseded.pdf,2022-0039,2022-0039,2022-0039,True,3f6708ae6d555bef6cfe30d8362098a2487d0cc51ae4cff1eb96ccaa7ccd42e7,First-page AD header
2022-0040__AD_2022-0040_1__EASA_AD_2022_0040_superseded.pdf,2022-0040,2022-0040,2022-0040,True,d7ae34ffc4e79e56358a8950c63d9f6fa1f34099be01145147dc090fa8104029,First-page AD header
2022-0045__AD_2022-0045_1__EASA_AD_2022_0045_superseded.pdf,2022-0045,2022-0045,2022-0045,True,204d95cece3b738c9118ff8c7e70d8c1d9d9fb072c9930aafde60f9969e0b5c9,First-page AD header
2022-0048__AD_2022-0048_1__EASA_AD_2022_0048.pdf,2022-0048,2022-0048,2022-0048,True,e6370e4102ce50e8a850ed06803390ae0633bca8f0060864011f8e42829211fe,First-page AD header
2022-0049__AD_2022-0049_1__EASA_AD_2022_0049.pdf,2022-0049,2022-0049,2022-0049,True,cb9f935110baafa920a68ef6045c073a134a1300eb952416913201b9c8095e9b,First-page AD header
2022-0054__AD_2022-0054_1__EASA_AD_2022_0054.pdf,2022-0054,2022-0054,2022-0054,True,b1516d72709b7d9436555e7e6676927e674414ff2eb7148bb29252175dbd6702,First-page AD header
2022-0057__AD_2022-0057_2__EASA_AD_2022_0057.pdf,2022-0057,2022-0057,2022-0057,True,0efe0194ea903c27a16bd15be8ab1599db7dd0b16cddb30b0d3a1f1bbf872e57,First-page AD header
2022-0058__AD_2022-0058_1__EASA_AD_2022_0058.pdf,2022-0058,2022-0058,2022-0058,True,eda1c5b45401003d8cf8e91dd56fcd9f05f48a7ff2f630dc481e31f48c67aed0,First-page AD header
2022-0060__AD_2022-0060_1__EASA_AD_2022_0060.pdf,2022-0060,2022-0060,2022-0060,True,44db7fbf0d0e88850fefda33bee7ffce3946d1004b84a0a295886cba03049a29,First-page AD header
2022-0065__AD_2022-0065_1__EASA_AD_2022_0065.pdf,2022-0065,2022-0065,2022-0065,True,c90b2986ef7c8ded55c9e336b4a4799b1f7634adcb84cc142cfec288a053fd48,First-page AD header
2022-0075__AD_2022-0075_1__EASA_AD_2022_0075_superseded.pdf,2022-0075,2022-0075,2022-0075,True,3016c4cef770304e07edc7b5391168dfebd351c953ef67e38a7aa226dd681602,First-page AD header
2022-0078__AD_2022-0078_2__EASA_AD_2022_0078_superseded.pdf,2022-0078,2022-0078,2022-0078,True,94515459161d8b7e35b732ae5d901bb7cc3e23c436d8091c1de660376ff9a1c2,First-page AD header
2022-0080__AD_2022-0080_1__EASA_AD_2022-0080_superseded.pdf,2022-0080,2022-0080,2022-0080,True,07a07e3db81cc16683b2684436d657b0ca85ee8359d795f7edbdb1486f8c70a8,First-page AD header
2022-0082__AD_2022-0082_1__EASA_AD_2022_0082_superseded.pdf,2022-0082,2022-0082,2022-0082,True,0144b9200d5b7f3e306e7fc381e5aeb09ef97516469643281d39ce3788577480,First-page AD header
2022-0085__AD_2022-0085_1__EASA_AD_2022_0085_superseded.pdf,2022-0085,2022-0085,2022-0085,True,b7b0fedefa01e0ae57b313b992757d8387e1aa442172b68e6c9f12e06d188ce2,First-page AD header
2022-0088__AD_2022-0088_1__EASA_AD_2022_0088.pdf,2022-0088,2022-0088,2022-0088,True,075098121024dd4e832f500a544478dcb324b982d09923dda4b3f569010cdbae,First-page AD header
2022-0089__AD_2022-0089_1__EASA_AD_2022_0089.pdf,2022-0089,2022-0089,2022-0089,True,090e6baef4b4871c63235c698455c98e73f1c8456b68b1295eb6ffb8ed6801b7,First-page AD header
2022-0090__AD_2022-0090_1__EASA_AD_2022_0090.pdf,2022-0090,2022-0090,2022-0090,True,4597c91cfa2f79c7a12e07130e0c41ed928ba0359f64bff4e5e174f7c78819e2,First-page AD header
2022-0091__AD_2022-0091_1__EASA_AD_2022_0091_superseded.pdf,2022-0091,2022-0091,2022-0091,True,9c60c5e4923b8980d2da6afea84445f929e38a51a10ae6b146c74044203d4a16,First-page AD header
2022-0093__AD_2022-0093_1__EASA_AD_2022_0093.pdf,2022-0093,2022-0093,2022-0093,True,b5d126516c06d18626888cd84464817ff898ac8a18e9c49317e2051fd44b0398,First-page AD header
2022-0094__AD_2022-0094_1__EASA_AD_2022_0094.pdf,2022-0094,2022-0094,2022-0094,True,1a440a2831075583716685286d4e0110b1efaf7d2aad0ce527c7f41c7701275d,First-page AD header
2022-0096R2__AD_2022-0096R2_1__EASA_AD_2022_0096_R2_superseded.pdf,2022-0096R2,2022-0096,2022-0096R2,True,6af25ea1b7078a4bbf18c9dd6e9800094380950082a65c3ca6bd6da884f6160a,First-page AD header
2022-0098__AD_2022-0098_1__EASA_AD_2022_0098.pdf,2022-0098,2022-0098,2022-0098,True,dd0de22a4096472df66304041fe9488340113e5616a65dd552007f2cfffe4a8e,First-page AD header
2022-0100__AD_2022-0100_1__EASA_AD_2022_0100.pdf,2022-0100,2022-0100,2022-0100,True,693941f6a50e0054399ee7ccb47e1c8b2f6f67e7ffe5183c043a9ffac97ebeca,First-page AD header
2022-0102__AD_2022-0102_1__EASA_AD_2022_0102_superseded.pdf,2022-0102,2022-0102,2022-0102,True,bdff824d8d64bff4964838d918a5d5fe5a1519d6847cb081a4ca45c168c539a9,First-page AD header
2022-0105__AD_2022-0105_1__EASA_AD_2022_0105_superseded.pdf,2022-0105,2022-0105,2022-0105,True,feb8341f967f54147fb0ce68f7773c31539697e369db2bdc64801f8de5c6ed58,First-page AD header
2022-0106__AD_2022-0106_1__EASA_AD_2022_0106_superseded.pdf,2022-0106,2022-0106,2022-0106,True,9a5a2691e80c5c13699ba7298ce202747938b210af617154b7739ec9e00f9aac,First-page AD header
2022-0111R1__AD_2022-0111R1_2__EASA_AD_2022_0111_R1.pdf,2022-0111R1,2022-0111,2022-0111R1,True,dac9ac14b29dc53084e5d2dd0cc890534bed3057cd642faf5cca13494a358e45,First-page AD header
2022-0112__AD_2022-0112_1__EASA_AD_2022_0112.pdf,2022-0112,2022-0112,2022-0112,True,3f7bc9e48f3cfa1eedb21a47708fed6d12210734f13a6615c25aa98d817303d1,First-page AD header
2022-0115__AD_2022-0115_2__EASA_AD_2022_0115.pdf,2022-0115,2022-0115,2022-0115,True,0b06a403c61f3d1fc7f9d0cef74f1a3380ce73fd6a5437d6ca644366be0ba6ba,First-page AD header
2022-0116__AD_2022-0116_1__EASA_AD_2022_0116.pdf,2022-0116,2022-0116,2022-0116,True,1a670091c6ce102a13d2e534b2f38403e51414653339508b915e2510009dbbf9,First-page AD header
2022-0119__AD_2022-0119_1__EASA_AD_2022_0119.pdf,2022-0119,2022-0119,2022-0119,True,f2bff907bce4eaced5ece75e62a3da7205b35f9271f83bb9cd0c48c28c19ba86,First-page AD header
2022-0120R2__AD_2022-0120R2_1__EASA_AD_2022_0120_R2_superseded.pdf,2022-0120R2,2022-0120,2022-0120R2,True,0819d31d6d95742f6f154edef84f1e8ce137132d924424e67ad45fc6fed41db4,First-page AD header
2022-0124__AD_2022-0124_1__EASA_AD_2022_0124_superseded.pdf,2022-0124,2022-0124,2022-0124,True,56ad5c92c410db6842a206b1c6d2c0e9833fd87346e252a94035d6344612968b,First-page AD header
2022-0125__AD_2022-0125_1__EASA_AD_2022_0125_superseded.pdf,2022-0125,2022-0125,2022-0125,True,d0c5d1db74a8f6bd90fa8f0e251ea36ebb0d9660aeaffeecc0d4a149c5f5c98c,First-page AD header
2022-0126__AD_2022-0126_1__EASA_AD_2022_0126.pdf,2022-0126,2022-0126,2022-0126,True,d09fa49b27e0896dcb3c29f8af344a157f82b8a61d159b2e10972259f4c6ca79,First-page AD header
2022-0127__AD_2022-0127_1__EASA_AD_2022_0127_superseded.pdf,2022-0127,2022-0127,2022-0127,True,6b1a157d619c43bd174dc56ffb5b5ef834d06dcc63fd468542f9d41b17d21f49,First-page AD header
2022-0133__AD_2022-0133_1__EASA_AD_2022_0133.pdf,2022-0133,2022-0133,2022-0133,True,e7797166b1a5be8745afb4958807a71241522887e9fd2db3016e7b744f40b9d0,First-page AD header
2022-0147__AD_2022-0147_1__EASA_AD_2022_0147_C1_superseded.pdf,2022-0147,2022-0147,2022-0147,True,e406c47d392be494465cb3e3baa5ef4f14008a91344f6c551ada188e1d7c2ec3,First-page AD header
2022-0151__AD_2022-0151_1__EASA_AD_2022_0151_superseded.pdf,2022-0151,2022-0151,2022-0151,True,dbca225160996ce0cfe85653df345ffd3bfb1b81b54d745929355e976a53f1db,First-page AD header
2022-0156__AD_2022-0156_1__EASA_AD_2022_0156.pdf,2022-0156,2022-0156,2022-0156,True,c58514e09f9b8bc794e5f3c0b94fe4f6a3e469947788f5af7a5b6a111b7019a8,First-page AD header
2022-0157__AD_2022-0157_1__EASA_AD_2022_0157.pdf,2022-0157,2022-0157,2022-0157,True,f2e553ec7227e0cfbb0c651f5996fecd47260dfc3672f283a87c8b62e3e8477d,First-page AD header
2022-0159-CN__AD_2022-0159-CN_1__EASA_AD_2022_0159_CN.pdf,2022-0159,2022-0159,2022-0159,True,af3c8c09fa82013a194a15fa8ba3854f8eb24bf3e8683c240a45d44ecbb74906,First-page AD header
2022-0160-CN__AD_2022-0160-CN_1__EASA_AD_2022_0160_CN.pdf,2022-0160,2022-0160,2022-0160,True,154131c4cf3773f129a38d563d6f5ffdad6fad365f3c461367a4267a949e722a,First-page AD header
2022-0162R1__AD_2022-0162R1_1__EASA_AD_2022_0162_R1.pdf,2022-0162R1,2022-0162,2022-0162R1,True,7619c99e49f221668aaef951bcc2eba901c6b4f7a0af041ae739fc842b393745,First-page AD header
2022-0165R1__AD_2022-0165R1_1__EASA_AD_2022_0165_R1.pdf,2022-0165R1,2022-0165,2022-0165R1,True,e2fc0796eb20fbf9be3bd4784cb32452aef0ba6989b6b50ede65b93dcf6f3b5b,First-page AD header
2022-0171__AD_2022-0171_2__EASA_AD_2022_0171.pdf,2022-0171,2022-0171,2022-0171,True,a3ba00dc5437ffefb116c217129b7ef3744d090e1431b802c3cf7a37a1592488,First-page AD header
2022-0172__AD_2022-0172_1__EASA_AD_2022_0172_superseded.pdf,2022-0172,2022-0172,2022-0172,True,e180c73330015569914257839a8db21aadd42671b5597c0420805ce3df4c6f01,First-page AD header
2022-0173__AD_2022-0173_1__EASA_AD_2022_0173_superseded.pdf,2022-0173,2022-0173,2022-0173,True,3198900511c4955862e07e5f133bbe8b56a62eb53e4177fc116f432662b2e4ea,First-page AD header
2022-0174R1__AD_2022-0174R1_1__EASA_AD_2022_0174_R1_superseded.pdf,2022-0174R1,2022-0174,2022-0174R1,True,722687bcb7b0fe7aa3af4783ea57780102071700abde8d016a5fbbb4fa49ac78,First-page AD header
2022-0175__AD_2022-0175_2__EASA_AD_2022_0175.pdf,2022-0175,2022-0175,2022-0175,True,0fa43c17571025d3d9d4ca1182047865fd5bfb2dfbb7433c40e01a482027520b,First-page AD header
2022-0176__AD_2022-0176_1__EASA_AD_2022_0176_superseded.pdf,2022-0176,2022-0176,2022-0176,True,76a199307aa2f337f26ea79bb2e4a537f6f55ca0b61400672ac72e4138d11edc,First-page AD header
2022-0179__AD_2022-0179_2__EASA_AD_2022_0179_superseded.pdf,2022-0179,2022-0179,2022-0179,True,624ddd746f5cbe0ee43254fc6c993e17844a80d2f71d2ccd0458a001ea1e2e11,First-page AD header
2022-0181__AD_2022-0181_1__EASA_AD_2022_0181_superseded.pdf,2022-0181,2022-0181,2022-0181,True,6ecad8daeb6ec40c2ffe84526e7ad5179b916a28b2588108d7e2d98efccb80e0,First-page AD header
2022-0183__AD_2022-0183_1__EASA_AD_2022_0183.pdf,2022-0183,2022-0183,2022-0183,True,04c48c19eda248dfe8a62a1425cdcbc8cfadcaa3ad2bfee2c48de9bc3de598dc,First-page AD header
2022-0185__AD_2022-0185_1__EASA_AD_2022_0185.pdf,2022-0185,2022-0185,2022-0185,True,f6ac000610f076f82e560ab9348b6e0ea41281032b711f02432f5c967ac5d61a,First-page AD header
2022-0186__AD_2022-0186_1__EASA_AD_2022_0186.pdf,2022-0186,2022-0186,2022-0186,True,26bad4da6eac7957aab244f076e420a52e8396a9ed30f444576d9880bf02c7bd,First-page AD header
2022-0187__AD_2022-0187_1__EASA_AD_2022_0187_superseded.pdf,2022-0187,2022-0187,2022-0187,True,76852f087ff38d2ad0ff14495352190589eea2c618a9701d8a2025e3605f9476,First-page AD header
2022-0188__AD_2022-0188_1__EASA_AD_2022_0188_superseded.pdf,2022-0188,2022-0188,2022-0188,True,eb1bd7ae3928515588d818a99c3ca8538a35c64dd88613a4a7654a4a72f9b52f,First-page AD header
2022-0189__AD_2022-0189_1__EASA_AD_2022_0189.pdf,2022-0189,2022-0189,2022-0189,True,19aa1dd725469ea8bddc83bfaa3926ebf753f194116a4091f72e5866bdca6ff5,First-page AD header
2022-0190__AD_2022-0190_1__EASA_AD_2022_0190.pdf,2022-0190,2022-0190,2022-0190,True,5411c2512374bc6d0b288fb2ecb9ca08325a886850d1a9d6a3583a144ef01670,First-page AD header
2022-0192__AD_2022-0192_1__EASA_AD_2022_0192_Superseded.pdf,2022-0192,2022-0192,2022-0192,True,c24f0d908217e567740b0a6453c1ba12f3a5880fa2f190afd0d0b47b298d3851,First-page AD header
2022-0193__AD_2022-0193_1__EASA_AD_2022_0193_Superseded.pdf,2022-0193,2022-0193,2022-0193,True,558548594df9075c1a1b42e6310540ed36a493f85c067e93b13ab7e6c6c4ebc8,First-page AD header
2022-0194__AD_2022-0194_1__EASA_AD_2022_0194.pdf,2022-0194,2022-0194,2022-0194,True,c0a67038eea80e84413667f4089471d73b1b71e42091705a6f457759f7213b3a,First-page AD header
2022-0195__AD_2022-0195_1__EASA_AD_2022_0195.pdf,2022-0195,2022-0195,2022-0195,True,92de51812dff00d339599c551ea85f2aa90e439e23b404946827e1534895caff,First-page AD header
2022-0196__AD_2022-0196_1__EASA_AD_2022_0196_superseded.pdf,2022-0196,2022-0196,2022-0196,True,244222cd89151e2c1e1a0ba12e4783c3d5174eaa0d7229a40446cc6fe9601c28,First-page AD header
2022-0197__AD_2022-0197_1__EASA_AD_2022_0197.pdf,2022-0197,2022-0197,2022-0197,True,9acac66ae6fc4e84e5db4569a3fb2c57a232c30ff6c67a0300b6666d6f27cf28,First-page AD header
2022-0204R1__AD_2022-0204R1_1__EASA_AD_2022_0204R1_C1.pdf,2022-0204R1,2022-0204,2022-0204R1,True,ef33dbf232a25a33824c34debd05d4267e8045ad87690e1caee67b1c54935726,First-page AD header
2022-0211__AD_2022-0211_1__EASA_AD_2022_0211.pdf,2022-0211,2022-0211,2022-0211,True,faa0e6c8b2fa05e6ec1fc8d7a498d1244f8dd57f736b0122f9dcb27c3582d0f6,First-page AD header
2022-0213R1__AD_2022-0213R1_1__EASA_AD_2022_0213_R1.pdf,2022-0213R1,2022-0213,2022-0213R1,True,8adeb56061ae6834bbbf29014bed71ffca1487baef2eecbc98c4d0f3099759f5,First-page AD header
2022-0217R1__AD_2022-0217R1_1__EASA_AD_2022_0217R1.pdf,2022-0217R1,2022-0217,2022-0217R1,True,589b14174d1c5a62ea42c99fe6795c0e198d96b7515bf1b3a997a1843a59f159,First-page AD header
2022-0218__AD_2022-0218_1__EASA_AD_2022_0218_Superseded.pdf,2022-0218,2022-0218,2022-0218,True,8818ef5ed22be47da0cd5604343d8b64dcc1b417029c6014c33f3c03a9beabdd,First-page AD header
2022-0222__AD_2022-0222_1__EASA_AD_2022_0222.pdf,2022-0222,2022-0222,2022-0222,True,55c4ff6b0bab334a7b7c163a1d64b813fa1150bb7166d7f5aefdeb90ebc6976a,First-page AD header
2022-0227__AD_2022-0227_1__EASA_AD_2022_0227_superseded.pdf,2022-0227,2022-0227,2022-0227,True,acd2ae3186880e5bd4a9aafdf9b8e64b9df28c0291a75d01b60e5340d108e72f,First-page AD header
2022-0238__AD_2022-0238_1__EASA_AD_2022_0238.pdf,2022-0238,2022-0238,2022-0238,True,040ea78ec49dcc860b3b46b4c6b4e423e21e265038d8bb2e976978d4d209a70f,First-page AD header
2022-0243__AD_2022-0243_1__EASA_AD_2022_0243_superseded.pdf,2022-0243,2022-0243,2022-0243,True,1873ef5f63d016c4886832443a73b4f1a3b585495ee1403456911fdec65016e9,First-page AD header
2022-0250__AD_2022-0250_1__EASA_AD_2022_0250_superseded.pdf,2022-0250,2022-0250,2022-0250,True,2ab02451b63a9faa3aca283849db36e9aabd8caa0ceb5e01b1e4e3916e20055b,First-page AD header
2022-0253__AD_2022-0253_1__EASA_AD_2022_0253.pdf,2022-0253,2022-0253,2022-0253,True,73dd39dc4cda833b79075a452c0a7cef3441d1dcfab52ad1432e5264b982ce0f,First-page AD header
2022-0257__AD_2022-0257_1__EASA_AD_2022_0257.pdf,2022-0257,2022-0257,2022-0257,True,b901449eeab5e72f60fcaa2b1ff4c8400a5172f4ba0d74c0a1273234974ed582,First-page AD header
2022-0262__AD_2022-0262_1__EASA_AD_2022_0262_superseded.pdf,2022-0262,2022-0262,2022-0262,True,ae8c306ba41e92357ba54174efdc048389d4e2c6a5e489278a7f8df61ac516ff,First-page AD header
2022-0263__AD_2022-0263_1__EASA_AD_2022_0263.pdf,2022-0263,2022-0263,2022-0263,True,74f7f0a7286f53c7460272aacd82349c5f04e32bda069277e596f3ad5fbf8ecc,First-page AD header
2022-0266__AD_2022-0266_1__EASA_AD_2022_0266.pdf,2022-0266,2022-0266,2022-0266,True,e92940f8f59d1ccb5b72439ab2c7314568109e71fd6f44ad7bea54f089413bf4,First-page AD header
2023-0004__AD_2023-0004_1__EASA_AD_2023_0004_superseded.pdf,2023-0004,2023-0004,2023-0004,True,bd1acc4ebcac2f20b0558de47dc9dfbe9fb3855c5bee938be734ec8804f1a2d7,First-page AD header
2023-0008__AD_2023-0008_1__EASA_AD_2023_0008_superseded.pdf,2023-0008,2023-0008,2023-0008,True,c326558370f5f71db345d72af3c12d9005382fb775849ef5492196ea9fe321d3,First-page AD header
2023-0009__AD_2023-0009_1__EASA_AD_2023_0009.pdf,2023-0009,2023-0009,2023-0009,True,f27b45b96585ab0299b96588a6b7d0720a87ed05e3624de6045d3e9bdae516bd,First-page AD header
2023-0011R1__AD_2023-0011R1_1__EASA_AD_2023_0011_R1_superseded.pdf,2023-0011R1,2023-0011,2023-0011R1,True,f2e5cc8bca5e9d0c3799779dfae7828adc8c42c257388c8957c5024a08e58327,First-page AD header
2023-0012__AD_2023-0012_1__EASA_AD_2023_0012.pdf,2023-0012,2023-0012,2023-0012,True,f7aa858a4d4a2380af175891e76c8936f3edf8c0c4f17748be4af2aa1d33e67f,First-page AD header
2023-0014__AD_2023-0014_1__EASA_AD_2023_0014.pdf,2023-0014,2023-0014,2023-0014,True,f725f4d58c36ac2d6bbf2ab79ba14108d2fed48d02b16aadd3ef73f126741687,First-page AD header
2023-0015__AD_2023-0015_1__EASA_AD_2023_0015_superseded.pdf,2023-0015,2023-0015,2023-0015,True,b8ffd1fa28b8fa867d5689d2b99aa93d72d4d11d1017e9de90dc14b78f99ecb6,First-page AD header
2023-0016__AD_2023-0016_1__EASA_AD_2023_0016_superseded.pdf,2023-0016,2023-0016,2023-0016,True,9c4310f5d85663c083b4c16e181858d54476e18fd1ab0d9c83ce49de231cff3c,First-page AD header
2023-0017__AD_2023-0017_1__EASA_AD_2023_0017.pdf,2023-0017,2023-0017,2023-0017,True,05af8eff3e0573d62fb01118beb0bedbc46a31ffd738c8c63411b4e48bb23b5d,First-page AD header
2023-0018__AD_2023-0018_1__EASA_AD_2023_0018.pdf,2023-0018,2023-0018,2023-0018,True,a9ae8794279aaf18f180bcc56ce58044b1a62e2874437f44affdb96268afd29f,First-page AD header
2023-0019-CN__AD_2023-0019-CN_1__EASA_AD_2023_0019_CN.pdf,2023-0019,2023-0019,2023-0019,True,aa00bc76557b0187e824747c90e47047ad9a87bb9eac5e6643f0f5d5ff2a594e,First-page AD header
2023-0023__AD_2023-0023_1__EASA_AD_2023_0023.pdf,2023-0023,2023-0023,2023-0023,True,0c1568fc09ed88b96d34537a194d2c94063a2d71801b3940aa24cf1d1c7b9c2f,First-page AD header
2023-0024__AD_2023-0024_1__EASA_AD_2023_0024_superseded.pdf,2023-0024,2023-0024,2023-0024,True,fddd2f17699014420431bfb7fc8ed8cf50a2b2a35ecc1ec0cceb73c884299312,First-page AD header
2023-0026__AD_2023-0026_1__EASA_AD_2023_0026.pdf,2023-0026,2023-0026,2023-0026,True,9a45abd3a6fba9de417b05be052eb14f89002846436b6970d2ddd30733d3628a,First-page AD header
2023-0029__AD_2023-0029_1__EASA_AD_2023_0029.pdf,2023-0029,2023-0029,2023-0029,True,27ec3bc7e02b084c31e2344ae98b62d6d106dec155ec3414ad1313903143ee60,First-page AD header
2023-0031__AD_2023-0031_1__EASA_AD_2023_0031_superseded.pdf,2023-0031,2023-0031,2023-0031,True,89d2247a0709f0f03f61f10ab722e05a7f5855b798d0de15c87847f6cebe43c9,First-page AD header
2023-0032__AD_2023-0032_1__EASA_AD_2023_0032.pdf,2023-0032,2023-0032,2023-0032,True,5b6077771d7fe4fca6b76cad23fda40e053e539e49f2534e16f6e1554ec25660,First-page AD header
2023-0033__AD_2023-0033_1__EASA_AD_2023_0033.pdf,2023-0033,2023-0033,2023-0033,True,9bce9d4647f9dee03b03dfd3b6cac2d068ec902a7e6dedb775effcad8163c8b6,First-page AD header
2023-0034__AD_2023-0034_1__EASA_AD_2023_0034.pdf,2023-0034,2023-0034,2023-0034,True,f0a95b6c79b5a197875286badb9162e7328eac1de242f554fab07bf01932e319,First-page AD header
2023-0043__AD_2023-0043_1__EASA_AD_2023_0043.pdf,2023-0043,2023-0043,2023-0043,True,3a1399810f7ddfd92de4bf5a4c39ce5935f874ce6b8acf23ad14054b03136062,First-page AD header
2023-0051__AD_2023-0051_1__EASA_AD_2023_0051.pdf,2023-0051,2023-0051,2023-0051,True,51472ba69e7c84738c74b487d41f6fa48258c3b3cc64f6dc44c4bf9463dfc5a7,First-page AD header
2023-0052__AD_2023-0052_1__EASA_AD_2023_0052.pdf,2023-0052,2023-0052,2023-0052,True,be0afedd99f148209a0a23b5efc71f518d20214125ad7345816ed9b385394bd2,First-page AD header
2023-0053__AD_2023-0053_1__EASA_AD_2023_0053.pdf,2023-0053,2023-0053,2023-0053,True,723cd5cfdbca28d0b0707b194ae13d70e388520416eb67cc8405b44691327918,First-page AD header
2023-0054__AD_2023-0054_1__EASA_AD_2023_0054.pdf,2023-0054,2023-0054,2023-0054,True,9eda309db243f5d8fe281699dd694d241c78978249bf2ecfd16ab9e02a934b69,First-page AD header
2023-0056__AD_2023-0056_2__EASA_AD_2023_0056_superseded.pdf,2023-0056,2023-0056,2023-0056,True,5ce880a5ec4b0f4588f433c1066c631dd8727bc6226adc530e5e28ec12233248,First-page AD header
2023-0057__AD_2023-0057_1__EASA_AD_2023_0057.pdf,2023-0057,2023-0057,2023-0057,True,847d36faa95be21809ba3b9d3e5ce62c7b09310c1b3590b482919bee33daec85,First-page AD header
2023-0067__AD_2023-0067_1__EASA_AD_2023_0067.pdf,2023-0067,2023-0067,2023-0067,True,ad914dbece37ba81ef482f3eab125568f3191ed97ea46af93ac84c6e0084b668,First-page AD header
2023-0068__AD_2023-0068_1__EASA_AD_2023_0068.pdf,2023-0068,2023-0068,2023-0068,True,575c3bd3c1803c1e9ae1c8dd3126dd886d1201b4370d3e9deb16d144f1071a3d,First-page AD header
2023-0070__AD_2023-0070_2__EASA_AD_2023_0070.pdf,2023-0070,2023-0070,2023-0070,True,499d6c036df8a203c40f0bfa33dbb31b2d3bab8c0a109ccf132b6e8ae9a56a8b,First-page AD header
2023-0074__AD_2023-0074_1__EASA_AD_2023_0074.pdf,2023-0074,2023-0074,2023-0074,True,e5fad8e70a426298f35f270d653851d04449c5228012471061c81f63677e36d8,First-page AD header
2023-0091__AD_2023-0091_1__EASA_AD_2023_0091_Superdeded.pdf,2023-0091,2023-0091,2023-0091,True,adda8f4f7a0939e3d463f56b196c9d648d0e44e65aaadd905b068a7592d2b3f4,First-page AD header
2023-0092__AD_2023-0092_1__EASA_AD_2023_0092_Superseded.pdf,2023-0092,2023-0092,2023-0092,True,8fc0c0b42d013dc8a65c1013555eb8098b8b9f64131a1355f53d051cd51cc177,First-page AD header
2023-0093R1__AD_2023-0093R1_1__EASA_AD_2023_0093_R1.pdf,2023-0093R1,2023-0093,2023-0093R1,True,3f8aed562c9e5615a5e3196c95bb970b4cce7831a7b8950ba32a1b0ec6cd2c3e,First-page AD header
2023-0094__AD_2023-0094_2__EASA_AD_2023_0094_superseded.pdf,2023-0094,2023-0094,2023-0094,True,9716d514b6071cb28c145c594c08848bde1be5a4ac714f5d4e558734d5152f8e,First-page AD header
2023-0098R1__AD_2023-0098R1_1__EASA_AD_2023_0098_R1_Superseded.pdf,2023-0098R1,2023-0098,2023-0098R1,True,a116d3d02f156c44c7ba19635eb9224a9c7d5968db8cb5911585ac921d9966fc,First-page AD header
2023-0102__AD_2023-0102_1__EASA_AD_2023_0102.pdf,2023-0102,2023-0102,2023-0102,True,3ecb235d9a83e493ea15d01f1c453018d63e0defaec5861e94478d76019dfd39,First-page AD header
2023-0104__AD_2023-0104_1__EASA_AD_2023_0104_Superseded.pdf,2023-0104,2023-0104,2023-0104,True,fee18e4f7a23a6178ae9a21cdcf83d38e67d83aafde86723a8c1edf81073cdd3,First-page AD header
2023-0106R1__AD_2023-0106R1_1__EASA_AD_2023_0106_R1.pdf,2023-0106R1,2023-0106,2023-0106R1,True,6036713e54364eceeadc653c2f05cc73517899f9536f5e5caa54adc61423ae17,First-page AD header
2023-0111R1__AD_2023-0111R1_1__EASA_AD_2023_0111R1_superseded.pdf,2023-0111R1,2023-0111,2023-0111R1,True,0e7d7ac5f5b7107ef2151202f6d4921a59228e849d034a60e705e6d760104216,First-page AD header
2023-0112__AD_2023-0112_2__EASA_AD_2023_0112.pdf,2023-0112,2023-0112,2023-0112,True,e79995308b78946cbffbb60855eb9d8efaa61df5bb43b77d063a41d705631fb3,First-page AD header
2023-0117__AD_2023-0117_2__EASA_AD_2023_0117.pdf,2023-0117,2023-0117,2023-0117,True,f887b226908c7930234b2eea062f59237308de617c404ced2810148347ff243e,First-page AD header
2023-0124__AD_2023-0124_1__EASA_AD_2023_0124_Superseded.pdf,2023-0124,2023-0124,2023-0124,True,781a2f2abbea785c449040fce3b20ee66dea884667be9bc6d45542d6456f82f4,First-page AD header
2023-0132R1__AD_2023-0132R1_1__EASA_AD_2023_0132_R1.pdf,2023-0132R1,2023-0132,2023-0132R1,True,7d2b05262bfd670503934cc83bbef817f43552a5fcc89562240497c4ad4b1fb6,First-page AD header
2023-0136R1__AD_2023-0136R1_1__EASA_AD_2023_0136R1.pdf,2023-0136R1,2023-0136,2023-0136R1,True,97ca0ededa39a6c6c8f2a796a4216198bad931e9e635c611535f563489b23f1d,First-page AD header
2023-0138__AD_2023-0138_2__EASA_AD_2023_0138_superseded.pdf,2023-0138,2023-0138,2023-0138,True,2adf64b74fb86bbed7d44fc25dc8ae1c1479e32ba9861f40fa9ddeacc137f7dd,First-page AD header
2023-0150__AD_2023-0150_1__EASA_AD_2023_0150.pdf,2023-0150,2023-0150,2023-0150,True,5f0fdcb67bb381da6886cb22ce84557e4c9ad0b70733c73f456957a6b626323e,First-page AD header
2023-0151__AD_2023-0151_1__EASA_AD_2023_0151_superseded.pdf,2023-0151,2023-0151,2023-0151,True,26e253d1d440cc215eb8f1991262db3c665e93527c9e1a7da5f2765ad15fe84f,First-page AD header
2023-0153__AD_2023-0153_1__EASA_AD_2023_0153_superseded.pdf,2023-0153,2023-0153,2023-0153,True,3b4630788bce62823bae9f8d9a27464a455d31eb06c8a6a448be082352e0c8aa,First-page AD header
2023-0157__AD_2023-0157_1__EASA_AD_2023_0157_superseded.pdf,2023-0157,2023-0157,2023-0157,True,49e02fc411bfe6da968fa6e9a1267fcd705a24d3a51f2bff67eedac46544b30f,First-page AD header
2023-0158__AD_2023-0158_1__EASA_AD_2023_0158.pdf,2023-0158,2023-0158,2023-0158,True,528d21566f34ee45dbabb8ca1f92d4a807708de13385e71b3a1f60f63a8c9fe5,First-page AD header
2023-0162__AD_2023-0162_1__EASA_AD_2023_0162.pdf,2023-0162,2023-0162,2023-0162,True,ee8c22521fcb881f173b0a5a84d6c3240dadb81bdc58267aa3228cf628f43e7d,First-page AD header
2023-0167R1__AD_2023-0167R1_1__EASA_AD_2023_0167R1.pdf,2023-0167R1,2023-0167,2023-0167R1,True,40aee95f5dfeaaf7852af27990f94ff4eb36d42ef5a396286a926697559fb28f,First-page AD header
2023-0169__AD_2023-0169_1__EASA_AD_2023_0169.pdf,2023-0169,2023-0169,2023-0169,True,fb374372999947b05e04fd75aabbc58b9b03d5e7e81819c79c4acf2091ecc57c,First-page AD header
2023-0171-CN__AD_2023-0171-CN_1__EASA_AD_2023_0171_CN.pdf,2023-0171,2023-0171,2023-0171,True,45f03a5fed8f555cb67f12fea330608470a6e9cbeb35598a0b3dcb2cdac44b8d,First-page AD header
2023-0173__AD_2023-0173_1__EASA_AD_2023_0173_superseded.pdf,2023-0173,2023-0173,2023-0173,True,23976bd17d9fccbdcda7d8a6e0c47022377fe10f50536f4b5be29bbb14d4cb85,First-page AD header
2023-0176R1__AD_2023-0176R1_1__EASA_AD_2023_0176_R1_C1.pdf,2023-0176R1,2023-0176,2023-0176R1,True,e4ad4ff215a757b72121e8cc4f5ffbfb348d4997c7d704a7bd504a853722d7fb,First-page AD header
2023-0179__AD_2023-0179_1__EASA_AD_2023_0179.pdf,2023-0179,2023-0179,2023-0179,True,c8247fc5a057db8d8c065af2c4cc57e9e3cdc6652b60c631b640d8666cfb8a2a,First-page AD header
2023-0189R1__AD_2023-0189R1_1__EASA_AD_2023_0189_R1_superseded.pdf,2023-0189R1,2023-0189,2023-0189R1,True,7c1a036496b14b9d14bd7788fa6de4613c8d34db8e020cfd4bf827364f7cfb04,First-page AD header
2023-0196__AD_2023-0196_1__EASA_AD_2023_0196.pdf,2023-0196,2023-0196,2023-0196,True,a446535e899ce6583c3aeeb7fc323d0000c0ed185e632fb432aa2a630ffab5a4,First-page AD header
2023-0198__AD_2023-0198_1__EASA_AD_2023_0198_superseded.pdf,2023-0198,2023-0198,2023-0198,True,502a1081d239101d2e55d89043e25d9d92d26eebbd89fc1559a3233a57521938,First-page AD header
2023-0199__AD_2023-0199_1__EASA_AD_2023_0199_superseded.pdf,2023-0199,2023-0199,2023-0199,True,8fa0c46006c592dadfe05252079e411823933ed166711607479adff74cca3a4e,First-page AD header
2023-0200__AD_2023-0200_1__EASA_AD_2023_0200.pdf,2023-0200,2023-0200,2023-0200,True,a7516ce0e31d888421e09c9347a50b2fb21ef5d0d47b2f0c6b43b9fdb0f0b548,First-page AD header
2023-0205__AD_2023-0205_1__EASA_AD_2023_0205.pdf,2023-0205,2023-0205,2023-0205,True,2216ff4a1f3409b19e896952a621c765e6c119a4600fef18f328d71f65805bc5,First-page AD header
2023-0206__AD_2023-0206_1__EASA_AD_2023_0206.pdf,2023-0206,2023-0206,2023-0206,True,46bd0400a21107e1b4fd7cc0799a099cb271f0a13e5d7feea98f50ea2170cad0,First-page AD header
2023-0209__AD_2023-0209_1__EASA_AD_2023_0209_superseded.pdf,2023-0209,2023-0209,2023-0209,True,025c8b839f2be26c77031b5fffdadee4a2498463309e60c7cf706a1e81cf1faf,First-page AD header
2023-0212__AD_2023-0212_1__EASA_AD_2023_0212_superseded.pdf,2023-0212,2023-0212,2023-0212,True,45d4f7984e1965d02c5d2ba624f1424104d5671fb0a465f59a5601f6b9131845,First-page AD header
2023-0215__AD_2023-0215_1__EASA_AD_2023_0215_C1.pdf,2023-0215,2023-0215,2023-0215,True,a65f586da93604d6d82ba56a77997a2ef44f6c0c6c7e482a9b3e40c2b7d8e65e,First-page AD header
2024-0001__AD_2024-0001_1__EASA_AD_2024_0001.pdf,2024-0001,2024-0001,2024-0001,True,a916bad7d9b3f498d45d19b3491237cdf0c23acf30c0bd1a542952df85aab5e2,First-page AD header
2024-0003__AD_2024-0003_1__EASA_AD_2024_0003.pdf,2024-0003,2024-0003,2024-0003,True,1fdc9ec578a361a5f15ba5f36d240f4ebdba48d67baa31168b250e7d7ee797c2,First-page AD header
2024-0005__AD_2024-0005_1__EASA_AD_2024_0005_superseded.pdf,2024-0005,2024-0005,2024-0005,True,11d782f152b6e1c379c473437094471a51922062a9816eb9339468ee88e553c3,First-page AD header
2024-0008__AD_2024-0008_1__EASA_AD_2024_0008.pdf,2024-0008,2024-0008,2024-0008,True,ba052a956f4b1fbd35936bdfe5677b81111c910c428f68fa983bdb88fc412ecc,First-page AD header
2024-0009__AD_2024-0009_1__EASA_AD_2024_0009.pdf,2024-0009,2024-0009,2024-0009,True,54ad0336acfbb53bd8a495499ee9ef32edb66ff07d6cd7af9b9dd335670e5798,First-page AD header
2024-0010__AD_2024-0010_1__EASA_AD_2024_0010.pdf,2024-0010,2024-0010,2024-0010,True,b856894e6f974255528b79b3c199ffec5c6224bf7abf389fbfd6ef7f081f7b10,First-page AD header
2024-0011__AD_2024-0011_2__EASA_AD_2024_0011_superseded.pdf,2024-0011,2024-0011,2024-0011,True,fbea827661f7695b3a60a400d4b3d667e392a5dda171d279a021636181b922c9,First-page AD header
2024-0012__AD_2024-0012_2__EASA_AD_2024_0012_superseded.pdf,2024-0012,2024-0012,2024-0012,True,a1d3e9ed02d6778fd61f6c36236da41d545bf513f1cdd2a516fdec0c7d6616c4,First-page AD header
2024-0013__AD_2024-0013_1__EASA_AD_2024_0013_superseded.pdf,2024-0013,2024-0013,2024-0013,True,b8762d8115b50bf43b8e0ac74198ab442941422b818378c6e855dcf82cb4e3c5,First-page AD header
2024-0014__AD_2024-0014_1__EASA_AD_2024_0014_superseded.pdf,2024-0014,2024-0014,2024-0014,True,a1c804444bb3b0b38293ead39ba924b2b1c3f5f15479fd005473fd561c929905,First-page AD header
2024-0015__AD_2024-0015_1__EASA_AD_2024_0015.pdf,2024-0015,2024-0015,2024-0015,True,bf0f36ac583175f54010e3b329966df82dcb5568c84707857976c451da8d9108,First-page AD header
2024-0016__AD_2024-0016_1__EASA_AD_2024_0016_superseded.pdf,2024-0016,2024-0016,2024-0016,True,35ee838aa64e3af57cde10ea4625ba96fac39d0d3e44362739ce18c95450f2f9,First-page AD header
2024-0020__AD_2024-0020_1__EASA_AD_2024_0020.pdf,2024-0020,2024-0020,2024-0020,True,69fb799a70119348dd604aec3b51ccad58d72892df8fd15feed8387d3cee72e1,First-page AD header
2024-0022__AD_2024-0022_2__EASA_AD_2024_0022.pdf,2024-0022,2024-0022,2024-0022,True,0251b84307753f24bbb2b50e5a40b8624e0234f3019dde5b74968c7f5998521e,First-page AD header
2024-0023__AD_2024-0023_1__EASA_AD_2024_0023.pdf,2024-0023,2024-0023,2024-0023,True,d3fd60f487b8552a66a43c4d3d74c0e33dcd0c9d9650a0696d6f47b32cfe8364,First-page AD header
2024-0027__AD_2024-0027_1__EASA_AD_2024_0027_superseded.pdf,2024-0027,2024-0027,2024-0027,True,5cf353548e5aa90c46dad12321c5a8add336355352759e546629576186cd70ab,First-page AD header
2024-0030__AD_2024-0030_1__EASA_AD_2024_0030_superseded.pdf,2024-0030,2024-0030,2024-0030,True,7338b8dfa46c368b6b78bd2916b4dee746b7cdd67cc005e6f8938abf888580a1,First-page AD header
2024-0031__AD_2024-0031_1__EASA_AD_2024_0031_superseded.pdf,2024-0031,2024-0031,2024-0031,True,acda85cfc12aabb552196f680f7ae1da7d11c6a54d200c313b4951f6592ebdad,First-page AD header
2024-0032__AD_2024-0032_1__EASA_AD_2024_0032.pdf,2024-0032,2024-0032,2024-0032,True,3ae16fab63e063bee8d603f04f491fe05c209072ffe328264d9ae80825a312a1,First-page AD header
2024-0038__AD_2024-0038_1__EASA_AD_2024_0038_superseded.pdf,2024-0038,2024-0038,2024-0038,True,fdfe2bd21635319984f5a401e1b41a051e8fc533a64d9f07da5c0d8674549432,First-page AD header
2024-0046__AD_2024-0046_1__EASA_AD_2024_0046_superseded.pdf,2024-0046,2024-0046,2024-0046,True,54ed2608d2d0cc822e826865e2e8184910e8fdc34366aa640a07aab40dca2eab,First-page AD header
2024-0047__AD_2024-0047_1__EASA_AD_2024_0047_superseded.pdf,2024-0047,2024-0047,2024-0047,True,89fe51c7fd0c16ebf0c7af5044924e6dbdf92c2dd1bd190a5e71e3f473d5d96b,First-page AD header
2024-0048__AD_2024-0048_1__EASA_AD_2024_0048_superseded.pdf,2024-0048,2024-0048,2024-0048,True,5445064e093db7ee92ff1ef12339efd456d1a8d9e5179452ba4e6d56dcad3b8c,First-page AD header
2024-0057__AD_2024-0057_1__EASA_AD_2024_0057_superseded.pdf,2024-0057,2024-0057,2024-0057,True,2771943eacca0baee44d6f104c672cadf37fd3fac804d73fde22b42d9901f62b,First-page AD header
2024-0058R2-CN__AD_2024-0058R2-CN_1__EASA_AD_2024_0058_R2_CN.pdf,2024-0058R2,2024-0058,2024-0058R2,True,ed3d28b4fc03489cf218c704dda250aa8a0d8e06e973b9fb1ba18690c8de2c1e,First-page AD header
2024-0060R1__AD_2024-0060R1_1__EASA_AD_2024_0060_R1_superseded.pdf,2024-0060R1,2024-0060,2024-0060R1,True,7cc0018293a9dfd6c5c0cda39b31ae58e327bf1fcc30c07b517b2ecce8b1f868,First-page AD header
2024-0061__AD_2024-0061_1__EASA_AD_2024_0061.pdf,2024-0061,2024-0061,2024-0061,True,e240d969beca3e2a3a9645876d019459f5c98fd6ad1b36604bf1b877756af2e1,First-page AD header
2024-0066__AD_2024-0066_1__EASA_AD_2024_0066_superseded.pdf,2024-0066,2024-0066,2024-0066,True,fde803fe4a9bb65fe521ce11e1fb680d19701f5b6c07612b29321ccf05fdc01e,First-page AD header
2024-0068__AD_2024-0068_1__EASA_AD_2024_0068.pdf,2024-0068,2024-0068,2024-0068,True,f4bbe329438b7cb6d8ee6ffddf8f423d3ce8619b0f55d32bad833ab484ebedd7,First-page AD header
2024-0073__AD_2024-0073_1__EASA_AD_2024_0073.pdf,2024-0073,2024-0073,2024-0073,True,36a0cffb5fd801811239b761a31125a56b5afe096ca580bea70b3d6e9fd36456,First-page AD header
2024-0077__AD_2024-0077_1__EASA_AD_2024_0077_C1.pdf,2024-0077,2024-0077,2024-0077,True,32d3bb1751da4db0329bd26c3c898d4ca0cb4d8578f2d5a53fb019bf29361de5,First-page AD header
2024-0078__AD_2024-0078_1__EASA_AD_2024_0078.pdf,2024-0078,2024-0078,2024-0078,True,4a056ebaecca21050a7c6c848fcb04a3c4e0e0ca3d4e88066c6c496e1b29dd1f,First-page AD header
2024-0079__AD_2024-0079_2__EASA_AD_2024_0079_C1.pdf,2024-0079,2024-0079,2024-0079,True,31e588a5b430dc9c281c8c22752e486468302e22d0f46a0590e3aad897f2c7c5,First-page AD header
2024-0080__AD_2024-0080_1__EASA_AD_2024_0080_superseded.pdf,2024-0080,2024-0080,2024-0080,True,1aeebda1af5da5a04685f960339556726fbaade70322b22b759ebcee6a03fe43,First-page AD header
2024-0083__AD_2024-0083_1__EASA_AD_2024_0083.pdf,2024-0083,2024-0083,2024-0083,True,5f7965fb9ec38a92b075a7a597e2f78b3db3e4d92c2b32faeaa9bce89f30b3f9,First-page AD header
2024-0086__AD_2024-0086_1__EASA_AD_2024_0086.pdf,2024-0086,2024-0086,2024-0086,True,e617fae9354c5b977d8202aeb2bfaf8574d02c8f00014e6fa219babec56dfda9,First-page AD header
2024-0087__AD_2024-0087_2__EASA_AD_2024_0087_C1.pdf,2024-0087,2024-0087,2024-0087,True,2d481c49bf19a5fdc97a41fb14ca690193fae2a06acfb8664b3184bfa77e60ba,First-page AD header
2024-0089__AD_2024-0089_1__EASA_AD_2024_0089.pdf,2024-0089,2024-0089,2024-0089,True,88a669d80e270cba9d2785a8e8ce6848437e8e0701f0ccbd2abdabb9cad4e848,First-page AD header
2024-0091R1__AD_2024-0091R1_2__EASA_AD_2024_0091R1.pdf,2024-0091R1,2024-0091,2024-0091R1,True,415f6bf99085291a2e5816fd7367efa46ab8c3e451e6d3a52ba8414723d7f81a,First-page AD header
2024-0092R1__AD_2024-0092R1_1__EASA_AD_2024_0092_R1.pdf,2024-0092R1,2024-0092,2024-0092R1,True,ff0bdda66291558ee5f97b41b89ccb1f9c182151549f7d13f3502bf733f83c9c,First-page AD header
2024-0095__AD_2024-0095_1__EASA_AD_2024_0095.pdf,2024-0095,2024-0095,2024-0095,True,3216f782771142a7b170cdf3e6fa14e59484be3bfc1fe5b667cbb46a35777cbb,First-page AD header
2024-0097R2__AD_2024-0097R2_1__EASA_AD_2024_0097R2_superseded.pdf,2024-0097R2,2024-0097,2024-0097R2,True,33a935ebb970da684e0b67958ee6657eb398e96be4c8c2f39fdc78459abfc196,First-page AD header
2024-0098__AD_2024-0098_1__EASA_AD_2024_0098_superseded.pdf,2024-0098,2024-0098,2024-0098,True,0dbeeaae3f0a4d8085f5774fe9f73d51100bbe7f095272f5351045f30652776a,First-page AD header
2024-0099__AD_2024-0099_1__EASA_AD_2024_0099_Superseded.pdf,2024-0099,2024-0099,2024-0099,True,81a7cb958097793a3b57a7ab88b716c41868f331c5ca03cfb75948f398741c90,First-page AD header
2024-0101R1__AD_2024-0101R1_1__EASA_AD_2024_0101_R1.pdf,2024-0101R1,2024-0101,2024-0101R1,True,7ed7cfde4883045423d4737c77982bc28b6097fea619083c5b669de46638286e,First-page AD header
2024-0103-CN__AD_2024-0103-CN_1__EASA_AD_2024_0103_CN.pdf,2024-0103,2024-0103,2024-0103,True,d862d33c6b1e4838e2cd5f81215adac7824fe15636d2bebe596ca6bf930c9915,First-page AD header
2024-0105__AD_2024-0105_1__EASA_AD_2024_0105.pdf,2024-0105,2024-0105,2024-0105,True,2efb62e293bb47c5273f01b4dc134c2135ecfcf82524f7e7d3f5eda3d03ac72c,First-page AD header
2024-0106__AD_2024-0106_1__EASA_AD_2024_0106_superseded.pdf,2024-0106,2024-0106,2024-0106,True,4e27f225a8304b06bbc3e8d58260f35c761be2a7355210fb991ddc67c2fc21c9,First-page AD header
2024-0119__AD_2024-0119_1__EASA_AD_2024_0119.pdf,2024-0119,2024-0119,2024-0119,True,d03ee03fda4bca4c61060ab5608512e9d47086af30911f78910dd92b2fd5fee7,First-page AD header
2024-0128__AD_2024-0128_2__EASA_AD_2024_0128.pdf,2024-0128,2024-0128,2024-0128,True,74d33106089d1677ea8522423cad0e3686716aaedc7e82f575736f7b774cdc80,First-page AD header
2024-0129__AD_2024-0129_1__EASA_AD_2024_0129_superseded.pdf,2024-0129,2024-0129,2024-0129,True,a29aa21228153d231a9a65a79b28c0dc590a21470be87edf262826072a834689,First-page AD header
2024-0135__AD_2024-0135_1__EASA_AD_2024_0135.pdf,2024-0135,2024-0135,2024-0135,True,daaa98e4ecbff284052f1195a65b061a4470eebf61f0f6474bde2f07e6fcb70a,First-page AD header
2024-0141__AD_2024-0141_1__EASA_AD_2024_0141_Superseded.pdf,2024-0141,2024-0141,2024-0141,True,c1b369b8f46a9a50e2474258fb36ef4dfd30d3db2cb52724e4003a0c833ddcce,First-page AD header
2024-0143__AD_2024-0143_1__EASA_AD_2024_0143.pdf,2024-0143,2024-0143,2024-0143,True,4f663061733fca7c99562f99a982bb55df860cef361b007cf409b4f263066129,First-page AD header
2024-0145__AD_2024-0145_1__EASA_AD_2024_0145.pdf,2024-0145,2024-0145,2024-0145,True,741be513115e056a9393c072bc01367c104ca5fa316e718b57501c7d09871642,First-page AD header
2024-0147R1__AD_2024-0147R1_1__EASA_AD_2024_0147_R1.pdf,2024-0147R1,2024-0147,2024-0147R1,True,5bd93a0e7887a9d91c1e4e60cf6bab0bcb34f03a680713a8284a6254075d1f6f,First-page AD header
2024-0151__AD_2024-0151_1__EASA_AD_2024_0151.pdf,2024-0151,2024-0151,2024-0151,True,7984d1d90e624e3aa3924ed582b53cbb3643cbbfab8e25e3e7d3d9f14fb998f3,First-page AD header
2024-0155__AD_2024-0155_1__EASA_AD_2024_0155.pdf,2024-0155,2024-0155,2024-0155,True,ea324760faa90954aef50c0690f1d066c4b292d6b7480a64dd56ed9e354af707,First-page AD header
2024-0156__AD_2024-0156_1__EASA_AD_2024_0156.pdf,2024-0156,2024-0156,2024-0156,True,0755e07d06cfe9f92d5a637faa059024f66e11746362a371cc3458ed7eb8acf4,First-page AD header
2024-0157__AD_2024-0157_1__EASA_AD_2024_0157.pdf,2024-0157,2024-0157,2024-0157,True,b2008f1e2c1f6a6ea15a82632bdc2b7f34e6969f1cca07846c8b7ea359f750fc,First-page AD header
2024-0161__AD_2024-0161_1__EASA_AD_2024_0161.pdf,2024-0161,2024-0161,2024-0161,True,40663ed1daa36db06837b6c2f6e7dc5f77d324b48ac64dac673192910e7d39ff,First-page AD header
2024-0162__AD_2024-0162_1__EASA_AD_2024_0162.pdf,2024-0162,2024-0162,2024-0162,True,9b84f7b37bd784757370689163508ad974d08b05f44a33708738e49088cc5e56,First-page AD header
2024-0163__AD_2024-0163_1__EASA_AD_2024_0163_Superseded.pdf,2024-0163,2024-0163,2024-0163,True,1338ca228c474e4ee5cd397a3ca10b431b06b7b70ff199742228bce722d0b729,First-page AD header
2024-0164__AD_2024-0164_1__EASA_AD_2024_0164.pdf,2024-0164,2024-0164,2024-0164,True,449f399cff39248b92fccf9d388fad7cbfb70ab1b4a889304cafaa5cd0254f42,First-page AD header
2024-0165__AD_2024-0165_1__EASA_AD_2024_0165.pdf,2024-0165,2024-0165,2024-0165,True,e62fe318ad2006aaf8b8f4d9cfde733c0b46718d6f5f4de6346ca28ae0b29b1f,First-page AD header
2024-0169__AD_2024-0169_1__EASA_AD_2024_0169.pdf,2024-0169,2024-0169,2024-0169,True,51937464edc85ca639f82be5410b0bcb73bf3634f5e1d4c5152fb1fde9ba4d95,First-page AD header
2024-0170__AD_2024-0170_1__EASA_AD_2024_0170.pdf,2024-0170,2024-0170,2024-0170,True,1e91581d084bc585ce0bb25ab5ad9d8d215b7beca91a319461f09ad0461951b9,First-page AD header
2024-0180__AD_2024-0180_1__EASA_AD_2024_0180.pdf,2024-0180,2024-0180,2024-0180,True,8cc3a2ef941a521eb0ddb13d9a36aa1cc968df64fca3cf5d80868ca1567b0f4e,First-page AD header
2024-0186__AD_2024-0186_1__EASA_AD_2024_0186.pdf,2024-0186,2024-0186,2024-0186,True,9fc030a68a72737029fe668c0ebf9423c33af3183f8ff5dbb2eafb98c506417e,First-page AD header
2024-0187__AD_2024-0187_1__EASA_AD_2024_0187.pdf,2024-0187,2024-0187,2024-0187,True,37e3bfd8935b1f85af2024b78be50e9092b97864a30c7b67c1bf6e408e293337,First-page AD header
2024-0188__AD_2024-0188_1__EASA_AD_2024_0188_superseded.pdf,2024-0188,2024-0188,2024-0188,True,558b6860524a69901f4d86eccf73f3761a7cedf2f8972783321e4879d570b4c0,First-page AD header
2024-0189__AD_2024-0189_1__EASA_AD_2024_0189.pdf,2024-0189,2024-0189,2024-0189,True,328850b88bee07ed736d04cbc4486e74f552c10d24b7fdb2de9382f3581d1fb7,First-page AD header
2024-0190__AD_2024-0190_2__EASA_AD_2024_0190_C1.pdf,2024-0190,2024-0190,2024-0190,True,ef83d3a4ead40d4b121b036956f2f7b3540d94dcf7a7fa0aff9ab1920998d7c9,First-page AD header
2024-0191__AD_2024-0191_1__EASA_AD_2024_0191.pdf,2024-0191,2024-0191,2024-0191,True,8d382c2d7981d5bba554548fe2fb5318cb2b17b8e14a78d6244619f1d8bb43c5,First-page AD header
2024-0196__AD_2024-0196_1__EASA_AD_2024_0196.pdf,2024-0196,2024-0196,2024-0196,True,69ebf677d01c5cbf8fbd5e4b057b3df340d14ee81236d68f0fb6ae4bf4d2fa31,First-page AD header
2024-0197__AD_2024-0197_1__EASA_AD_2024_0197.pdf,2024-0197,2024-0197,2024-0197,True,adec193a00adf2b7dd42bb706810ea3d3b2bbb84367122248d0c2282793c4996,First-page AD header
2024-0198__AD_2024-0198_1__EASA_AD_2024_0198.pdf,2024-0198,2024-0198,2024-0198,True,971594b39883f4a5227f3925d85abbc7ac131a846fe8fd85269546c1927b1de9,First-page AD header
2024-0199__AD_2024-0199_1__EASA_AD_2024_0199_superseded.pdf,2024-0199,2024-0199,2024-0199,True,0580c1c46a5c0be2d3749314b01e59b95fe078a7bbe51f5df8f5ac06e6ccffa0,First-page AD header
2024-0200__AD_2024-0200_1__EASA_AD_2024_0200.pdf,2024-0200,2024-0200,2024-0200,True,42af460d082d02a9382484852b857743ad03a96f540eee7fc2d201030633e567,First-page AD header
2024-0201R1__AD_2024-0201R1_1__EASA_AD_2024_0201_R1.pdf,2024-0201R1,2024-0201,2024-0201R1,True,8ac6ba71436834613e89ad415bdf441cc074087f7e93f66659ce17fd5f24ed0d,First-page AD header
2024-0203__AD_2024-0203_1__EASA_AD_2024_0203.pdf,2024-0203,2024-0203,2024-0203,True,d7d755bf43224e938ba8c68e4db08de143e410aeced5581ca56d497492738cf9,First-page AD header
2024-0204__AD_2024-0204_1__EASA_AD_2024_0204.pdf,2024-0204,2024-0204,2024-0204,True,a3d95af52edd12a6f76c4539d6b0e42d87f7a76ade4fca51b43339667c1430de,First-page AD header
2024-0208__AD_2024-0208_1__EASA_AD_2024_0208_superseded.pdf,2024-0208,2024-0208,2024-0208,True,3aa4ddd37fb9de510282ebcdaf59c4dde47a24d9f964e6d2b34d15356696885b,First-page AD header
2024-0210R1__AD_2024-0210R1_2__EASA_AD_2024_0210_R1_superseded.pdf,2024-0210R1,2024-0210,2024-0210R1,True,2886b0a9509922ea855335b3efb82bf2c876706ab33234c558c8544a6abcaf1d,First-page AD header
2024-0213__AD_2024-0213_2__EASA_AD_2024_0213_superseded.pdf,2024-0213,2024-0213,2024-0213,True,c537ca411eef6b97a5521cdcc30b693b96b7082aa45c021c3a02174d4e94d878,First-page AD header
2024-0214__AD_2024-0214_1__EASA_AD_2024_0214.pdf,2024-0214,2024-0214,2024-0214,True,558c55d563be098d832ac9c3c221105b120eafd303aed41e448d27751a4dccd1,First-page AD header
2024-0216__AD_2024-0216_1__EASA_AD_2024_0216_superseded.pdf,2024-0216,2024-0216,2024-0216,True,1f8938bd733096a566240a57d7aa03a857ba752000c6b8f5f3598bcc869244ae,First-page AD header
2024-0217__AD_2024-0217_1__EASA_AD_2024_0217.pdf,2024-0217,2024-0217,2024-0217,True,f9b9840cab43d92bbbff91abb41a0529dcaef3efdc7376e76c458f85f01f5832,First-page AD header
2024-0220__AD_2024-0220_2__EASA_AD_2024_0220.pdf,2024-0220,2024-0220,2024-0220,True,38adcc2b52c34fa05b05b63cda1e804c5d66d84bd6f1a17532434dd20e17c647,First-page AD header
2024-0230__AD_2024-0230_1__EASA_AD_2024_0230.pdf,2024-0230,2024-0230,2024-0230,True,65b1858438870af782fa8ef4e79385d3e17e3cc97dfc140e57aca0fbf2de349c,First-page AD header
2024-0231__AD_2024-0231_1__EASA_AD_2024_0231_superseded.pdf,2024-0231,2024-0231,2024-0231,True,6e9a172a8a0ad3ee661fcebafcedac61f2becab6e1eb5273bc7c782b12f348d7,First-page AD header
2024-0234__AD_2024-0234_1__EASA_AD_2024_0234.pdf,2024-0234,2024-0234,2024-0234,True,db720a874c625e998f9ea25bde6e346d9da6605fdfcd21298b9c9aa64e2527fe,First-page AD header
2024-0238__AD_2024-0238_1__EASA_AD_2024_0238.pdf,2024-0238,2024-0238,2024-0238,True,0bd15e1ca7cd527ed33386905345a6dbb77af7e77f04621fdfc8083ec0b50fdc,First-page AD header
2024-0247__AD_2024-0247_1__EASA_AD_2024_0247_superseded.pdf,2024-0247,2024-0247,2024-0247,True,50b822a5a0b64370e194b490236bfc08bccf63f8f07e34813283a49724e4ac23,First-page AD header
2024-0248__AD_2024-0248_1__EASA_AD_2024_0248.pdf,2024-0248,2024-0248,2024-0248,True,88a79ae23f61c3df6c31281547eca68cfc4d82b7957e24f83358caaf395b0501,First-page AD header
2025-0008__AD_2025-0008_1__EASA_AD_2025_0008.pdf,2025-0008,2025-0008,2025-0008,True,fbf718ab1a3ddb6336d20b0afdb696be0e24e87740f26547779e8154c748aef8,First-page AD header
2025-0012__AD_2025-0012_1__EASA_AD_2025_0012.pdf,2025-0012,2025-0012,2025-0012,True,f46d906c74e1bd8b23b71b4cd466dcdf217bb8fb80e391386532c46fb1d4c8fb,First-page AD header
2025-0013__AD_2025-0013_1__EASA_AD_2025_0013.pdf,2025-0013,2025-0013,2025-0013,True,3d9cec24eb351dc98518aff7fdc324230b58ce7dc00151341357095b06102c10,First-page AD header
2025-0015__AD_2025-0015_2__EASA_AD_2025_0015_superseded.pdf,2025-0015,2025-0015,2025-0015,True,852c660984a872670781cad568d248b477a9ea30c482af45b13041b55848ca71,First-page AD header
2025-0016__AD_2025-0016_1__EASA_AD_2025_0016_superseded.pdf,2025-0016,2025-0016,2025-0016,True,2fd8c69720e15922f285dcff1cd084274e9cb739ac0b7e2cac6e67f9e2402a26,First-page AD header
2025-0030__AD_2025-0030_2__EASA_AD_2025_0030_superseded.pdf,2025-0030,2025-0030,2025-0030,True,bc3c5bd1e943e000f5fe33751f3b8168ed3b78d0cb849abcfaa4c90ea368b3f3,First-page AD header
2025-0031__AD_2025-0031_2__EASA_AD_2025_0031_superseded.pdf,2025-0031,2025-0031,2025-0031,True,51f25024a4911f449fad046bbe1cc350225db51bb74dbe72ad982fbafce6f463,First-page AD header
2025-0032__AD_2025-0032_1__EASA_AD_2025_0032_superseded.pdf,2025-0032,2025-0032,2025-0032,True,b18b2b919eb9bcbeacb10ac04ef5dca6121ed5d29aba8b09af525b92e31f477c,First-page AD header
2025-0033__AD_2025-0033_1__EASA_AD_2025_0033_superseded.pdf,2025-0033,2025-0033,2025-0033,True,761368a1f4f7d82a1a4ea16bc1f0d03ff2d2af15006ccb69c238b609a350625d,First-page AD header
2025-0034__AD_2025-0034_1__EASA_AD_2025_0034.pdf,2025-0034,2025-0034,2025-0034,True,3abfe48446717a6b49f389f3933eb6075a26edb9351ceb1f97948f2a1f92044d,First-page AD header
2025-0035__AD_2025-0035_1__EASA_AD_2025_0035_superseded.pdf,2025-0035,2025-0035,2025-0035,True,2afc4ecdc4f843859c42aed82953e5de3605c734951e2de9324e9f2351c53802,First-page AD header
2025-0037__AD_2025-0037_1__EASA_AD_2025_0037_superseded.pdf,2025-0037,2025-0037,2025-0037,True,9b9f1cc8aead419a229358c29344f7a802fb1c0fec6d7cfa5622df45bb9ffdfb,First-page AD header
2025-0041__AD_2025-0041_2__EASA_AD_2025_0041.pdf,2025-0041,2025-0041,2025-0041,True,50ee2d4e5f4ff20283289db71d176d5340152ad44f85a8ded1ecd132a8523b20,First-page AD header
2025-0043R1__AD_2025-0043R1_1__EASA_AD_2025_0043R1_C1_superseded.pdf,2025-0043R1,2025-0043,2025-0043R1,True,eead6ee8a7fc192adbc23f641f58ab3361a8825299cf135c7820b8daeac090ae,First-page AD header
2025-0047__AD_2025-0047_1__EASA_AD_2025_0047.pdf,2025-0047,2025-0047,2025-0047,True,07c73e97a08eed1b06fa50c547558b1fdbc92d220c39ae0a74cd2233b2f8a750,First-page AD header
2025-0049__AD_2025-0049_1__EASA_AD_2025_0049_superseded.pdf,2025-0049,2025-0049,2025-0049,True,9606ddec5bb232590a189bcbd969ad31b04976714577bcfed3a19254c64449ae,First-page AD header
2025-0053__AD_2025-0053_2__EASA_AD_2025_0053.pdf,2025-0053,2025-0053,2025-0053,True,f374e292e36fdc654fccd91b28287d72706acec1901bc693fb225ba15690fb39,First-page AD header
2025-0057__AD_2025-0057_1__EASA_AD_2025_0057_superseded.pdf,2025-0057,2025-0057,2025-0057,True,14fcdb85687051069921d2c9e6025ebfe9b62e80cb6e61f803b3d9887636b718,First-page AD header
2025-0058R1__AD_2025-0058R1_1__EASA_AD_2025_0058R1.pdf,2025-0058R1,2025-0058,2025-0058R1,True,5bfd84dfcf6cb10992492b4e7ef161f0d8756f880ee569513cc821f7c0a0548c,First-page AD header
2025-0059__AD_2025-0059_1__EASA_AD_2025_0059.pdf,2025-0059,2025-0059,2025-0059,True,8b9115397538120ab287a221425a8cce31f24c71fc51060d78ba5ba571b70bd5,First-page AD header
2025-0060R1__AD_2025-0060R1_1__EASA_AD_2025_0060R1.pdf,2025-0060R1,2025-0060,2025-0060R1,True,e90253b5a5b37252a0dd3de9b5584f2b545ea9e2f4b41b4f3dc2e67d09000781,First-page AD header
2025-0065__AD_2025-0065_2__EASA_AD_2025_0065.pdf,2025-0065,2025-0065,2025-0065,True,3976c8111354eb2552751b2f477a6082a2a708b6a0977b2fcb6b9b993e457aef,First-page AD header
2025-0066__AD_2025-0066_1__EASA_AD_2025_0066.pdf,2025-0066,2025-0066,2025-0066,True,6652e1bb61c32c4927fd85c1b1de947d1923d0a8f9a4f05cb92b9505a6b9bc4a,First-page AD header
2025-0067__AD_2025-0067_1__EASA_AD_2025_0067.pdf,2025-0067,2025-0067,2025-0067,True,eef87cfe11caec2ed56dc015d9c03f71ae39407cb350a8c53c822aa6695dc401,First-page AD header
2025-0068__AD_2025-0068_1__EASA_AD_2025_0068_superseded.pdf,2025-0068,2025-0068,2025-0068,True,b9b9ffde8d641f4d7d15b5727802a41010367c05af4746e515cd5d58d0150003,First-page AD header
2025-0071__AD_2025-0071_1__EASA_AD_2025_0071.pdf,2025-0071,2025-0071,2025-0071,True,d41a7deaa21b10f13fd2006375343c34e70d4ffd6c2c29bd56e0c8432dd103ad,First-page AD header
2025-0073__AD_2025-0073_1__EASA_AD_2025_0073.pdf,2025-0073,2025-0073,2025-0073,True,5b39824eb3a2c29f02f8aa059e7e146ef1aef37138ac5dc7f792766cc154f7ba,First-page AD header
2025-0074__AD_2025-0074_1__EASA_AD_2025_0074_superseded.pdf,2025-0074,2025-0074,2025-0074,True,0600ac5423f3baf86efb9fc44cd733d2de16ffca19694598bb6d6db48a25d2e2,First-page AD header
2025-0075R1__AD_2025-0075R1_2__EASA_AD_2025_0075R1.pdf,2025-0075R1,2025-0075,2025-0075R1,True,72208ed724fde181da4a428582d01a6d76f57cbd462a34562eb789b2d2e70765,First-page AD header
2025-0078__AD_2025-0078_1__EASA_AD_2025_0078.pdf,2025-0078,2025-0078,2025-0078,True,d19f3742ca6cea3d751a65a943b94f4a4daa2601b33e7a2e72331676558d574e,First-page AD header
2025-0083R1__AD_2025-0083R1_1__EASA_AD_2025_0083_R1.pdf,2025-0083R1,2025-0083,2025-0083R1,True,23b9736025adb408d7bca22ef62641951ce04e137c36cc180a1f06ed6b4d76f0,First-page AD header
2025-0089__AD_2025-0089_2__EASA_AD_2025_0089_C1.pdf,2025-0089,2025-0089,2025-0089,True,85b398188152c6d626c02f02bb898ac45d136a1cb62b22724dcadb52f96f36d0,First-page AD header
2025-0093-CN__AD_2025-0093-CN_1__EASA_AD_2025_0093_CN.pdf,2025-0093,2025-0093,2025-0093,True,be30e9503fb5a14a525d2542d1d6115e9d0061fafb43bd88db618fdb4bd4600b,First-page AD header
2025-0095__AD_2025-0095_1__EASA_AD_2025_0095_superseded.pdf,2025-0095,2025-0095,2025-0095,True,0c7c6e735ffb6131cbc5b89e12de00fdfbcc3faca375c077eb8f83b1802d4823,First-page AD header
2025-0096__AD_2025-0096_2__EASA_AD_2025_0096.pdf,2025-0096,2025-0096,2025-0096,True,77e335bb2843853435b3ed0705be4e64f7b1c30190e795b2d9d6af99cd4c64fa,First-page AD header
2025-0099__AD_2025-0099_1__EASA_AD_2025_0099_superseded.pdf,2025-0099,2025-0099,2025-0099,True,4bb963cfb2fd4d913f2359eaa738c3e55795798a2bec21d8129c251c2055cd50,First-page AD header
2025-0100__AD_2025-0100_1__EASA_AD_2025_0100.pdf,2025-0100,2025-0100,2025-0100,True,a78533ea9c75a4815473e145a6d56afd21b745eb43521a98f65e3935626d17fe,First-page AD header
2025-0104R1__AD_2025-0104R1_1__EASA_AD_2025_0104R1.pdf,2025-0104R1,2025-0104,2025-0104R1,True,c1c07eddf0ab083a0e6e0da0cbae21d1c76307500e93aee83345f3c696c37f69,First-page AD header
2025-0105__AD_2025-0105_1__EASA_AD_2025_0105.pdf,2025-0105,2025-0105,2025-0105,True,5c83ccfd3fb6efe57354e033f4d8f0b978726057e53cdf68b49afb0604c2c313,First-page AD header
2025-0106__AD_2025-0106_1__EASA_AD_2025_0106.pdf,2025-0106,2025-0106,2025-0106,True,013eab2cb065eb06fbcab286ba3f4177a8ced8252b05a75b17d4ffb8b54d550d,First-page AD header
2025-0107__AD_2025-0107_1__EASA_AD_2025_0107.pdf,2025-0107,2025-0107,2025-0107,True,bfc591064ac2920788dd47ff3ded1809c39bfb786d28b5c0b0df2df465c5304c,First-page AD header
2025-0109__AD_2025-0109_1__EASA_AD_2025_0109_superseded.pdf,2025-0109,2025-0109,2025-0109,True,4d9f851a56f196751750a1118d238cdd3eda10730b29e5644abbdd968610388c,First-page AD header
2025-0111__AD_2025-0111_1__EASA_AD__2025_0111.pdf,2025-0111,2025-0111,2025-0111,True,19d47073dfb9ac7958d9d2fbbc7b7c2375b67df71d138d57c4178bcd6c95d5fe,First-page AD header
2025-0114__AD_2025-0114_1__EASA_AD_2025_0114.pdf,2025-0114,2025-0114,2025-0114,True,b07f16f107039fc85ddf35999c4129433bc1363a37eb8f69056a6b432944d46a,First-page AD header
2025-0115__AD_2025-0115_1__EASA_AD_2025_0115.pdf,2025-0115,2025-0115,2025-0115,True,c7f403f737f84ec6d7ff13cd77394561a9509bc9de37d004d1df3147f17ba9cb,First-page AD header
2025-0117__AD_2025-0117_1__EASA_AD_2025_0117.pdf,2025-0117,2025-0117,2025-0117,True,de4661a3b00060182f8e77a8271aaa6aec300568692d5a82339fe4e82b8bab7d,First-page AD header
2025-0118R1__AD_2025-0118R1_2__EASA_AD_2025_0118R1.pdf,2025-0118R1,2025-0118,2025-0118R1,True,c75f5d00d19a046a1d30dcb469ad844cc17b08cf8ab5e31eae113c97dafeeef0,First-page AD header
2025-0120__AD_2025-0120_1__EASA_AD_2025_0120.pdf,2025-0120,2025-0120,2025-0120,True,bf6cd196676a590b480902176316d275179af6ee191e079a212801a24e2447b1,First-page AD header
2025-0121__AD_2025-0121_1__EASA_AD_2025_0121.pdf,2025-0121,2025-0121,2025-0121,True,26373d3c9ddcab3dd4d5d76344bf9f7e8437da5737c6fc94a4d209f7e6b8bda4,First-page AD header
2025-0129__AD_2025-0129_1__EASA_AD_2025-0129_superseded.pdf,2025-0129,2025-0129,2025-0129,True,cc21eacf51a49fdd6f7222624ed1e8f1cb52cd2e450d5c366594ff181cce9eb8,First-page AD header
2025-0133__AD_2025-0133_2__EASA_AD__2025_0133.pdf,2025-0133,2025-0133,2025-0133,True,c5fa9e6ba80a1f54d86f73ebf7dd63e986a0d7d65bd9b757df7855564682769e,First-page AD header
2025-0138__AD_2025-0138_1__EASA_AD_2025_0138.pdf,2025-0138,2025-0138,2025-0138,True,022bd207e853740b3b0c57facb7cb105e6ad4cf09c61286b4fa193483835fa93,First-page AD header
2025-0139__AD_2025-0139_1__EASA_AD_2025_0139_superseded.pdf,2025-0139,2025-0139,2025-0139,True,22aebf377d629a8958a10a6341aa09f60345f5dd265a78ad9b5986e1be49f6df,First-page AD header
2025-0150__AD_2025-0150_1__EASA_AD_2025_0150.pdf,2025-0150,2025-0150,2025-0150,True,853b62c25b779c6e5397b3ea60294863f20b14edaa849369812625145d0afb0b,First-page AD header
2025-0151R2__AD_2025-0151R2_1__EASA_AD__2025_0151R2.pdf,2025-0151R2,2025-0151,2025-0151R2,True,5c7d965cf8a58dc76b027294b86889b6dac9b94ef1195a3acb6e01dc428d4e90,First-page AD header
2025-0152__AD_2025-0152_1__EASA_AD_2025_0152.pdf,2025-0152,2025-0152,2025-0152,True,7e33580bbbf4ccb2b23b78f43d136f0592493feb65bb2a8ee8d4948a0f4f86a4,First-page AD header
2025-0158R2__AD_2025-0158R2_1__EASA_AD_2025_0158R2.pdf,2025-0158R2,2025-0158,2025-0158R2,True,b69f13c759e3497b8680896e5e3b12e3038e6404eeb2646eb63442e51f26c91f,First-page AD header
2025-0164__AD_2025-0164_1__EASA_AD_2025_0164.pdf,2025-0164,2025-0164,2025-0164,True,ea7e377108e325c474374cc27204305aa6f88700e6c8a3701b9ac0dcf37c761e,First-page AD header
2025-0166R1__AD_2025-0166R1_1__EASA_AD_2025_0166R1.pdf,2025-0166R1,2025-0166,2025-0166R1,True,f590306414e5842b92c5ff0511f7cc4c65860ae359c3aaa8af859e9e1ac5d2b6,First-page AD header
2025-0167R1__AD_2025-0167R1_1__EASA_AD_2025_0167R1.pdf,2025-0167R1,2025-0167,2025-0167R1,True,39975e091c2346481b6209715d3d569ca092b9b71eb3c21e69cdcadf249a671c,First-page AD header
2025-0168__AD_2025-0168_2__EASA_AD_2025_0168.pdf,2025-0168,2025-0168,2025-0168,True,ec739049f787e03cd99dff1dc1682a9ac81e883a65634fb9ddaf81ea1ac6cf32,First-page AD header
2025-0169__AD_2025-0169_1__EASA_AD_2025_0169.pdf,2025-0169,2025-0169,2025-0169,True,3cb15ed77a70ade87501df4f3f070e24492376d0365563d4f14f1f2398a652d3,First-page AD header
2025-0170__AD_2025-0170_2__EASA_AD_2025_0170.pdf,2025-0170,2025-0170,2025-0170,True,577aee18c058ec165757e180f91b84f4e46d1444283b3ee442925665df56ceea,First-page AD header
2025-0175__AD_2025-0175_1__EASA_AD_2025_0175.pdf,2025-0175,2025-0175,2025-0175,True,60577128400502ec7613c39d0ed23d059d65a6bd0c36b2b7a3eefb49aad05c0c,First-page AD header
2025-0177__AD_2025-0177_2__EASA_AD_2025_0177.pdf,2025-0177,2025-0177,2025-0177,True,e055c4042d3f3203db596994024bdb768e8476b228494e4d5fd649a422ed093e,First-page AD header
2025-0178__AD_2025-0178_2__EASA_AD_2025-0178.pdf,2025-0178,2025-0178,2025-0178,True,9777ae2c4973aac9545728b0d3620461a207cf6f2341fa93b9bae2b75af4c5ee,First-page AD header
2025-0179__AD_2025-0179_2__EASA_AD_2025_0179.pdf,2025-0179,2025-0179,2025-0179,True,69208f1315d97c39ee0a20153288a3b0291cca57e6165d8e430d9b3337320774,First-page AD header
2025-0180__AD_2025-0180_2__EASA_AD_2025_0180.pdf,2025-0180,2025-0180,2025-0180,True,575b7c7713b995bfc747fb650a0a87c09463ebcf9a593a2e7d09e70b0864aace,First-page AD header
2025-0181__AD_2025-0181_1__EASA_AD_2025_0181.pdf,2025-0181,2025-0181,2025-0181,True,ad4f4e646bfa7d1aff96439c844798e50ed71a891889d13a27954fa326841136,First-page AD header
2025-0183__AD_2025-0183_2__EASA_AD_2025_0183.pdf,2025-0183,2025-0183,2025-0183,True,72aeb6aaff9f77a5b34a68106503188d0d9c612f231007d07d6d2c101b672120,First-page AD header
2025-0185__AD_2025-0185_1__EASA_AD__2025_0185.pdf,2025-0185,2025-0185,2025-0185,True,53d8f48d792a3f39cc32230c9253768349050d509f57c543e38f7a40dd889cca,First-page AD header
2025-0189__AD_2025-0189_2__EASA_AD__2025_0189.pdf,2025-0189,2025-0189,2025-0189,True,c88e36f922344970cc808355c5fec03aedbb8bea9787a1aebf6c98c59898e98a,First-page AD header
2025-0192__AD_2025-0192_1__EASA_AD_2025_0192_superseded.pdf,2025-0192,2025-0192,2025-0192,True,6389f72cfd854ba2d1dd17abc7b2c9c0a19134f8f263cd50ae19e00f99d5ab3f,First-page AD header
2025-0193__AD_2025-0193_1__EASA_AD__2025_0193.pdf,2025-0193,2025-0193,2025-0193,True,86ea303434a10642170dc2854ac269c81b43e245eb7a7374104d71dd20060c4d,First-page AD header
2025-0194__AD_2025-0194_1__EASA_AD_2025_0194_C.pdf,2025-0194,2025-0194,2025-0194,True,4e000da171590732fb6ed277b7cc4c7d9a405494499d3c66283a6571c97c555d,First-page AD header
2025-0195__AD_2025-0195_1__EASA_AD_2025_0195.pdf,2025-0195,2025-0195,2025-0195,True,7b91053b627a2fea0e9b42a1748c37544c8ad037a0b68d221d9e24fa7c3b4a3c,First-page AD header
2025-0197R1__AD_2025-0197R1_1__EASA_AD_2025_0197_R1.pdf,2025-0197R1,2025-0197,2025-0197R1,True,89375a97c8124359610ff44ea08f2d81e5c6b960d41048424500cbf9e9741e3b,First-page AD header
2025-0202__AD_2025-0202_1__EASA_AD_2025_0202.pdf,2025-0202,2025-0202,2025-0202,True,f672e8ea1732edb88fa061ac68894bc1b1bdf63928507157abbf34c60609adfe,First-page AD header
2025-0203__AD_2025-0203_1__EASA_AD_2025_0203.pdf,2025-0203,2025-0203,2025-0203,True,90cab957d6b79074fe67cffca8cd2884288725b836379cfc58f29b163a55ffd4,First-page AD header
2025-0204__AD_2025-0204_1__EASA_AD_2025_0204.pdf,2025-0204,2025-0204,2025-0204,True,6877085ba37411c1e2ad03e818bb4577ebbba657868c516d86a3217000c36911,First-page AD header
2025-0207R1__AD_2025-0207R1_1__EASA_AD_2025_0207_R1.pdf,2025-0207R1,2025-0207,2025-0207R1,True,f31a27a4eeb2cbf0db1c95f552a5fa89ba6bb50fb4870eca21c0d46cdb7e0a0f,First-page AD header
2025-0208__AD_2025-0208_2__EASA_AD_2025_0208.pdf,2025-0208,2025-0208,2025-0208,True,d788bdd265dfcd6314d474706398085007a70b8a505deefd3b862b8d05b48e6d,First-page AD header
2025-0209__AD_2025-0209_1__EASA_AD_2025_0209.pdf,2025-0209,2025-0209,2025-0209,True,1bc22bf49c57fd21b8507d6c57267eeabf4e44cb8e46a2e8bcf3785170fc1c28,First-page AD header
2025-0210__AD_2025-0210_1__EASA_AD_2025_0210.pdf,2025-0210,2025-0210,2025-0210,True,aa95638fb470886c4b0ad36bd4c86dc11744389c591d9737b9f89e86cdc9feae,First-page AD header
2025-0212__AD_2025-0212_1__EASA_AD_2025_0212.pdf,2025-0212,2025-0212,2025-0212,True,6c33c76bf6f6ef897770d685f5499ab4cb3014a7062ff7a8f22b9d05169af972,First-page AD header
2025-0214__AD_2025-0214_2__EASA_AD_2025_0214.pdf,2025-0214,2025-0214,2025-0214,True,3f3256eb63fc649fae2a5ca68b43254c8caeeb2f7da7273f7b09fed48c6eb845,First-page AD header
2025-0216__AD_2025-0216_1__EASA_AD_2025_0216.pdf,2025-0216,2025-0216,2025-0216,True,2078d61a39d1acbd88bf7f608c95c56f17117032f32868fb31cd967d8ffee723,First-page AD header
2025-0219__AD_2025-0219_1__EASA_AD_2025_0219_superseded.pdf,2025-0219,2025-0219,2025-0219,True,4ba94d2e6b35944db7cb679cb69514181cb0d9c558732790a8481a4f1a697590,First-page AD header
2025-0224__AD_2025-0224_1__EASA_AD_2025_0224.pdf,2025-0224,2025-0224,2025-0224,True,5652c9a8499281d6113b44c8e0d256d9a67a40a4f540b56a189ccee50af0f912,First-page AD header
2025-0232__AD_2025-0232_1__EASA_AD_2025_0232.pdf,2025-0232,2025-0232,2025-0232,True,08cefa66a6bd43817fd181c17c426310a8e87e3dea5a2f78ff4c0f9f087e7b4f,First-page AD header
2025-0234__AD_2025-0234_1__EASA_AD__2025_0234_superseded.pdf,2025-0234,2025-0234,2025-0234,True,34ff6429050d5a5785e1efc18c5d9650f44a08c5d664c854d3813566c4f78643,First-page AD header
2025-0236__AD_2025-0236_1__EASA_AD_2025_0236.pdf,2025-0236,2025-0236,2025-0236,True,91998460c42d38612ee883bcf7bdfaf8915033968583e86c7a682768badebf21,First-page AD header
2025-0237R1__AD_2025-0237R1_2__EASA_AD__2025_0237R1_C1.pdf,2025-0237R1,2025-0237,2025-0237R1,True,8cb75050905547f5a51d081ff7f8f2a7c4ef1279dc546e461516df09d8cb084f,First-page AD header
2025-0238__AD_2025-0238_1__EASA_AD_2025_0238_C1.pdf,2025-0238,2025-0238,2025-0238,True,72fe1ea2f88bb6016c60476e2e79c3674bc48bb9fc55ad3c638ebd261c15778a,First-page AD header
2025-0241__AD_2025-0241_1__EASA_AD_2025_0241.pdf,2025-0241,2025-0241,2025-0241,True,c22972a7f3312e62c73372f70377fa1dbaaf4971153db95452276dbc0ad2af6d,First-page AD header
2025-0244__AD_2025-0244_2__EASA_AD_2025_0244.pdf,2025-0244,2025-0244,2025-0244,True,2606201c21857c7b846addc9a81dcdfa47e921283cc1135c7c56ce5007b9e38f,First-page AD header
2025-0247R1__AD_2025-0247R1_1__EASA_AD_2025_0247_R1.pdf,2025-0247R1,2025-0247,2025-0247R1,True,7add72a604b99d1a49519e430ec6dd6a0e0bcd9e713866b0338c33a863ed3e6d,First-page AD header
2025-0248__AD_2025-0248_1__EASA_AD__2025_0248.pdf,2025-0248,2025-0248,2025-0248,True,6ee7ff7470ede27b0e45aa18ffa5b3059ae856aee60456e62430a226d0cca3c4,First-page AD header
2025-0251__AD_2025-0251_1__EASA_AD_2025_0251.pdf,2025-0251,2025-0251,2025-0251,True,71340bba096e8288afd6119ac91fb8b21b386c62e73b626c02651fc38aff1a34,First-page AD header
2025-0252__AD_2025-0252_1__EASA_AD_2025_0252.pdf,2025-0252,2025-0252,2025-0252,True,dd4dfa7e331d089ede0307040b4119ec369be2241147fbc299d6777919544408,First-page AD header
2025-0253__AD_2025-0253_1__EASA_AD_2025_0253_superseded.pdf,2025-0253,2025-0253,2025-0253,True,0696cdacb41c2f67327d56e631961e35377d45187bb8265cacf470585db4aa16,First-page AD header
2025-0254R1__AD_2025-0254R1_1__EASA_AD__2025_0254_R1.pdf,2025-0254R1,2025-0254,2025-0254R1,True,efec17364a771ed63505ab8d4141e803aa5c3a933dfcb278109f1d2941dc3c87,First-page AD header
2025-0255__AD_2025-0255_1__EASA_AD_2025_0255.pdf,2025-0255,2025-0255,2025-0255,True,0caaae9dcd14df1279238c883946a22ac4f52b7c79c6fbe305268f1195528de5,First-page AD header
2025-0256__AD_2025-0256_1__EASA_AD_2025_0256.pdf,2025-0256,2025-0256,2025-0256,True,9ed3a99eaf45586c9833ff54b6b1d5c91a5a6de4f06a993bdafd99bd0b3e7b7c,First-page AD header
2025-0258__AD_2025-0258_1__EASA_AD__2025_0258.pdf,2025-0258,2025-0258,2025-0258,True,1591d7e7fadbdc96bc12d7d8998eaf81dcba8f0036a31018608b6a9f9cc932b8,First-page AD header
2025-0259__AD_2025-0259_1__EASA_AD_2025_0259.pdf,2025-0259,2025-0259,2025-0259,True,1a0a6e8c9c877d9dea8639405f5a6918c6e2edd19ca83298c80bc93e363a153c,First-page AD header
2025-0270__AD_2025-0270_1__EASA_AD_2025_0270.pdf,2025-0270,2025-0270,2025-0270,True,28bf03206059b730570f916067240fe24c0242817042c36076055be95dbe1241,First-page AD header
2025-0272__AD_2025-0272_1__EASA_AD_2025_0272.pdf,2025-0272,2025-0272,2025-0272,True,30c705620e0e3d9b5ce0afbbf8d9b0cc87a57e906e9c6f572d80fe5e1df68240,First-page AD header
2025-0274R1__AD_2025-0274R1_1__EASA_AD_2025_0274R1.pdf,2025-0274R1,2025-0274,2025-0274R1,True,8a6640d6d67503068ba2a12afac49aa2b64710435b8a77f34360064cecb9b878,First-page AD header
2025-0275__AD_2025-0275_2__EASA_AD_2025_0275.pdf,2025-0275,2025-0275,2025-0275,True,9498da65052e0e44a1b0d69286e3eb1016361095d65b0d309f4816671585037f,First-page AD header
2025-0276__AD_2025-0276_2__EASA_AD_2025_0276.pdf,2025-0276,2025-0276,2025-0276,True,585daa66654f60456c95ba62136b4fa2a08df199232f01cf2c652e8ce2278783,First-page AD header
2025-0280__AD_2025-0280_2__EASA_AD_2025_0280.pdf,2025-0280,2025-0280,2025-0280,True,aef09699a3eb5ec680a10859b40fe14d3785cb663502562233349accc27ede15,First-page AD header
2025-0283__AD_2025-0283_1__EASA_AD_2025_0283_C2.pdf,2025-0283,2025-0283,2025-0283,True,fa101bf4528a1f3420f4413cf28115692a1d51824440b399789b22149533b3e7,First-page AD header
2025-0286__AD_2025-0286_1__EASA_AD_2025_0286.pdf,2025-0286,2025-0286,2025-0286,True,3987d35bebb15cab52955b0878572a6350da0dcd1875c05c74d834bac154da9a,First-page AD header
2025-0289__AD_2025-0289_1__EASA_AD_2025_0289.pdf,2025-0289,2025-0289,2025-0289,True,2c05160fa1f260cd52c181f9e456b255386ca89b43d6af4a5ff483fcd9007ff7,First-page AD header
2026-0007__AD_2026-0007_1__EASA_AD_2026_0007.pdf,2026-0007,2026-0007,2026-0007,True,c911db8280731f0cdb8b2fbc8dfd87010e0e34974c74b3acd1a6b0700db08f98,First-page AD header
2026-0014__AD_2026-0014_2__EASA_AD_2026_0014.pdf,2026-0014,2026-0014,2026-0014,True,09abe5bf59f44b1728aa7ad7d4fb6735cc0f9388f0b32a0a98cf07a45bb7ebff,First-page AD header
2026-0017__AD_2026-0017_1__EASA_AD_2026_0017.pdf,2026-0017,2026-0017,2026-0017,True,3c33ddd4bfa6cd6b5684177b707f18c8b6ae538e4f919641146c2230f0b558bb,First-page AD header
2026-0018__AD_2026-0018_2__EASA_AD_2026_0018.pdf,2026-0018,2026-0018,2026-0018,True,3ea3bb1b5a5fe25bd6ed73bceabba901e953de200b4161b45f3ad796eb0829b5,First-page AD header
2026-0025__AD_2026-0025_1__EASA_AD_2026_0025.pdf,2026-0025,2026-0025,2026-0025,True,2d4a36d45ad6ba9b4e5b3f2f5110ae450360940ca74bdd27790f5a05c5b5d8de,First-page AD header
2026-0026__AD_2026-0026_1__EASA_AD_2026_0026.pdf,2026-0026,2026-0026,2026-0026,True,824ae8a3099661d33fdf5f5d8d7d176f0b09fa41cd5e133537b79c858f1de050,First-page AD header
2026-0028__AD_2026-0028_1__EASA_AD_2026_0028.pdf,2026-0028,2026-0028,2026-0028,True,c28e8f40341d59d32122e76dbd21b7eaf57e70ccfdd249a82a07d15a8ce5d523,First-page AD header
2026-0030__AD_2026-0030_1__EASA_AD_2026_0030.pdf,2026-0030,2026-0030,2026-0030,True,f7c6d2f728606a9d0dc588f33c3390a3bb7dc1325074dcfc195f7c1e2d455e18,First-page AD header
2026-0034__AD_2026-0034_1__EASA_AD_2026_0034.pdf,2026-0034,2026-0034,2026-0034,True,df5a8d4ffd3afd84b8f1e464a9c44aa0961bc97c1c46bc3ad67a44b4c93cbc38,First-page AD header
2026-0035__AD_2026-0035_1__EASA_AD_2026_0035.pdf,2026-0035,2026-0035,2026-0035,True,25a997ce024532164109f2bc0077ea19cc04bfc8a42643be2db6d8162a8efdc6,First-page AD header
2026-0036__AD_2026-0036_1__EASA_AD_2026_0036.pdf,2026-0036,2026-0036,2026-0036,True,5edb7250930f85c921e62e3067677159c3ff98c64edb5d131703f53a86468e14,First-page AD header
2026-0037R1__AD_2026-0037R1_1__EASA_AD__2026_0037R1.pdf,2026-0037R1,2026-0037,2026-0037R1,True,3f37f1832811f29361799f0e4a16d31048d8906498ecdc16d0d0925be03a8d84,First-page AD header
2026-0042__AD_2026-0042_1__EASA_AD_2026_0042.pdf,2026-0042,2026-0042,2026-0042,True,d455537d90d750cddaf88d3bfa42ee41c342b06e77ca04563d852f6af18c6a87,First-page AD header
2026-0047__AD_2026-0047_1__EASA_AD_2026_0047.pdf,2026-0047,2026-0047,2026-0047,True,228f3f6646f8b926ad92fe5ef97290895410fb8062dbff53bc26f26328086647,First-page AD header
2026-0055R1__AD_2026-0055R1_1__EASA_AD_2026_0055R1.pdf,2026-0055R1,2026-0055,2026-0055R1,True,0d6cde77d25960b4eed115a38c2a04306f84fee047734810d227e84f1ce08975,First-page AD header
2026-0058__AD_2026-0058_1__EASA_AD_2026_0058.pdf,2026-0058,2026-0058,2026-0058,True,a1a0919456c28e7b59d1de8ea1595852a183d00a27d196daa25fba4c5c1514c9,First-page AD header
2026-0059__AD_2026-0059_2__EASA_AD_2026_0059.pdf,2026-0059,2026-0059,2026-0059,True,a09e54b5277c69ca12f029d3a9f977697618ac46573ce275cf6508b91a50a1eb,First-page AD header
2026-0060R1__AD_2026-0060R1_1__EASA_AD_2026_0060_R1.pdf,2026-0060R1,2026-0060,2026-0060R1,True,519f55283cfe838fe008e220a768564e1642bcb17bb57606be41166f32f16f8c,First-page AD header
2026-0061__AD_2026-0061_1__EASA_AD__2026_0061.pdf,2026-0061,2026-0061,2026-0061,True,d31f69fcd74cf3a38ef3cc19040fcbad0ac4080cea0781c81218379ae1c22eb6,First-page AD header
2026-0062__AD_2026-0062_1__EASA_AD__2026_0062.pdf,2026-0062,2026-0062,2026-0062,True,360fa0f2fe0fca2252e7007e887cd3189dbd4f14ac633c11aa05c05f98c612d4,First-page AD header
2026-0063__AD_2026-0063_2__EASA_AD__2026_0063.pdf,2026-0063,2026-0063,2026-0063,True,5fcac7f32164e4f41e537d223db8e21db45267b8fc4778608ea5b551f52d5689,First-page AD header
2026-0064__AD_2026-0064_1__EASA_AD__2026_0064.pdf,2026-0064,2026-0064,2026-0064,True,2d157083792213213cfee8b65ded52dc470bc8656a84fdb2fb2b9bbc0a287909,First-page AD header
2026-0073__AD_2026-0073_1__EASA_AD_2026_0073_C1.pdf,2026-0073,2026-0073,2026-0073,True,1c1671ac831b5b4f83146f194fa938c9fc35bb29d9f1046c61b482848954aa68,First-page AD header
2026-0074__AD_2026-0074_1__EASA_AD_2026_0074.pdf,2026-0074,2026-0074,2026-0074,True,acaf8eee7ae4b2621f38494d680672a8823cf621154a4c17ebe98edb6391faf9,First-page AD header
2026-0079__AD_2026-0079_1__EASA_AD_2026_0079.pdf,2026-0079,2026-0079,2026-0079,True,ea0fcb565e595384ab29fe539f61ac7c42dc1045e534f57e4753d5a0f390a3df,First-page AD header
2026-0082__AD_2026-0082_1__EASA_AD_2026_0082_C1.pdf,2026-0082,2026-0082,2026-0082,True,2054dc8580dfbc982da1c9c3386aa197dc355fd5493b094c4b8c368fb85c5a88,First-page AD header
2026-0083__AD_2026-0083_2__EASA_AD_2026_0083.pdf,2026-0083,2026-0083,2026-0083,True,fa04154317e676552ee63f185acca1bac28d7ae8e448e01716029ac8f7b37ab5,First-page AD header
2026-0084__AD_2026-0084_1__EASA_AD_2026_0084.pdf,2026-0084,2026-0084,2026-0084,True,e8013d63dbf4459d727c9a667b21991a9b0a6b79a08549dceccb621efd06ae37,First-page AD header
2026-0085__AD_2026-0085_1__EASA_AD_2026_0085.pdf,2026-0085,2026-0085,2026-0085,True,a6ebb1b3ebb1a860709b21505b39b76328657c44c113d441f8918f907f512b95,First-page AD header
2026-0092__AD_2026-0092_1__EASA_AD_2026_0092.pdf,2026-0092,2026-0092,2026-0092,True,6c9bccefbcea8803edf4f6bc3d62b47ee7b9cb83620f39460a7e3bde685f83a7,First-page AD header
2026-0100__AD_2026-0100_1__EASA_AD_2026_0100.pdf,2026-0100,2026-0100,2026-0100,True,406b267c2650d41e3cd7bbcc7d822d5d37f6fc91aa885b7161b16ba60938e8d5,First-page AD header
2026-0114__AD_2026-0114_1__EASA_AD_2026_0114.pdf,2026-0114,2026-0114,2026-0114,True,b07e2c4574b4251200265a30ac1bc20e29d4474c3f0a62285cccf3408a7a174d,First-page AD header
2026-0120__AD_2026-0120_1__EASA_AD_2026_0120.pdf,2026-0120,2026-0120,2026-0120,True,5197f0cbadb377a1b93172c89cf67b8a389bf734fef3819df94f2bb48accf51f,First-page AD header
2026-0122__AD_2026-0122_1__EASA_AD_2026_0122.pdf,2026-0122,2026-0122,2026-0122,True,afde92a0105b95e6c51a0a73a4e35eb34c2588eadef4af918e932376c460c878,First-page AD header
2026-0130__AD_2026-0130_1__EASA_AD_2026_0130.pdf,2026-0130,2026-0130,2026-0130,True,40c36a6675162e8bbb2d90c8a7fdb04c83ece94afe857fa582663c608c555bba,First-page AD header
2026-0133__AD_2026-0133_1__EASA_AD_2026_0133.pdf,2026-0133,2026-0133,2026-0133,True,530537cd5dab44bef8d6ab9afcf79f04391cf72e39c3f7f6c6588508c24c7b1f,First-page AD header
2026-0134__AD_2026-0134_1__EASA_AD_2026_0134.pdf,2026-0134,2026-0134,2026-0134,True,01292e8eb80c930b776c352aaeb23fef9f7dddc8edbc6489ad49d65a03a5696d,First-page AD header
2026-0135__AD_2026-0135_1__EASA_AD_2026_0135.pdf,2026-0135,2026-0135,2026-0135,True,a37a14298fa50997a25e5e81ca00fc88fd0d3bca60b0a9b8022f62a379a119dd,First-page AD header
2026-0136__AD_2026-0136_1__EASA_AD_2026_0136.pdf,2026-0136,2026-0136,2026-0136,True,fcb5abfbb91808fa63559a18d887b406c7786543d585677c189e6d79ebec60b2,First-page AD header
